outlet_id,organization_id,outlet_name,jurisdiction,state_or_market,city_or_scope,website,record_type,ownership_or_governance_form_phase1a,media_format,language_model,community_orientation,geographic_scope,founding_year,founding_status,founder_or_origin_note,parent_or_host_name,parent_resource_relationship,legal_organizational_form,ownership_structure,governing_board_public,board_or_governance_url,public_staff_count,staff_size_band,staff_count_basis,editorial_leadership_public,public_editorial_roles,employment_model_public,revenue_model,revenue_sources_public,annual_revenue_amount,annual_revenue_year,revenue_band,funders_publicly_named,named_funders,funding_source_url,network_memberships,network_membership_status,collaborative_partnerships_public,partnership_note,legal_support_status,legal_support_scope,legal_support_provider,legal_support_source_url,legal_support_disclosure_status,safety_support_status,safety_support_types,safety_policy_public,safety_source_url,editorial_policy_public,corrections_policy_public,ethics_policy_public,privacy_or_source_policy_public,publishing_cadence,platform_presence,platform_dependence_public_signal,platform_monetization_status,monetized_platforms,platform_monetization_model,platform_revenue_dependency,platform_revenue_share_or_amount,platform_revenue_evidence_url,referral_dependency_status,major_referral_sources,owned_audience_channels,owned_audience_strength_public_signal,platform_policy_financial_exposure,documented_demonetization_or_restriction_event,platform_risk_source_url,revenue_concentration_public_signal,grant_dependency_public_signal,government_advertising_dependency_public_signal,major_funding_loss_event_public,financial_security_note,public_contact_available,public_contact_type,editor_or_leader_name_public,editor_or_leader_role_public,recruitment_source_url,primary_enrichment_source_url,secondary_enrichment_source_url,source_type,evidence_date,date_checked,enrichment_confidence,enrichment_notes,enrichment_version
AL004,,Hola Alabama Magazine,Alabama,Alabama,Birmingham / statewide,https://holalatino.com/,hosted_program,unclear,print,bilingual,unclear,statewide,,not_searched,,,not_searched,not_searched,not_searched,not_searched,,,not_searched,not_searched,not_searched,,not_searched,not_searched,,,,not_searched,not_searched,,,,not_searched,not_searched,,not_searched,,,,not_searched,not_searched,,not_searched,,not_searched,not_searched,not_searched,not_searched,not_searched,,not_searched,not_searched,,,not_searched,,,not_searched,,,not_searched,,not_searched,,not_searched,not_searched,not_searched,not_searched,,not_searched,,,,,https://holalatino.com/sales-package/,,,,,not_searched,,phase1b-v1.0
AL003,,Hola Latino Radio,Alabama,Alabama,Birmingham / statewide,https://holalatino.com/,standalone_outlet,unclear,mixed_platform,single_non_english,immigrant_general,statewide,,not_searched,,,not_searched,not_searched,not_searched,not_searched,,,not_searched,not_searched,not_searched,,not_searched,not_searched,,,,not_searched,not_searched,,,,not_searched,not_searched,,not_searched,,,,not_searched,not_searched,,not_searched,,not_searched,not_searched,not_searched,not_searched,not_searched,,not_searched,not_searched,,,not_searched,,,not_searched,,,not_searched,,not_searched,,not_searched,not_searched,not_searched,not_searched,,not_searched,,,,,https://holalatino.com/,,,,,not_searched,,phase1b-v1.0
AL001,,Latino News,Alabama,Alabama,Birmingham / statewide,https://latino-news.com/,standalone_outlet,for_profit_private,print,single_non_english,ethnic_or_racial_community,statewide,,not_searched,,,not_searched,not_searched,not_searched,not_searched,,,not_searched,not_searched,not_searched,,not_searched,not_searched,,,,not_searched,not_searched,,,,not_searched,not_searched,,not_searched,,,,not_searched,not_searched,,not_searched,,not_searched,not_searched,not_searched,not_searched,not_searched,,not_searched,not_searched,,,not_searched,,,not_searched,,,not_searched,,not_searched,,not_searched,not_searched,not_searched,not_searched,,not_searched,,,,,https://latino-news.com/,,,,,not_searched,,phase1b-v1.0
AL002,,LIDER News,Alabama,Alabama,Birmingham / statewide,https://www.lider.fm/,standalone_outlet,for_profit_private,mixed_platform,single_non_english,language_community,statewide,,not_searched,,,not_searched,not_searched,not_searched,not_searched,,,not_searched,not_searched,not_searched,,not_searched,not_searched,,,,not_searched,not_searched,,,,not_searched,not_searched,,not_searched,,,,not_searched,not_searched,,not_searched,,not_searched,not_searched,not_searched,not_searched,not_searched,,not_searched,not_searched,,,not_searched,,,not_searched,,,not_searched,,not_searched,,not_searched,not_searched,not_searched,not_searched,,not_searched,,,,,https://www.lider.fm/,,,,,not_searched,,phase1b-v1.0
AL006,,Vida em Alabama,Alabama,Alabama,Birmingham / statewide,https://holalatino.com/,hosted_program,unclear,unclear,single_non_english,diaspora_national_origin,statewide,,not_searched,,,not_searched,not_searched,not_searched,not_searched,,,not_searched,not_searched,not_searched,,not_searched,not_searched,,,,not_searched,not_searched,,,,not_searched,not_searched,,not_searched,,,,not_searched,not_searched,,not_searched,,not_searched,not_searched,not_searched,not_searched,not_searched,,not_searched,not_searched,,,not_searched,,,not_searched,,,not_searched,,not_searched,,not_searched,not_searched,not_searched,not_searched,,not_searched,,,,,https://holalatino.com/,,,,,not_searched,,phase1b-v1.0
AK003,,Alaska Korean Community News,Alaska,Alaska,Anchorage / statewide,https://knewsak907.com/,shared_operation_distinct_product,unclear,print,single_non_english,diaspora_national_origin,statewide,,not_searched,,,not_searched,not_searched,not_searched,not_searched,,,not_searched,not_searched,not_searched,,not_searched,not_searched,,,,not_searched,not_searched,,,,not_searched,not_searched,,not_searched,,,,not_searched,not_searched,,not_searched,,not_searched,not_searched,not_searched,not_searched,not_searched,,not_searched,not_searched,,,not_searched,,,not_searched,,,not_searched,,not_searched,,not_searched,not_searched,not_searched,not_searched,,not_searched,,,,,https://knewsak907.com/,,,,,not_searched,,phase1b-v1.0
AK002,,Anchorage Korean News,Alaska,Alaska,Anchorage / statewide,https://akn907.com/,shared_operation_distinct_product,unclear,print,bilingual,diaspora_national_origin,statewide,,not_searched,,,not_searched,not_searched,not_searched,not_searched,,,not_searched,not_searched,not_searched,,not_searched,not_searched,,,,not_searched,not_searched,,,,not_searched,not_searched,,not_searched,,,,not_searched,not_searched,,not_searched,,not_searched,not_searched,not_searched,not_searched,not_searched,,not_searched,not_searched,,,not_searched,,,not_searched,,,not_searched,,not_searched,,not_searched,not_searched,not_searched,not_searched,,not_searched,,,,,https://akn907.com/,,,,,not_searched,,phase1b-v1.0
AK001,,Sol de Medianoche,Alaska,Alaska,Anchorage / statewide,https://www.soldemedianochenews.org/,standalone_outlet,unclear,print,bilingual,unclear,statewide,,not_searched,,,not_searched,not_searched,not_searched,not_searched,,,not_searched,not_searched,not_searched,,not_searched,not_searched,,,,not_searched,not_searched,,,,not_searched,not_searched,,not_searched,,,,not_searched,not_searched,,not_searched,,not_searched,not_searched,not_searched,not_searched,not_searched,,not_searched,not_searched,,,not_searched,,,not_searched,,,not_searched,,not_searched,,not_searched,not_searched,not_searched,not_searched,,not_searched,,,,,https://soldemedianochenews.org/en/about-us/,,,,,not_searched,,phase1b-v1.0
AZ011,,Asian Sun Magazine,Arizona,Arizona,Statewide,https://azasianchamber.com/asiansun,standalone_outlet,unclear,print,unclear,unclear,statewide,,not_searched,,,not_searched,not_searched,not_searched,not_searched,,,not_searched,not_searched,not_searched,,not_searched,not_searched,,,,not_searched,not_searched,,,,not_searched,not_searched,,not_searched,,,,not_searched,not_searched,,not_searched,,not_searched,not_searched,not_searched,not_searched,not_searched,,not_searched,not_searched,,,not_searched,,,not_searched,,,not_searched,,not_searched,,not_searched,not_searched,not_searched,not_searched,,not_searched,,,,,https://azasianchamber.com/asiansun,,,,,not_searched,,phase1b-v1.0
AZ007,,AZ Chinese News,Arizona,Arizona,Phoenix,https://asianmedianetwork.com/,standalone_outlet,unclear,unclear,unclear,unclear,neighborhood_or_city,,not_searched,,,not_searched,not_searched,not_searched,not_searched,,,not_searched,not_searched,not_searched,,not_searched,not_searched,,,,not_searched,not_searched,,,,not_searched,not_searched,,not_searched,,,,not_searched,not_searched,,not_searched,,not_searched,not_searched,not_searched,not_searched,not_searched,,not_searched,not_searched,,,not_searched,,,not_searched,,,not_searched,,not_searched,,not_searched,not_searched,not_searched,not_searched,,not_searched,,,,,https://asianmedianetwork.com/about-us/,,,,,not_searched,,phase1b-v1.0
AZ001,,Conecta Arizona,Arizona,Arizona,Phoenix / Arizona-Sonora,https://conectaarizona.com/,standalone_outlet,nonprofit,digital,bilingual,ethnic_or_racial_community,neighborhood_or_city,,not_searched,,,not_searched,not_searched,not_searched,not_searched,,,not_searched,not_searched,not_searched,,not_searched,not_searched,,,,not_searched,not_searched,,,,not_searched,not_searched,,not_searched,,,,not_searched,not_searched,,not_searched,,not_searched,not_searched,not_searched,not_searched,not_searched,,not_searched,not_searched,,,not_searched,,,not_searched,,,not_searched,,not_searched,,not_searched,not_searched,not_searched,not_searched,,not_searched,,,,,https://www.phoenixmag.com/2026/03/01/waiting-for-translation/,,,,,not_searched,,phase1b-v1.0
AZ008,,Filipino American Journal,Arizona,Arizona,Phoenix / statewide,https://asianmedianetwork.com/,standalone_outlet,unclear,unclear,unclear,diaspora_national_origin,transnational_or_diaspora,,not_searched,,,not_searched,not_searched,not_searched,not_searched,,,not_searched,not_searched,not_searched,,not_searched,not_searched,,,,not_searched,not_searched,,,,not_searched,not_searched,,not_searched,,,,not_searched,not_searched,,not_searched,,not_searched,not_searched,not_searched,not_searched,not_searched,,not_searched,not_searched,,,not_searched,,,not_searched,,,not_searched,,not_searched,,not_searched,not_searched,not_searched,not_searched,,not_searched,,,,,https://asianmedianetwork.com/about-us/,,,,,not_searched,,phase1b-v1.0
AZ003,,La Voz Arizona,Arizona,Arizona,Phoenix / statewide,https://www.azcentral.com/la-voz/,hosted_language_product,unclear,unclear,language_specific_product_within_host,ethnic_or_racial_community,statewide,,not_searched,,,not_searched,not_searched,not_searched,not_searched,,,not_searched,not_searched,not_searched,,not_searched,not_searched,,,,not_searched,not_searched,,,,not_searched,not_searched,,not_searched,,,,not_searched,not_searched,,not_searched,,not_searched,not_searched,not_searched,not_searched,not_searched,,not_searched,not_searched,,,not_searched,,,not_searched,,,not_searched,,not_searched,,not_searched,not_searched,not_searched,not_searched,,not_searched,,,,,https://www.phoenixmag.com/2026/03/01/waiting-for-translation/,,,,,not_searched,,phase1b-v1.0
AZ006,,Next Weekly,Arizona,Arizona,Phoenix / statewide,https://www.nextweeklyaz.com/,standalone_outlet,unclear,print,single_non_english,diaspora_national_origin,transnational_or_diaspora,,not_searched,,,not_searched,not_searched,not_searched,not_searched,,,not_searched,not_searched,not_searched,,not_searched,not_searched,,,,not_searched,not_searched,,,,not_searched,not_searched,,not_searched,,,,not_searched,not_searched,,not_searched,,not_searched,not_searched,not_searched,not_searched,not_searched,,not_searched,not_searched,,,not_searched,,,not_searched,,,not_searched,,not_searched,,not_searched,not_searched,not_searched,not_searched,,not_searched,,,,,https://www.nextweeklyaz.com/about,,,,,not_searched,,phase1b-v1.0
AZ002,,Prensa Arizona,Arizona,Arizona,Phoenix / statewide,https://prensaarizona.com/,standalone_outlet,unclear,print,single_non_english,language_community,statewide,,not_searched,,,not_searched,not_searched,not_searched,not_searched,,,not_searched,not_searched,not_searched,,not_searched,not_searched,,,,not_searched,not_searched,,,,not_searched,not_searched,,not_searched,,,,not_searched,not_searched,,not_searched,,not_searched,not_searched,not_searched,not_searched,not_searched,,not_searched,not_searched,,,not_searched,,,not_searched,,,not_searched,,not_searched,,not_searched,not_searched,not_searched,not_searched,,not_searched,,,,,https://www.phoenixmag.com/2026/03/01/waiting-for-translation/,,,,,not_searched,,phase1b-v1.0
AZ009,,Saigon Nho / Little Saigon Magazine Arizona,Arizona,Arizona,Phoenix,https://asianmedianetwork.com/,standalone_outlet,unclear,print,single_non_english,diaspora_national_origin,neighborhood_or_city,,not_searched,,,not_searched,not_searched,not_searched,not_searched,,,not_searched,not_searched,not_searched,,not_searched,not_searched,,,,not_searched,not_searched,,,,not_searched,not_searched,,not_searched,,,,not_searched,not_searched,,not_searched,,not_searched,not_searched,not_searched,not_searched,not_searched,,not_searched,not_searched,,,not_searched,,,not_searched,,,not_searched,,not_searched,,not_searched,not_searched,not_searched,not_searched,,not_searched,,,,,https://asianmedianetwork.com/about-us/,,,,,not_searched,,phase1b-v1.0
AZ004,,Telemundo Arizona,Arizona,Arizona,Phoenix / Tucson / statewide,https://www.telemundoarizona.com/,network_affiliate_or_local_station,community_or_civic_organization_based,mixed_platform,single_non_english,language_community,statewide,,not_searched,,,not_searched,not_searched,not_searched,not_searched,,,not_searched,not_searched,not_searched,,not_searched,not_searched,,,,not_searched,not_searched,,,,not_searched,not_searched,,not_searched,,,,not_searched,not_searched,,not_searched,,not_searched,not_searched,not_searched,not_searched,not_searched,,not_searched,not_searched,,,not_searched,,,not_searched,,,not_searched,,not_searched,,not_searched,not_searched,not_searched,not_searched,,not_searched,,,,,https://www.phoenixmag.com/2026/03/01/waiting-for-translation/,,,,,not_searched,,phase1b-v1.0
AZ005,,Univision Arizona,Arizona,Arizona,Phoenix / Tucson,https://www.univision.com/local/arizona-ktvw,network_affiliate_or_local_station,unclear,television,single_non_english,language_community,neighborhood_or_city,,not_searched,,,not_searched,not_searched,not_searched,not_searched,,,not_searched,not_searched,not_searched,,not_searched,not_searched,,,,not_searched,not_searched,,,,not_searched,not_searched,,not_searched,,,,not_searched,not_searched,,not_searched,,not_searched,not_searched,not_searched,not_searched,not_searched,,not_searched,not_searched,,,not_searched,,,not_searched,,,not_searched,,not_searched,,not_searched,not_searched,not_searched,not_searched,,not_searched,,,,,https://www.univision.com/local/arizona-ktvw,,,,,not_searched,,phase1b-v1.0
AR001,,Arkansas GRITA,Arkansas,Arkansas,Northwest Arkansas / statewide expansion,https://arkansasgrita.com/,standalone_outlet,nonprofit,unclear,unclear,mixed_orientation,statewide,,not_searched,,,not_searched,not_searched,not_searched,not_searched,,,not_searched,not_searched,not_searched,,not_searched,not_searched,,,,not_searched,not_searched,,,,not_searched,not_searched,,not_searched,,,,not_searched,not_searched,,not_searched,,not_searched,not_searched,not_searched,not_searched,not_searched,,not_searched,not_searched,,,not_searched,,,not_searched,,,not_searched,,not_searched,,not_searched,not_searched,not_searched,not_searched,,not_searched,,,,,https://arkansasgrita.com/about/,,,,,not_searched,,phase1b-v1.0
AR002,,Chikin Melele News,Arkansas,Arkansas,Springdale / U.S. Marshallese diaspora,https://chikinmelele.com/,standalone_outlet,unclear,print,multilingual,diaspora_national_origin,transnational_or_diaspora,,not_searched,,,not_searched,not_searched,not_searched,not_searched,,,not_searched,not_searched,not_searched,,not_searched,not_searched,,,,not_searched,not_searched,,,,not_searched,not_searched,,not_searched,,,,not_searched,not_searched,,not_searched,,not_searched,not_searched,not_searched,not_searched,not_searched,,not_searched,not_searched,,,not_searched,,,not_searched,,,not_searched,,not_searched,,not_searched,not_searched,not_searched,not_searched,,not_searched,,,,,https://chikinmelele.com/celebrating-5-years-of-chikin-melele-news/,,,,,not_searched,,phase1b-v1.0
AR003,,La Prensa Libre AR,Arkansas,Arkansas,Northwest Arkansas / River Valley / Southwest Missouri,,standalone_outlet,for_profit_private,print,single_non_english,language_community,unclear,,not_searched,,,not_searched,not_searched,not_searched,not_searched,,,not_searched,not_searched,not_searched,,not_searched,not_searched,,,,not_searched,not_searched,,,,not_searched,not_searched,,not_searched,,,,not_searched,not_searched,,not_searched,,not_searched,not_searched,not_searched,not_searched,not_searched,,not_searched,not_searched,,,not_searched,,,not_searched,,,not_searched,,not_searched,,not_searched,not_searched,not_searched,not_searched,,not_searched,,,,,https://www.wholehogsportsnetwork.com/,,,,,not_searched,,phase1b-v1.0
AR004,,Telemundo Arkansas,Arkansas,Arkansas,Statewide,https://telemundoarkansas.com/,standalone_outlet,unclear,mixed_platform,single_non_english,language_community,statewide,,not_searched,,,not_searched,not_searched,not_searched,not_searched,,,not_searched,not_searched,not_searched,,not_searched,not_searched,,,,not_searched,not_searched,,,,not_searched,not_searched,,not_searched,,,,not_searched,not_searched,,not_searched,,not_searched,not_searched,not_searched,not_searched,not_searched,,not_searched,not_searched,,,not_searched,,,not_searched,,,not_searched,,not_searched,,not_searched,not_searched,not_searched,not_searched,,not_searched,,,,,https://telemundoarkansas.com/,,,,,not_searched,,phase1b-v1.0
CA026,,Al Enteshar Newspaper,California,California,Los Angeles / Southern California,https://alentesharnewspaper.com/,standalone_outlet,unclear,print,bilingual,diaspora_national_origin,neighborhood_or_city,,not_searched,,,not_searched,not_searched,not_searched,not_searched,,,not_searched,not_searched,not_searched,,not_searched,not_searched,,,,not_searched,not_searched,,,,not_searched,not_searched,,not_searched,,,,not_searched,not_searched,,not_searched,,not_searched,not_searched,not_searched,not_searched,not_searched,,not_searched,not_searched,,,not_searched,,,not_searched,,,not_searched,,not_searched,,not_searched,not_searched,not_searched,not_searched,,not_searched,,,,,https://alentesharnewspaper.com/about/,,,,,not_searched,,phase1b-v1.0
CA008,,Asian Journal,California,California,Los Angeles / California,https://asianjournal.com/,standalone_outlet,unclear,print,unclear,diaspora_national_origin,neighborhood_or_city,,not_searched,,,not_searched,not_searched,not_searched,not_searched,,,not_searched,not_searched,not_searched,,not_searched,not_searched,,,,not_searched,not_searched,,,,not_searched,not_searched,,not_searched,,,,not_searched,not_searched,,not_searched,,not_searched,not_searched,not_searched,not_searched,not_searched,,not_searched,not_searched,,,not_searched,,,not_searched,,,not_searched,,not_searched,,not_searched,not_searched,not_searched,not_searched,,not_searched,,,,,https://asianjournal.com/,,,,,not_searched,,phase1b-v1.0
CA017,,ChicoSol News,California,California,Chico,https://chicosol.org/,standalone_outlet,fiscally_sponsored,unclear,unclear,multicultural_multiethnic,neighborhood_or_city,,not_searched,,,not_searched,not_searched,not_searched,not_searched,,,not_searched,not_searched,not_searched,,not_searched,not_searched,,,,not_searched,not_searched,,,,not_searched,not_searched,,not_searched,,,,not_searched,not_searched,,not_searched,,not_searched,not_searched,not_searched,not_searched,not_searched,,not_searched,not_searched,,,not_searched,,,not_searched,,,not_searched,,not_searched,,not_searched,not_searched,not_searched,not_searched,,not_searched,,,,,https://chicosol.org/about/,,,,,not_searched,,phase1b-v1.0
CA030,,Crossings TV,California,California,Sacramento / multi-market California,https://www.crossingstv.com/,standalone_outlet,unclear,television,multilingual,unclear,unclear,,not_searched,,,not_searched,not_searched,not_searched,not_searched,,,not_searched,not_searched,not_searched,,not_searched,not_searched,,,,not_searched,not_searched,,,,not_searched,not_searched,,not_searched,,,,not_searched,not_searched,,not_searched,,not_searched,not_searched,not_searched,not_searched,not_searched,,not_searched,not_searched,,,not_searched,,,not_searched,,,not_searched,,not_searched,,not_searched,not_searched,not_searched,not_searched,,not_searched,,,,,https://www.crossingstv.com/about-us/,,,,,not_searched,,phase1b-v1.0
CA025,,El Informador del Valle,California,California,Indio / Coachella Valley,https://www.elinformadordelvalle.com/,standalone_outlet,unclear,print,single_non_english,ethnic_or_racial_community,neighborhood_or_city,,not_searched,,,not_searched,not_searched,not_searched,not_searched,,,not_searched,not_searched,not_searched,,not_searched,not_searched,,,,not_searched,not_searched,,,,not_searched,not_searched,,not_searched,,,,not_searched,not_searched,,not_searched,,not_searched,not_searched,not_searched,not_searched,not_searched,,not_searched,not_searched,,,not_searched,,,not_searched,,,not_searched,,not_searched,,not_searched,not_searched,not_searched,not_searched,,not_searched,,,,,https://www.elinformadordelvalle.com/,,,,,not_searched,,phase1b-v1.0
CA014,,El Latino San Diego,California,California,San Diego,https://ellatinoonline.com/,standalone_outlet,unclear,unclear,unclear,ethnic_or_racial_community,neighborhood_or_city,,not_searched,,,not_searched,not_searched,not_searched,not_searched,,,not_searched,not_searched,not_searched,,not_searched,not_searched,,,,not_searched,not_searched,,,,not_searched,not_searched,,not_searched,,,,not_searched,not_searched,,not_searched,,not_searched,not_searched,not_searched,not_searched,not_searched,,not_searched,not_searched,,,not_searched,,,not_searched,,,not_searched,,not_searched,,not_searched,not_searched,not_searched,not_searched,,not_searched,,,,,https://ellatinoonline.com/about-fanny-miller/,,,,,not_searched,,phase1b-v1.0
CA012,,El Observador,California,California,San Jose / Bay Area,https://el-observador.com/,standalone_outlet,for_profit_private,print,bilingual,ethnic_or_racial_community,neighborhood_or_city,,not_searched,,,not_searched,not_searched,not_searched,not_searched,,,not_searched,not_searched,not_searched,,not_searched,not_searched,,,,not_searched,not_searched,,,,not_searched,not_searched,,not_searched,,,,not_searched,not_searched,,not_searched,,not_searched,not_searched,not_searched,not_searched,not_searched,,not_searched,not_searched,,,not_searched,,,not_searched,,,not_searched,,not_searched,,not_searched,not_searched,not_searched,not_searched,,not_searched,,,,,https://el-observador.com/about-us/,,,,,not_searched,,phase1b-v1.0
CA024,,El Popular,California,California,Bakersfield / Kern County,https://elpopularnews.com/,standalone_outlet,for_profit_private,print,bilingual,unclear,neighborhood_or_city,,not_searched,,,not_searched,not_searched,not_searched,not_searched,,,not_searched,not_searched,not_searched,,not_searched,not_searched,,,,not_searched,not_searched,,,,not_searched,not_searched,,not_searched,,,,not_searched,not_searched,,not_searched,,not_searched,not_searched,not_searched,not_searched,not_searched,,not_searched,not_searched,,,not_searched,,,not_searched,,,not_searched,,not_searched,,not_searched,not_searched,not_searched,not_searched,,not_searched,,,,,https://elpopularnews.com/sobre-nosotros/,,,,,not_searched,,phase1b-v1.0
CA002,,El Tecolote,California,California,San Francisco,https://eltecolote.org/,standalone_outlet,nonprofit,print,bilingual,ethnic_or_racial_community,neighborhood_or_city,,not_searched,,,not_searched,not_searched,not_searched,not_searched,,,not_searched,not_searched,not_searched,,not_searched,not_searched,,,,not_searched,not_searched,,,,not_searched,not_searched,,not_searched,,,,not_searched,not_searched,,not_searched,,not_searched,not_searched,not_searched,not_searched,not_searched,,not_searched,not_searched,,,not_searched,,,not_searched,,,not_searched,,not_searched,,not_searched,not_searched,not_searched,not_searched,,not_searched,,,,,https://eltecolote.org/content/en/about/,,,,,not_searched,,phase1b-v1.0
CA001,,El Tímpano,California,California,Oakland / Bay Area,https://www.eltimpano.org/,standalone_outlet,community_or_civic_organization_based,unclear,unclear,immigrant_general,neighborhood_or_city,,not_searched,,,not_searched,not_searched,not_searched,not_searched,,,not_searched,not_searched,not_searched,,not_searched,not_searched,,,,not_searched,not_searched,,,,not_searched,not_searched,,not_searched,,,,not_searched,not_searched,,not_searched,,not_searched,not_searched,not_searched,not_searched,not_searched,,not_searched,not_searched,,,not_searched,,,not_searched,,,not_searched,,not_searched,,not_searched,not_searched,not_searched,not_searched,,not_searched,,,,,https://www.eltimpano.org/mission-story/,,,,,not_searched,,phase1b-v1.0
CA003,,India Currents,California,California,Bay Area,https://indiacurrents.com/,standalone_outlet,nonprofit,digital,unclear,diaspora_national_origin,transnational_or_diaspora,,not_searched,,,not_searched,not_searched,not_searched,not_searched,,,not_searched,not_searched,not_searched,,not_searched,not_searched,,,,not_searched,not_searched,,,,not_searched,not_searched,,not_searched,,,,not_searched,not_searched,,not_searched,,not_searched,not_searched,not_searched,not_searched,not_searched,,not_searched,not_searched,,,not_searched,,,not_searched,,,not_searched,,not_searched,,not_searched,not_searched,not_searched,not_searched,,not_searched,,,,,https://indiacurrents.com/about-us/,,,,,not_searched,,phase1b-v1.0
CA019,,KBBF 89.1 FM,California,California,Santa Rosa / North Bay,https://kbbf.org/,standalone_outlet,nonprofit,radio,multilingual,unclear,neighborhood_or_city,,not_searched,,,not_searched,not_searched,not_searched,not_searched,,,not_searched,not_searched,not_searched,,not_searched,not_searched,,,,not_searched,not_searched,,,,not_searched,not_searched,,not_searched,,,,not_searched,not_searched,,not_searched,,not_searched,not_searched,not_searched,not_searched,not_searched,,not_searched,not_searched,,,not_searched,,,not_searched,,,not_searched,,not_searched,,not_searched,not_searched,not_searched,not_searched,,not_searched,,,,,https://kbbf.org/about/,,,,,not_searched,,phase1b-v1.0
CA010,,Korea Daily / JoongAng Ilbo LA,California,California,Los Angeles,https://www.koreadaily.com/,standalone_outlet,unclear,print,unclear,diaspora_national_origin,multistate_or_regional,,not_searched,,,not_searched,not_searched,not_searched,not_searched,,,not_searched,not_searched,not_searched,,not_searched,not_searched,,,,not_searched,not_searched,,,,not_searched,not_searched,,not_searched,,,,not_searched,not_searched,,not_searched,,not_searched,not_searched,not_searched,not_searched,not_searched,,not_searched,not_searched,,,not_searched,,,not_searched,,,not_searched,,not_searched,,not_searched,not_searched,not_searched,not_searched,,not_searched,,,,,https://en.koreadaily.com/about/,,,,,not_searched,,phase1b-v1.0
CA021,,La Nueva Voz,California,California,Pomona,https://www.lanuevavoz.net/,standalone_outlet,unclear,print,bilingual,immigrant_general,neighborhood_or_city,,not_searched,,,not_searched,not_searched,not_searched,not_searched,,,not_searched,not_searched,not_searched,,not_searched,not_searched,,,,not_searched,not_searched,,,,not_searched,not_searched,,not_searched,,,,not_searched,not_searched,,not_searched,,not_searched,not_searched,not_searched,not_searched,not_searched,,not_searched,not_searched,,,not_searched,,,not_searched,,,not_searched,,not_searched,,not_searched,not_searched,not_searched,not_searched,,not_searched,,,,,https://www.lanuevavoz.net/about.html,,,,,not_searched,,phase1b-v1.0
CA013,,La Opinión,California,California,Los Angeles,https://laopinion.com/,standalone_outlet,unclear,unclear,single_non_english,language_community,neighborhood_or_city,,not_searched,,,not_searched,not_searched,not_searched,not_searched,,,not_searched,not_searched,not_searched,,not_searched,not_searched,,,,not_searched,not_searched,,,,not_searched,not_searched,,not_searched,,,,not_searched,not_searched,,not_searched,,not_searched,not_searched,not_searched,not_searched,not_searched,,not_searched,not_searched,,,not_searched,,,not_searched,,,not_searched,,not_searched,,not_searched,not_searched,not_searched,not_searched,,not_searched,,,,,https://laopinion.com/about-us/,,,,,not_searched,,phase1b-v1.0
CA006,,Nguoi Viet Daily News,California,California,Westminster / Garden Grove,https://www.nguoi-viet.com/,standalone_outlet,unclear,print,single_non_english,diaspora_national_origin,neighborhood_or_city,,not_searched,,,not_searched,not_searched,not_searched,not_searched,,,not_searched,not_searched,not_searched,,not_searched,not_searched,,,,not_searched,not_searched,,,,not_searched,not_searched,,not_searched,,,,not_searched,not_searched,,not_searched,,not_searched,not_searched,not_searched,not_searched,not_searched,,not_searched,not_searched,,,not_searched,,,not_searched,,,not_searched,,not_searched,,not_searched,not_searched,not_searched,not_searched,,not_searched,,,,,https://ocvote.gov/vi/community/election-official-partnership/community-contact-list,,,,,not_searched,,phase1b-v1.0
CA004,,Nichi Bei News,California,California,San Francisco,https://www.nichibei.org/,standalone_outlet,nonprofit,print,unclear,diaspora_national_origin,neighborhood_or_city,,not_searched,,,not_searched,not_searched,not_searched,not_searched,,,not_searched,not_searched,not_searched,,not_searched,not_searched,,,,not_searched,not_searched,,,,not_searched,not_searched,,not_searched,,,,not_searched,not_searched,,not_searched,,not_searched,not_searched,not_searched,not_searched,not_searched,,not_searched,not_searched,,,not_searched,,,not_searched,,,not_searched,,not_searched,,not_searched,not_searched,not_searched,not_searched,,not_searched,,,,,https://www.nichibei.org/about/,,,,,not_searched,,phase1b-v1.0
CA015,,Peninsula 360 Press,California,California,Redwood City / San Mateo County,https://peninsula360press.com/,standalone_outlet,unclear,unclear,multilingual,immigrant_general,neighborhood_or_city,,not_searched,,,not_searched,not_searched,not_searched,not_searched,,,not_searched,not_searched,not_searched,,not_searched,not_searched,,,,not_searched,not_searched,,,,not_searched,not_searched,,not_searched,,,,not_searched,not_searched,,not_searched,,not_searched,not_searched,not_searched,not_searched,not_searched,,not_searched,not_searched,,,not_searched,,,not_searched,,,not_searched,,not_searched,,not_searched,not_searched,not_searched,not_searched,,not_searched,,,,,https://peninsula360press.com/en/we/,,,,,not_searched,,phase1b-v1.0
CA018,,Radio Bilingüe,California,California,Fresno / statewide network,https://radiobilingue.org/,standalone_outlet,mixed_or_hybrid,radio,single_non_english,language_community,statewide,,not_searched,,,not_searched,not_searched,not_searched,not_searched,,,not_searched,not_searched,not_searched,,not_searched,not_searched,,,,not_searched,not_searched,,,,not_searched,not_searched,,not_searched,,,,not_searched,not_searched,,not_searched,,not_searched,not_searched,not_searched,not_searched,not_searched,,not_searched,not_searched,,,not_searched,,,not_searched,,,not_searched,,not_searched,,not_searched,not_searched,not_searched,not_searched,,not_searched,,,,,https://radiobilingue.org/en/about-us,,,,,not_searched,,phase1b-v1.0
CA020,,Radio Indígena,California,California,Oxnard,https://mixteco.org/radio-indigena/,standalone_outlet,nonprofit,radio,unclear,mixed_orientation,neighborhood_or_city,,not_searched,,,not_searched,not_searched,not_searched,not_searched,,,not_searched,not_searched,not_searched,,not_searched,not_searched,,,,not_searched,not_searched,,,,not_searched,not_searched,,not_searched,,,,not_searched,not_searched,,not_searched,,not_searched,not_searched,not_searched,not_searched,not_searched,,not_searched,not_searched,,,not_searched,,,not_searched,,,not_searched,,not_searched,,not_searched,not_searched,not_searched,not_searched,,not_searched,,,,,https://mixteco.org/radio-indigena/,,,,,not_searched,,phase1b-v1.0
CA005,,Rafu Shimpo,California,California,Los Angeles,https://rafu.com/,standalone_outlet,unclear,print,bilingual,unclear,neighborhood_or_city,,not_searched,,,not_searched,not_searched,not_searched,not_searched,,,not_searched,not_searched,not_searched,,not_searched,not_searched,,,,not_searched,not_searched,,,,not_searched,not_searched,,not_searched,,,,not_searched,not_searched,,not_searched,,not_searched,not_searched,not_searched,not_searched,not_searched,,not_searched,not_searched,,,not_searched,,,not_searched,,,not_searched,,not_searched,,not_searched,not_searched,not_searched,not_searched,,not_searched,,,,,https://rafu.com/about/,,,,,not_searched,,phase1b-v1.0
CA023,,San Fernando Valley Sun / El Sol,California,California,San Fernando Valley,https://sanfernandosun.com/,standalone_outlet,unclear,print,bilingual,unclear,neighborhood_or_city,,not_searched,,,not_searched,not_searched,not_searched,not_searched,,,not_searched,not_searched,not_searched,,not_searched,not_searched,,,,not_searched,not_searched,,,,not_searched,not_searched,,not_searched,,,,not_searched,not_searched,,not_searched,,not_searched,not_searched,not_searched,not_searched,not_searched,,not_searched,not_searched,,,not_searched,,,not_searched,,,not_searched,,not_searched,,not_searched,not_searched,not_searched,not_searched,,not_searched,,,,,https://sanfernandosun.com/about-us/,,,,,not_searched,,phase1b-v1.0
CA009,,The Korea Times Los Angeles,California,California,Los Angeles,https://www.koreatimes.com/,standalone_outlet,unclear,print,single_non_english,language_community,neighborhood_or_city,,not_searched,,,not_searched,not_searched,not_searched,not_searched,,,not_searched,not_searched,not_searched,,not_searched,not_searched,,,,not_searched,not_searched,,,,not_searched,not_searched,,not_searched,,,,not_searched,not_searched,,not_searched,,not_searched,not_searched,not_searched,not_searched,not_searched,,not_searched,not_searched,,,not_searched,,,not_searched,,,not_searched,,not_searched,,not_searched,not_searched,not_searched,not_searched,,not_searched,,,,,https://epaper.koreatimes.com/,,,,,not_searched,,phase1b-v1.0
CA007,,Viet Bao Daily News,California,California,Westminster / Garden Grove,https://vietbao.com/,standalone_outlet,unclear,print,single_non_english,language_community,neighborhood_or_city,,not_searched,,,not_searched,not_searched,not_searched,not_searched,,,not_searched,not_searched,not_searched,,not_searched,not_searched,,,,not_searched,not_searched,,,,not_searched,not_searched,,not_searched,,,,not_searched,not_searched,,not_searched,,not_searched,not_searched,not_searched,not_searched,not_searched,,not_searched,not_searched,,,not_searched,,,not_searched,,,not_searched,,not_searched,,not_searched,not_searched,not_searched,not_searched,,not_searched,,,,,https://ocvote.gov/vi/community/election-official-partnership/community-contact-list,,,,,not_searched,,phase1b-v1.0
CA011,,World Journal California,California,California,Los Angeles / Bay Area,https://www.worldjournal.com/,standalone_outlet,unclear,unclear,single_non_english,language_community,neighborhood_or_city,,not_searched,,,not_searched,not_searched,not_searched,not_searched,,,not_searched,not_searched,not_searched,,not_searched,not_searched,,,,not_searched,not_searched,,,,not_searched,not_searched,,not_searched,,,,not_searched,not_searched,,not_searched,,not_searched,not_searched,not_searched,not_searched,not_searched,,not_searched,not_searched,,,not_searched,,,not_searched,,,not_searched,,not_searched,,not_searched,not_searched,not_searched,not_searched,,not_searched,,,,,https://www.worldjournal.net/%E6%B4%9B%E6%9D%89%E7%A3%AF%E4%B8%96%E7%95%8C%E6%97%A5%E5%A0%B1/,,,,,not_searched,,phase1b-v1.0
CO006,,Asian Avenue Magazine,Colorado,Colorado,Denver / statewide,https://www.asianavemag.com/,standalone_outlet,unclear,print,unclear,ethnic_or_racial_community,statewide,,not_searched,,,not_searched,not_searched,not_searched,not_searched,,,not_searched,not_searched,not_searched,,not_searched,not_searched,,,,not_searched,not_searched,,,,not_searched,not_searched,,not_searched,,,,not_searched,not_searched,,not_searched,,not_searched,not_searched,not_searched,not_searched,not_searched,,not_searched,not_searched,,,not_searched,,,not_searched,,,not_searched,,not_searched,,not_searched,not_searched,not_searched,not_searched,,not_searched,,,,,https://www.asianavemag.com/about,,,,,not_searched,,phase1b-v1.0
CO005,,Colorado Chinese News,Colorado,Colorado,Denver,https://kzhb.us/,standalone_outlet,unclear,print,single_non_english,diaspora_national_origin,transnational_or_diaspora,,not_searched,,,not_searched,not_searched,not_searched,not_searched,,,not_searched,not_searched,not_searched,,not_searched,not_searched,,,,not_searched,not_searched,,,,not_searched,not_searched,,not_searched,,,,not_searched,not_searched,,not_searched,,not_searched,not_searched,not_searched,not_searched,not_searched,,not_searched,not_searched,,,not_searched,,,not_searched,,,not_searched,,not_searched,,not_searched,not_searched,not_searched,not_searched,,not_searched,,,,,https://www.denverlibrary.org/colorado-newspaper-resources,,,,,not_searched,,phase1b-v1.0
CO003,,El Comercio de Colorado,Colorado,Colorado,Denver / Aurora / statewide,https://elcomerciodecolorado.com/,standalone_outlet,unclear,print,bilingual,immigrant_general,statewide,,not_searched,,,not_searched,not_searched,not_searched,not_searched,,,not_searched,not_searched,not_searched,,not_searched,not_searched,,,,not_searched,not_searched,,,,not_searched,not_searched,,not_searched,,,,not_searched,not_searched,,not_searched,,not_searched,not_searched,not_searched,not_searched,not_searched,,not_searched,not_searched,,,not_searched,,,not_searched,,,not_searched,,not_searched,,not_searched,not_searched,not_searched,not_searched,,not_searched,,,,,https://elcomerciodecolorado.com/renovacion-y-compromiso/,,,,,not_searched,,phase1b-v1.0
CO004,,El Semanario / The Weekly Issue,Colorado,Colorado,Denver / statewide,https://www.elsemanarioonline.com/,standalone_outlet,unclear,digital,bilingual,ethnic_or_racial_community,statewide,,not_searched,,,not_searched,not_searched,not_searched,not_searched,,,not_searched,not_searched,not_searched,,not_searched,not_searched,,,,not_searched,not_searched,,,,not_searched,not_searched,,not_searched,,,,not_searched,not_searched,,not_searched,,not_searched,not_searched,not_searched,not_searched,not_searched,,not_searched,not_searched,,,not_searched,,,not_searched,,,not_searched,,not_searched,,not_searched,not_searched,not_searched,not_searched,,not_searched,,,,,https://www.elsemanarioonline.com/,,,,,not_searched,,phase1b-v1.0
CO002,,La Prensa de Colorado,Colorado,Colorado,Denver metro / Northern Colorado / Colorado Springs,https://laprensadecolorado.com/,standalone_outlet,unclear,print,single_non_english,ethnic_or_racial_community,metro,,not_searched,,,not_searched,not_searched,not_searched,not_searched,,,not_searched,not_searched,not_searched,,not_searched,not_searched,,,,not_searched,not_searched,,,,not_searched,not_searched,,not_searched,,,,not_searched,not_searched,,not_searched,,not_searched,not_searched,not_searched,not_searched,not_searched,,not_searched,not_searched,,,not_searched,,,not_searched,,,not_searched,,not_searched,,not_searched,not_searched,not_searched,not_searched,,not_searched,,,,,https://laprensadecolorado.com/quienes-somos-who-are-we/,,,,,not_searched,,phase1b-v1.0
CO001,,La Voz Colorado,Colorado,Colorado,Denver / statewide,https://lavozcolorado.com/,standalone_outlet,unclear,print,bilingual,ethnic_or_racial_community,statewide,,not_searched,,,not_searched,not_searched,not_searched,not_searched,,,not_searched,not_searched,not_searched,,not_searched,not_searched,,,,not_searched,not_searched,,,,not_searched,not_searched,,not_searched,,,,not_searched,not_searched,,not_searched,,not_searched,not_searched,not_searched,not_searched,not_searched,,not_searched,not_searched,,,not_searched,,,not_searched,,,not_searched,,not_searched,,not_searched,not_searched,not_searched,not_searched,,not_searched,,,,,https://lavozcolorado.com/2024/01/17/lavozcolorado-has-a-permanent-home-at-the-denver-public-library/,,,,,not_searched,,phase1b-v1.0
CO007,,Telemundo Colorado / KDEN,Colorado,Colorado,Denver metro / statewide,https://www.telemundodenver.com/,network_affiliate_or_local_station,unclear,television,single_non_english,language_community,statewide,,not_searched,,,not_searched,not_searched,not_searched,not_searched,,,not_searched,not_searched,not_searched,,not_searched,not_searched,,,,not_searched,not_searched,,,,not_searched,not_searched,,not_searched,,,,not_searched,not_searched,,not_searched,,not_searched,not_searched,not_searched,not_searched,not_searched,,not_searched,not_searched,,,not_searched,,,not_searched,,,not_searched,,not_searched,,not_searched,not_searched,not_searched,not_searched,,not_searched,,,,,https://www.telemundodenver.com/noticias/local/quienes-somos-conoce-a-telemundo-colorado-sobre-nosotros/2430933/,,,,,not_searched,,phase1b-v1.0
CT004,,ConnecticutLatino.com,Connecticut,Connecticut,Statewide,https://www.connecticutlatino.com/,standalone_outlet,unclear,unclear,single_non_english,ethnic_or_racial_community,statewide,,not_searched,,,not_searched,not_searched,not_searched,not_searched,,,not_searched,not_searched,not_searched,,not_searched,not_searched,,,,not_searched,not_searched,,,,not_searched,not_searched,,not_searched,,,,not_searched,not_searched,,not_searched,,not_searched,not_searched,not_searched,not_searched,not_searched,,not_searched,not_searched,,,not_searched,,,not_searched,,,not_searched,,not_searched,,not_searched,not_searched,not_searched,not_searched,,not_searched,,,,,https://www.connecticutlatino.com/,,,,,not_searched,,phase1b-v1.0
CT003,,CT Mirror en Español,Connecticut,Connecticut,Statewide,https://ctmirror.org/espanol/,hosted_language_product,nonprofit,unclear,language_specific_product_within_host,ethnic_or_racial_community,statewide,,not_searched,,,not_searched,not_searched,not_searched,not_searched,,,not_searched,not_searched,not_searched,,not_searched,not_searched,,,,not_searched,not_searched,,,,not_searched,not_searched,,not_searched,,,,not_searched,not_searched,,not_searched,,not_searched,not_searched,not_searched,not_searched,not_searched,,not_searched,not_searched,,,not_searched,,,not_searched,,,not_searched,,not_searched,,not_searched,not_searched,not_searched,not_searched,,not_searched,,,,,https://ctmirror.org/espanol/,,,,,not_searched,,phase1b-v1.0
CT002,,Identidad Latina Multimedia,Connecticut,Connecticut,Hartford / statewide,https://identidadlatina.com/,standalone_outlet,unclear,mixed_platform,unclear,ethnic_or_racial_community,statewide,,not_searched,,,not_searched,not_searched,not_searched,not_searched,,,not_searched,not_searched,not_searched,,not_searched,not_searched,,,,not_searched,not_searched,,,,not_searched,not_searched,,not_searched,,,,not_searched,not_searched,,not_searched,,not_searched,not_searched,not_searched,not_searched,not_searched,,not_searched,not_searched,,,not_searched,,,not_searched,,,not_searched,,not_searched,,not_searched,not_searched,not_searched,not_searched,,not_searched,,,,,https://identidadlatina.com/about-us/,,,,,not_searched,,phase1b-v1.0
CT006,,Identidad Latina Radio,Connecticut,Connecticut,Hartford / statewide,https://identidadlatina.com/,hosted_program,unclear,radio,unclear,unclear,statewide,,not_searched,,,not_searched,not_searched,not_searched,not_searched,,,not_searched,not_searched,not_searched,,not_searched,not_searched,,,,not_searched,not_searched,,,,not_searched,not_searched,,not_searched,,,,not_searched,not_searched,,not_searched,,not_searched,not_searched,not_searched,not_searched,not_searched,,not_searched,not_searched,,,not_searched,,,not_searched,,,not_searched,,not_searched,,not_searched,not_searched,not_searched,not_searched,,not_searched,,,,,https://identidadlatina.com/,,,,,not_searched,,phase1b-v1.0
CT001,,La Voz Hispana de Connecticut,Connecticut,Connecticut,New Haven / statewide,https://lavozhispanact.com/,standalone_outlet,unclear,print,single_non_english,ethnic_or_racial_community,statewide,,not_searched,,,not_searched,not_searched,not_searched,not_searched,,,not_searched,not_searched,not_searched,,not_searched,not_searched,,,,not_searched,not_searched,,,,not_searched,not_searched,,not_searched,,,,not_searched,not_searched,,not_searched,,not_searched,not_searched,not_searched,not_searched,not_searched,,not_searched,not_searched,,,not_searched,,,not_searched,,,not_searched,,not_searched,,not_searched,not_searched,not_searched,not_searched,,not_searched,,,,,https://lavozhispanact.com/,,,,,not_searched,,phase1b-v1.0
DE003,,Delaware Hispano Magazine,Delaware,Delaware,Newark / statewide,https://delhispano.com/,standalone_outlet,unclear,print,unclear,ethnic_or_racial_community,statewide,,not_searched,,,not_searched,not_searched,not_searched,not_searched,,,not_searched,not_searched,not_searched,,not_searched,not_searched,,,,not_searched,not_searched,,,,not_searched,not_searched,,not_searched,,,,not_searched,not_searched,,not_searched,,not_searched,not_searched,not_searched,not_searched,not_searched,,not_searched,not_searched,,,not_searched,,,not_searched,,,not_searched,,not_searched,,not_searched,not_searched,not_searched,not_searched,,not_searched,,,,,https://delhispano.com/quienes-somos/,,,,,not_searched,,phase1b-v1.0
DE002,,El Tiempo Hispano,Delaware,Delaware,Statewide,https://eltiempohispano.com/,standalone_outlet,for_profit_private,print,bilingual,unclear,statewide,,not_searched,,,not_searched,not_searched,not_searched,not_searched,,,not_searched,not_searched,not_searched,,not_searched,not_searched,,,,not_searched,not_searched,,,,not_searched,not_searched,,not_searched,,,,not_searched,not_searched,,not_searched,,not_searched,not_searched,not_searched,not_searched,not_searched,,not_searched,not_searched,,,not_searched,,,not_searched,,,not_searched,,not_searched,,not_searched,not_searched,not_searched,not_searched,,not_searched,,,,,https://spotlightdelaware.org/2025/04/13/el-tiempo-hispano-becomes-first-spanish-language-publication-to-partner-with-spotlight-delaware/,,,,,not_searched,,phase1b-v1.0
DE001,,HOY en Delaware,Delaware,Delaware,Statewide,https://hoyendelaware.com/,standalone_outlet,unclear,digital,single_non_english,ethnic_or_racial_community,statewide,,not_searched,,,not_searched,not_searched,not_searched,not_searched,,,not_searched,not_searched,not_searched,,not_searched,not_searched,,,,not_searched,not_searched,,,,not_searched,not_searched,,not_searched,,,,not_searched,not_searched,,not_searched,,not_searched,not_searched,not_searched,not_searched,not_searched,,not_searched,not_searched,,,not_searched,,,not_searched,,,not_searched,,not_searched,,not_searched,not_searched,not_searched,not_searched,,not_searched,,,,,https://hoyendelaware.com/acerca-de-nosotros/,,,,,not_searched,,phase1b-v1.0
DC001,,El Tiempo Latino,District of Columbia,District of Columbia,Washington / DMV,https://eltiempolatino.com/,standalone_outlet,unclear,digital,single_non_english,ethnic_or_racial_community,neighborhood_or_city,,not_searched,,,not_searched,not_searched,not_searched,not_searched,,,not_searched,not_searched,not_searched,,not_searched,not_searched,,,,not_searched,not_searched,,,,not_searched,not_searched,,not_searched,,,,not_searched,not_searched,,not_searched,,not_searched,not_searched,not_searched,not_searched,not_searched,,not_searched,not_searched,,,not_searched,,,not_searched,,,not_searched,,not_searched,,not_searched,not_searched,not_searched,not_searched,,not_searched,,,,,https://tiempocompany.com/el-tiempo-latino/,,,,,not_searched,,phase1b-v1.0
DC004,,Ethiopique,District of Columbia,District of Columbia,Washington / DMV,https://ethiopique.com/,standalone_outlet,unclear,unclear,unclear,diaspora_national_origin,transnational_or_diaspora,,not_searched,,,not_searched,not_searched,not_searched,not_searched,,,not_searched,not_searched,not_searched,,not_searched,not_searched,,,,not_searched,not_searched,,,,not_searched,not_searched,,not_searched,,,,not_searched,not_searched,,not_searched,,not_searched,not_searched,not_searched,not_searched,not_searched,,not_searched,not_searched,,,not_searched,,,not_searched,,,not_searched,,not_searched,,not_searched,not_searched,not_searched,not_searched,,not_searched,,,,,https://ethiopique.com/about-us/,,,,,not_searched,,phase1b-v1.0
DC003,,Metro Latino USA,District of Columbia,District of Columbia,Washington / DMV,https://metrolatinousa.com/,standalone_outlet,unclear,digital,single_non_english,language_community,neighborhood_or_city,,not_searched,,,not_searched,not_searched,not_searched,not_searched,,,not_searched,not_searched,not_searched,,not_searched,not_searched,,,,not_searched,not_searched,,,,not_searched,not_searched,,not_searched,,,,not_searched,not_searched,,not_searched,,not_searched,not_searched,not_searched,not_searched,not_searched,,not_searched,not_searched,,,not_searched,,,not_searched,,,not_searched,,not_searched,,not_searched,not_searched,not_searched,not_searched,,not_searched,,,,,https://metrolatinousa.com/,,,,,not_searched,,phase1b-v1.0
DC005,,Tiempo News,District of Columbia,District of Columbia,Washington / national,https://tiempocompany.com/,standalone_outlet,unclear,unclear,single_non_english,ethnic_or_racial_community,national_us,,not_searched,,,not_searched,not_searched,not_searched,not_searched,,,not_searched,not_searched,not_searched,,not_searched,not_searched,,,,not_searched,not_searched,,,,not_searched,not_searched,,not_searched,,,,not_searched,not_searched,,not_searched,,not_searched,not_searched,not_searched,not_searched,not_searched,,not_searched,not_searched,,,not_searched,,,not_searched,,,not_searched,,not_searched,,not_searched,not_searched,not_searched,not_searched,,not_searched,,,,,https://tiempocompany.com/about/,,,,,not_searched,,phase1b-v1.0
DC002,ORG0004,Washington Hispanic,District of Columbia,District of Columbia,Washington / DMV,https://washingtonhispanic.com/,standalone_outlet,unclear,print,single_non_english,ethnic_or_racial_community,neighborhood_or_city,,not_searched,,,not_searched,not_searched,not_searched,not_searched,,,not_searched,not_searched,not_searched,,not_searched,not_searched,,,,not_searched,not_searched,,,,not_searched,not_searched,,not_searched,,,,not_searched,not_searched,,not_searched,,not_searched,not_searched,not_searched,not_searched,not_searched,,not_searched,not_searched,,,not_searched,,,not_searched,,,not_searched,,not_searched,,not_searched,not_searched,not_searched,not_searched,,not_searched,,,,,https://washingtonhispanic.com/,,,,,not_searched,,phase1b-v1.0
FL001,,Le Floridien,Florida,Florida,South Florida / Haitian diaspora,https://lefloridien.com/,standalone_outlet,unclear,print,bilingual,diaspora_national_origin,transnational_or_diaspora,,not_searched,,,not_searched,not_searched,not_searched,not_searched,,,not_searched,not_searched,not_searched,,not_searched,not_searched,,,,not_searched,not_searched,,,,not_searched,not_searched,,not_searched,,,,not_searched,not_searched,,not_searched,,not_searched,not_searched,not_searched,not_searched,not_searched,,not_searched,not_searched,,,not_searched,,,not_searched,,,not_searched,,not_searched,,not_searched,not_searched,not_searched,not_searched,,not_searched,,,,,https://lefloridien.com/about-us/,,,,,not_searched,,phase1b-v1.0
FL006,,Miami Diario,Florida,Florida,Miami / South Florida,https://miamidiario.com/,standalone_outlet,unclear,unclear,single_non_english,immigrant_general,neighborhood_or_city,,not_searched,,,not_searched,not_searched,not_searched,not_searched,,,not_searched,not_searched,not_searched,,not_searched,not_searched,,,,not_searched,not_searched,,,,not_searched,not_searched,,not_searched,,,,not_searched,not_searched,,not_searched,,not_searched,not_searched,not_searched,not_searched,not_searched,,not_searched,not_searched,,,not_searched,,,not_searched,,,not_searched,,not_searched,,not_searched,not_searched,not_searched,not_searched,,not_searched,,,,,https://miamidiario.com/,,,,,not_searched,,phase1b-v1.0
FL005,,Radyo Lekol,Florida,Florida,Miami-Dade,https://www.wlrn.org/show/radyo-lekol,hosted_program,unclear,unclear,bilingual,unclear,neighborhood_or_city,,not_searched,,,not_searched,not_searched,not_searched,not_searched,,,not_searched,not_searched,not_searched,,not_searched,not_searched,,,,not_searched,not_searched,,,,not_searched,not_searched,,not_searched,,,,not_searched,not_searched,,not_searched,,not_searched,not_searched,not_searched,not_searched,not_searched,,not_searched,not_searched,,,not_searched,,,not_searched,,,not_searched,,not_searched,,not_searched,not_searched,not_searched,not_searched,,not_searched,,,,,https://www.wlrn.org/show/radyo-lekol,,,,,not_searched,,phase1b-v1.0
FL007,,The Florida News,Florida,Florida,Miami / Orlando / Tampa / West Palm Beach,https://www.theflorida.news/,standalone_outlet,unclear,digital,single_non_english,ethnic_or_racial_community,unclear,,not_searched,,,not_searched,not_searched,not_searched,not_searched,,,not_searched,not_searched,not_searched,,not_searched,not_searched,,,,not_searched,not_searched,,,,not_searched,not_searched,,not_searched,,,,not_searched,not_searched,,not_searched,,not_searched,not_searched,not_searched,not_searched,not_searched,,not_searched,not_searched,,,not_searched,,,not_searched,,,not_searched,,not_searched,,not_searched,not_searched,not_searched,not_searched,,not_searched,,,,,https://www.theflorida.news/,,,,,not_searched,,phase1b-v1.0
GA001,,285 South,Georgia,Georgia,Metro Atlanta,https://285south.com/,standalone_outlet,unclear,unclear,unclear,mixed_orientation,metro,,not_searched,,,not_searched,not_searched,not_searched,not_searched,,,not_searched,not_searched,not_searched,,not_searched,not_searched,,,,not_searched,not_searched,,,,not_searched,not_searched,,not_searched,,,,not_searched,not_searched,,not_searched,,not_searched,not_searched,not_searched,not_searched,not_searched,,not_searched,not_searched,,,not_searched,,,not_searched,,,not_searched,,not_searched,,not_searched,not_searched,not_searched,not_searched,,not_searched,,,,,https://285south.com/,,,,,not_searched,,phase1b-v1.0
GA007,,Atlanta Burmese Voice,Georgia,Georgia,Metro Atlanta / Southeast,https://gasiantimes.com/,hosted_program,unclear,podcast,unclear,diaspora_national_origin,metro,,not_searched,,,not_searched,not_searched,not_searched,not_searched,,,not_searched,not_searched,not_searched,,not_searched,not_searched,,,,not_searched,not_searched,,,,not_searched,not_searched,,not_searched,,,,not_searched,not_searched,,not_searched,,not_searched,not_searched,not_searched,not_searched,not_searched,,not_searched,not_searched,,,not_searched,,,not_searched,,,not_searched,,not_searched,,not_searched,not_searched,not_searched,not_searched,,not_searched,,,,,https://gasiantimes.com/faq/,,,,,not_searched,,phase1b-v1.0
GA004,,Atlanta Chosun Today,Georgia,Georgia,Duluth / Metro Atlanta,https://atlantachosuntoday.com/,standalone_outlet,unclear,print,single_non_english,diaspora_national_origin,transnational_or_diaspora,,not_searched,,,not_searched,not_searched,not_searched,not_searched,,,not_searched,not_searched,not_searched,,not_searched,not_searched,,,,not_searched,not_searched,,,,not_searched,not_searched,,not_searched,,,,not_searched,not_searched,,not_searched,,not_searched,not_searched,not_searched,not_searched,not_searched,,not_searched,not_searched,,,not_searched,,,not_searched,,,not_searched,,not_searched,,not_searched,not_searched,not_searched,not_searched,,not_searched,,,,,https://atlantachosuntoday.com/about/,,,,,not_searched,,phase1b-v1.0
GA005,,Atlanta K,Georgia,Georgia,Metro Atlanta / Southeast,https://atlantak.com/,standalone_outlet,unclear,unclear,unclear,diaspora_national_origin,metro,,not_searched,,,not_searched,not_searched,not_searched,not_searched,,,not_searched,not_searched,not_searched,,not_searched,not_searched,,,,not_searched,not_searched,,,,not_searched,not_searched,,not_searched,,,,not_searched,not_searched,,not_searched,,not_searched,not_searched,not_searched,not_searched,not_searched,,not_searched,not_searched,,,not_searched,,,not_searched,,,not_searched,,not_searched,,not_searched,not_searched,not_searched,not_searched,,not_searched,,,,,https://atlantak.com/wp-content/uploads/2026/02/Atlanta-K-Media-Kit-2026.pdf,,,,,not_searched,,phase1b-v1.0
GA002,,Georgia Asian Times,Georgia,Georgia,Metro Atlanta / statewide,https://gasiantimes.com/,standalone_outlet,unclear,unclear,unclear,multicultural_multiethnic,transnational_or_diaspora,,not_searched,,,not_searched,not_searched,not_searched,not_searched,,,not_searched,not_searched,not_searched,,not_searched,not_searched,,,,not_searched,not_searched,,,,not_searched,not_searched,,not_searched,,,,not_searched,not_searched,,not_searched,,not_searched,not_searched,not_searched,not_searched,not_searched,,not_searched,not_searched,,,not_searched,,,not_searched,,,not_searched,,not_searched,,not_searched,not_searched,not_searched,not_searched,,not_searched,,,,,https://gasiantimes.com/about-us/,,,,,not_searched,,phase1b-v1.0
GA006,,Georgia Korean Podcast,Georgia,Georgia,Metro Atlanta / Southeast,https://gasiantimes.com/,hosted_program,unclear,podcast,unclear,diaspora_national_origin,metro,,not_searched,,,not_searched,not_searched,not_searched,not_searched,,,not_searched,not_searched,not_searched,,not_searched,not_searched,,,,not_searched,not_searched,,,,not_searched,not_searched,,not_searched,,,,not_searched,not_searched,,not_searched,,not_searched,not_searched,not_searched,not_searched,not_searched,,not_searched,not_searched,,,not_searched,,,not_searched,,,not_searched,,not_searched,,not_searched,not_searched,not_searched,not_searched,,not_searched,,,,,https://gasiantimes.com/faq/,,,,,not_searched,,phase1b-v1.0
GA003,,Mundo Hispánico / MundoNow,Georgia,Georgia,Atlanta / national,https://mundohispanico.com/,standalone_outlet,unclear,unclear,bilingual,unclear,unclear,,not_searched,,,not_searched,not_searched,not_searched,not_searched,,,not_searched,not_searched,not_searched,,not_searched,not_searched,,,,not_searched,not_searched,,,,not_searched,not_searched,,not_searched,,,,not_searched,not_searched,,not_searched,,not_searched,not_searched,not_searched,not_searched,not_searched,,not_searched,not_searched,,,not_searched,,,not_searched,,,not_searched,,not_searched,,not_searched,not_searched,not_searched,not_searched,,not_searched,,,,,https://mundohispanico.com/about-us,,,,,not_searched,,phase1b-v1.0
GA008,,Usapang Pinoy,Georgia,Georgia,Metro Atlanta / Southeast,https://gasiantimes.com/,hosted_program,unclear,podcast,unclear,diaspora_national_origin,transnational_or_diaspora,,not_searched,,,not_searched,not_searched,not_searched,not_searched,,,not_searched,not_searched,not_searched,,not_searched,not_searched,,,,not_searched,not_searched,,,,not_searched,not_searched,,not_searched,,,,not_searched,not_searched,,not_searched,,not_searched,not_searched,not_searched,not_searched,not_searched,,not_searched,not_searched,,,not_searched,,,not_searched,,,not_searched,,not_searched,,not_searched,not_searched,not_searched,not_searched,,not_searched,,,,,https://gasiantimes.com/faq/,,,,,not_searched,,phase1b-v1.0
HI001,,Hawaii Filipino Chronicle,Hawaii,Hawaii,Waipahu / statewide,https://thefilipinochronicle.com/,standalone_outlet,unclear,print,unclear,diaspora_national_origin,transnational_or_diaspora,,not_searched,,,not_searched,not_searched,not_searched,not_searched,,,not_searched,not_searched,not_searched,,not_searched,not_searched,,,,not_searched,not_searched,,,,not_searched,not_searched,,not_searched,,,,not_searched,not_searched,,not_searched,,not_searched,not_searched,not_searched,not_searched,not_searched,,not_searched,not_searched,,,not_searched,,,not_searched,,,not_searched,,not_searched,,not_searched,not_searched,not_searched,not_searched,,not_searched,,,,,https://thefilipinochronicle.com/,,,,,not_searched,,phase1b-v1.0
HI002,,The Fil-Am Courier,Hawaii,Hawaii,Honolulu / statewide,https://filamcourier.com/,standalone_outlet,unclear,digital,unclear,diaspora_national_origin,statewide,,not_searched,,,not_searched,not_searched,not_searched,not_searched,,,not_searched,not_searched,not_searched,,not_searched,not_searched,,,,not_searched,not_searched,,,,not_searched,not_searched,,not_searched,,,,not_searched,not_searched,,not_searched,,not_searched,not_searched,not_searched,not_searched,not_searched,,not_searched,not_searched,,,not_searched,,,not_searched,,,not_searched,,not_searched,,not_searched,not_searched,not_searched,not_searched,,not_searched,,,,,https://filamcourier.com/,,,,,not_searched,,phase1b-v1.0
HI004,,The San Times,Hawaii,Hawaii,Statewide / Japanese American community,,standalone_outlet,unclear,unclear,unclear,diaspora_national_origin,statewide,,not_searched,,,not_searched,not_searched,not_searched,not_searched,,,not_searched,not_searched,not_searched,,not_searched,not_searched,,,,not_searched,not_searched,,,,not_searched,not_searched,,not_searched,,,,not_searched,not_searched,,not_searched,,not_searched,not_searched,not_searched,not_searched,not_searched,,not_searched,not_searched,,,not_searched,,,not_searched,,,not_searched,,not_searched,,not_searched,not_searched,not_searched,not_searched,,not_searched,,,,,https://zentokufoundation.org/projects/,,,,,not_searched,,phase1b-v1.0
ID002,,Mosaics,Idaho,Idaho,Boise / statewide,https://mosaics.castos.com/,hosted_program,unclear,podcast,unclear,mixed_orientation,statewide,,not_searched,,,not_searched,not_searched,not_searched,not_searched,,,not_searched,not_searched,not_searched,,not_searched,not_searched,,,,not_searched,not_searched,,,,not_searched,not_searched,,not_searched,,,,not_searched,not_searched,,not_searched,,not_searched,not_searched,not_searched,not_searched,not_searched,,not_searched,not_searched,,,not_searched,,,not_searched,,,not_searched,,not_searched,,not_searched,not_searched,not_searched,not_searched,,not_searched,,,,,https://mosaics.castos.com/,,,,,not_searched,,phase1b-v1.0
IL001,,Borderless Magazine,Illinois,Illinois,Chicago,https://borderlessmag.org/,standalone_outlet,nonprofit,print,bilingual,mixed_orientation,neighborhood_or_city,,not_searched,,,not_searched,not_searched,not_searched,not_searched,,,not_searched,not_searched,not_searched,,not_searched,not_searched,,,,not_searched,not_searched,,,,not_searched,not_searched,,not_searched,,,,not_searched,not_searched,,not_searched,,not_searched,not_searched,not_searched,not_searched,not_searched,,not_searched,not_searched,,,not_searched,,,not_searched,,,not_searched,,not_searched,,not_searched,not_searched,not_searched,not_searched,,not_searched,,,,,https://borderlessmag.org/about/,,,,,not_searched,,phase1b-v1.0
IL008,,Chicago Chinese News / Chicago Chinese Times,Illinois,Illinois,Chicago / Naperville,https://chicagochinesetimes.com/,standalone_outlet,unclear,print,single_non_english,diaspora_national_origin,transnational_or_diaspora,,not_searched,,,not_searched,not_searched,not_searched,not_searched,,,not_searched,not_searched,not_searched,,not_searched,not_searched,,,,not_searched,not_searched,,,,not_searched,not_searched,,not_searched,,,,not_searched,not_searched,,not_searched,,not_searched,not_searched,not_searched,not_searched,not_searched,,not_searched,not_searched,,,not_searched,,,not_searched,,,not_searched,,not_searched,,not_searched,not_searched,not_searched,not_searched,,not_searched,,,,,https://chicagochinesetimes.com/,,,,,not_searched,,phase1b-v1.0
IL015,,Chicago Shimpo,Illinois,Illinois,Chicago,https://www.chicagoshimpo.com/,standalone_outlet,nonprofit,print,bilingual,diaspora_national_origin,transnational_or_diaspora,,not_searched,,,not_searched,not_searched,not_searched,not_searched,,,not_searched,not_searched,not_searched,,not_searched,not_searched,,,,not_searched,not_searched,,,,not_searched,not_searched,,not_searched,,,,not_searched,not_searched,,not_searched,,not_searched,not_searched,not_searched,not_searched,not_searched,,not_searched,not_searched,,,not_searched,,,not_searched,,,not_searched,,not_searched,,not_searched,not_searched,not_searched,not_searched,,not_searched,,,,,https://www.chicagoshimpo.com/about,,,,,not_searched,,phase1b-v1.0
IL002,,Cicero Independiente,Illinois,Illinois,Cicero / Berwyn,https://www.ciceroindependiente.com/,standalone_outlet,nonprofit,unclear,bilingual,immigrant_general,neighborhood_or_city,,not_searched,,,not_searched,not_searched,not_searched,not_searched,,,not_searched,not_searched,not_searched,,not_searched,not_searched,,,,not_searched,not_searched,,,,not_searched,not_searched,,not_searched,,,,not_searched,not_searched,,not_searched,,not_searched,not_searched,not_searched,not_searched,not_searched,,not_searched,not_searched,,,not_searched,,,not_searched,,,not_searched,,not_searched,,not_searched,not_searched,not_searched,not_searched,,not_searched,,,,,https://www.ciceroindependiente.com/about-us-sobre-nosotres,,,,,not_searched,,phase1b-v1.0
IL014,,Draugas,Illinois,Illinois,Chicago,https://www.draugas.org/,standalone_outlet,unclear,print,unclear,diaspora_national_origin,transnational_or_diaspora,,not_searched,,,not_searched,not_searched,not_searched,not_searched,,,not_searched,not_searched,not_searched,,not_searched,not_searched,,,,not_searched,not_searched,,,,not_searched,not_searched,,not_searched,,,,not_searched,not_searched,,not_searched,,not_searched,not_searched,not_searched,not_searched,not_searched,,not_searched,not_searched,,,not_searched,,,not_searched,,,not_searched,,not_searched,,not_searched,not_searched,not_searched,not_searched,,not_searched,,,,,https://www.draugas.org/,,,,,not_searched,,phase1b-v1.0
IL009,,Dziennik Związkowy,Illinois,Illinois,Chicago,https://www.dziennikzwiazkowy.com/,standalone_outlet,unclear,print,single_non_english,diaspora_national_origin,transnational_or_diaspora,,not_searched,,,not_searched,not_searched,not_searched,not_searched,,,not_searched,not_searched,not_searched,,not_searched,not_searched,,,,not_searched,not_searched,,,,not_searched,not_searched,,not_searched,,,,not_searched,not_searched,,not_searched,,not_searched,not_searched,not_searched,not_searched,not_searched,,not_searched,not_searched,,,not_searched,,,not_searched,,,not_searched,,not_searched,,not_searched,not_searched,not_searched,not_searched,,not_searched,,,,,https://www.dziennikzwiazkowy.com/,,,,,not_searched,,phase1b-v1.0
IL011,,India Tribune,Illinois,Illinois,Chicago,https://www.indiatribune.com/,standalone_outlet,unclear,print,unclear,diaspora_national_origin,transnational_or_diaspora,,not_searched,,,not_searched,not_searched,not_searched,not_searched,,,not_searched,not_searched,not_searched,,not_searched,not_searched,,,,not_searched,not_searched,,,,not_searched,not_searched,,not_searched,,,,not_searched,not_searched,,not_searched,,not_searched,not_searched,not_searched,not_searched,not_searched,,not_searched,not_searched,,,not_searched,,,not_searched,,,not_searched,,not_searched,,not_searched,not_searched,not_searched,not_searched,,not_searched,,,,,https://www.indiatribune.com/about-us,,,,,not_searched,,phase1b-v1.0
IL013,,Korea Times Chicago,Illinois,Illinois,Wheeling / Chicago metro,https://chicagokoreatimes.com/,standalone_outlet,unclear,digital,unclear,diaspora_national_origin,transnational_or_diaspora,,not_searched,,,not_searched,not_searched,not_searched,not_searched,,,not_searched,not_searched,not_searched,,not_searched,not_searched,,,,not_searched,not_searched,,,,not_searched,not_searched,,not_searched,,,,not_searched,not_searched,,not_searched,,not_searched,not_searched,not_searched,not_searched,not_searched,,not_searched,not_searched,,,not_searched,,,not_searched,,,not_searched,,not_searched,,not_searched,not_searched,not_searched,not_searched,,not_searched,,,,,https://chicagokoreatimes.com/contact/,,,,,not_searched,,phase1b-v1.0
IL003,,La Raza,Illinois,Illinois,Chicago,https://laraza.com/,standalone_outlet,unclear,unclear,single_non_english,ethnic_or_racial_community,neighborhood_or_city,,not_searched,,,not_searched,not_searched,not_searched,not_searched,,,not_searched,not_searched,not_searched,,not_searched,not_searched,,,,not_searched,not_searched,,,,not_searched,not_searched,,not_searched,,,,not_searched,not_searched,,not_searched,,not_searched,not_searched,not_searched,not_searched,not_searched,,not_searched,not_searched,,,not_searched,,,not_searched,,,not_searched,,not_searched,,not_searched,not_searched,not_searched,not_searched,,not_searched,,,,,https://laraza.com/about-us/,,,,,not_searched,,phase1b-v1.0
IL018,,LATINEXT,Illinois,Illinois,Chicago metro,https://latinext.media/en/,standalone_outlet,unclear,unclear,bilingual,unclear,metro,,not_searched,,,not_searched,not_searched,not_searched,not_searched,,,not_searched,not_searched,not_searched,,not_searched,not_searched,,,,not_searched,not_searched,,,,not_searched,not_searched,,not_searched,,,,not_searched,not_searched,,not_searched,,not_searched,not_searched,not_searched,not_searched,not_searched,,not_searched,not_searched,,,not_searched,,,not_searched,,,not_searched,,not_searched,,not_searched,not_searched,not_searched,not_searched,,not_searched,,,,,https://latinext.media/en/,,,,,not_searched,,phase1b-v1.0
IN005,,Desi.Net Indianapolis,Indiana,Indiana,Indianapolis,https://desi.net/indianapolis/,standalone_outlet,unclear,unclear,unclear,unclear,neighborhood_or_city,,not_searched,,,not_searched,not_searched,not_searched,not_searched,,,not_searched,not_searched,not_searched,,not_searched,not_searched,,,,not_searched,not_searched,,,,not_searched,not_searched,,not_searched,,,,not_searched,not_searched,,not_searched,,not_searched,not_searched,not_searched,not_searched,not_searched,,not_searched,not_searched,,,not_searched,,,not_searched,,,not_searched,,not_searched,,not_searched,not_searched,not_searched,not_searched,,not_searched,,,,,https://desi.net/indianapolis/news/indianapolis-indianapolis-new-gurdwara-opens-as-ice-fears-grow-in-sikh-community-2026-09-10,,,,,not_searched,,phase1b-v1.0
IN002,,El Puente,Indiana,Indiana,South Bend / Michiana,https://www.webelpuente.com/,standalone_outlet,unclear,print,bilingual,immigrant_general,neighborhood_or_city,,not_searched,,,not_searched,not_searched,not_searched,not_searched,,,not_searched,not_searched,not_searched,,not_searched,not_searched,,,,not_searched,not_searched,,,,not_searched,not_searched,,not_searched,,,,not_searched,not_searched,,not_searched,,not_searched,not_searched,not_searched,not_searched,not_searched,,not_searched,not_searched,,,not_searched,,,not_searched,,,not_searched,,not_searched,,not_searched,not_searched,not_searched,not_searched,,not_searched,,,,,https://www.webelpuente.com/,,,,,not_searched,,phase1b-v1.0
IN001,,La Voz de Indiana,Indiana,Indiana,Indianapolis / statewide,https://www.lavozdeindiana.com/,standalone_outlet,unclear,print,bilingual,mixed_orientation,statewide,,not_searched,,,not_searched,not_searched,not_searched,not_searched,,,not_searched,not_searched,not_searched,,not_searched,not_searched,,,,not_searched,not_searched,,,,not_searched,not_searched,,not_searched,,,,not_searched,not_searched,,not_searched,,not_searched,not_searched,not_searched,not_searched,not_searched,,not_searched,not_searched,,,not_searched,,,not_searched,,,not_searched,,not_searched,,not_searched,not_searched,not_searched,not_searched,,not_searched,,,,,https://www.lavozdeindiana.com/untitled,,,,,not_searched,,phase1b-v1.0
IN004,,Macedonian Tribune,Indiana,Indiana,Fort Wayne,https://macedonian.org/tribune-online/,standalone_outlet,unclear,print,unclear,diaspora_national_origin,transnational_or_diaspora,,not_searched,,,not_searched,not_searched,not_searched,not_searched,,,not_searched,not_searched,not_searched,,not_searched,not_searched,,,,not_searched,not_searched,,,,not_searched,not_searched,,not_searched,,,,not_searched,not_searched,,not_searched,,not_searched,not_searched,not_searched,not_searched,not_searched,,not_searched,not_searched,,,not_searched,,,not_searched,,,not_searched,,not_searched,,not_searched,not_searched,not_searched,not_searched,,not_searched,,,,,https://macedonian.org/tribune-online/,,,,,not_searched,,phase1b-v1.0
IN003,,Telemundo Indy,Indiana,Indiana,Indianapolis / statewide,https://telemundoindy.com/,standalone_outlet,unclear,mixed_platform,single_non_english,language_community,statewide,,not_searched,,,not_searched,not_searched,not_searched,not_searched,,,not_searched,not_searched,not_searched,,not_searched,not_searched,,,,not_searched,not_searched,,,,not_searched,not_searched,,not_searched,,,,not_searched,not_searched,,not_searched,,not_searched,not_searched,not_searched,not_searched,not_searched,,not_searched,not_searched,,,not_searched,,,not_searched,,,not_searched,,not_searched,,not_searched,not_searched,not_searched,not_searched,,not_searched,,,,,https://telemundoindy.com/,,,,,not_searched,,phase1b-v1.0
IA003,,Common Thread Iowa,Iowa,Iowa,Statewide,,hosted_program,unclear,social_first,unclear,mixed_orientation,statewide,,not_searched,,,not_searched,not_searched,not_searched,not_searched,,,not_searched,not_searched,not_searched,,not_searched,not_searched,,,,not_searched,not_searched,,,,not_searched,not_searched,,not_searched,,,,not_searched,not_searched,,not_searched,,not_searched,not_searched,not_searched,not_searched,not_searched,,not_searched,not_searched,,,not_searched,,,not_searched,,,not_searched,,not_searched,,not_searched,not_searched,not_searched,not_searched,,not_searched,,,,,https://iowastartingline.com/news/common-thread-iowa-refugee-stories/,,,,,not_searched,,phase1b-v1.0
IA002,,Hola Iowa,Iowa,Iowa,Des Moines / statewide,https://holaamericanews.com/,standalone_outlet,unclear,unclear,bilingual,unclear,statewide,,not_searched,,,not_searched,not_searched,not_searched,not_searched,,,not_searched,not_searched,not_searched,,not_searched,not_searched,,,,not_searched,not_searched,,,,not_searched,not_searched,,not_searched,,,,not_searched,not_searched,,not_searched,,not_searched,not_searched,not_searched,not_searched,not_searched,,not_searched,not_searched,,,not_searched,,,not_searched,,,not_searched,,not_searched,,not_searched,not_searched,not_searched,not_searched,,not_searched,,,,,https://holaamericanews.com/25-years-of-hola-america-a-legacy-of-service-growth-and-community/,,,,,not_searched,,phase1b-v1.0
IA001,,La Prensa Iowa,Iowa,Iowa,Denison / Western & Central Iowa,https://www.laprensaiowa.com/,standalone_outlet,unclear,print,single_non_english,ethnic_or_racial_community,neighborhood_or_city,,not_searched,,,not_searched,not_searched,not_searched,not_searched,,,not_searched,not_searched,not_searched,,not_searched,not_searched,,,,not_searched,not_searched,,,,not_searched,not_searched,,not_searched,,,,not_searched,not_searched,,not_searched,,not_searched,not_searched,not_searched,not_searched,not_searched,,not_searched,not_searched,,,not_searched,,,not_searched,,,not_searched,,not_searched,,not_searched,not_searched,not_searched,not_searched,,not_searched,,,,,https://www.laprensaiowa.com/about-us/,,,,,not_searched,,phase1b-v1.0
KS002,,KWCH Spanish-language news program,Kansas,Kansas,Wichita / statewide,https://www.kwch.com/,hosted_program,unclear,television,single_non_english,language_community,statewide,,not_searched,,,not_searched,not_searched,not_searched,not_searched,,,not_searched,not_searched,not_searched,,not_searched,not_searched,,,,not_searched,not_searched,,,,not_searched,not_searched,,not_searched,,,,not_searched,not_searched,,not_searched,,not_searched,not_searched,not_searched,not_searched,not_searched,,not_searched,not_searched,,,not_searched,,,not_searched,,,not_searched,,not_searched,,not_searched,not_searched,not_searched,not_searched,,not_searched,,,,,https://www.kwch.com/authors/AnaValdez/,,,,,not_searched,,phase1b-v1.0
KS003,,La Grande 1340 AM,Kansas,Kansas,"Kansas City, Kansas / metro",https://lagrande1340kc.com/,standalone_outlet,unclear,radio,single_non_english,ethnic_or_racial_community,metro,,not_searched,,,not_searched,not_searched,not_searched,not_searched,,,not_searched,not_searched,not_searched,,not_searched,not_searched,,,,not_searched,not_searched,,,,not_searched,not_searched,,not_searched,,,,not_searched,not_searched,,not_searched,,not_searched,not_searched,not_searched,not_searched,not_searched,,not_searched,not_searched,,,not_searched,,,not_searched,,,not_searched,,not_searched,,not_searched,not_searched,not_searched,not_searched,,not_searched,,,,,https://lagrande1340kc.com/,,,,,not_searched,,phase1b-v1.0
KS001,,Planeta Venus,Kansas,Kansas,Wichita / statewide,https://www.planetavenus.online/,standalone_outlet,unclear,unclear,bilingual,unclear,statewide,,not_searched,,,not_searched,not_searched,not_searched,not_searched,,,not_searched,not_searched,not_searched,,not_searched,not_searched,,,,not_searched,not_searched,,,,not_searched,not_searched,,not_searched,,,,not_searched,not_searched,,not_searched,,not_searched,not_searched,not_searched,not_searched,not_searched,,not_searched,not_searched,,,not_searched,,,not_searched,,,not_searched,,not_searched,,not_searched,not_searched,not_searched,not_searched,,not_searched,,,,,https://www.planetavenus.online/pvythejournal,,,,,not_searched,,phase1b-v1.0
KY001,,Al Día en América,Kentucky,Kentucky,Louisville / Kentuckiana,https://www.aldiaenamerica.com/,standalone_outlet,unclear,print,single_non_english,ethnic_or_racial_community,neighborhood_or_city,,not_searched,,,not_searched,not_searched,not_searched,not_searched,,,not_searched,not_searched,not_searched,,not_searched,not_searched,,,,not_searched,not_searched,,,,not_searched,not_searched,,not_searched,,,,not_searched,not_searched,,not_searched,,not_searched,not_searched,not_searched,not_searched,not_searched,,not_searched,not_searched,,,not_searched,,,not_searched,,,not_searched,,not_searched,,not_searched,not_searched,not_searched,not_searched,,not_searched,,,,,https://www.aldiaenamerica.com/2026/08/30/22-anos-de-al-dia-en-america/,,,,,not_searched,,phase1b-v1.0
KY002,,El Kentubano,Kentucky,Kentucky,Louisville / Lexington,https://www.elkentubano.com/,standalone_outlet,unclear,mixed_platform,unclear,diaspora_national_origin,transnational_or_diaspora,,not_searched,,,not_searched,not_searched,not_searched,not_searched,,,not_searched,not_searched,not_searched,,not_searched,not_searched,,,,not_searched,not_searched,,,,not_searched,not_searched,,not_searched,,,,not_searched,not_searched,,not_searched,,not_searched,not_searched,not_searched,not_searched,not_searched,,not_searched,not_searched,,,not_searched,,,not_searched,,,not_searched,,not_searched,,not_searched,not_searched,not_searched,not_searched,,not_searched,,,,,https://www.elkentubano.com/edicion-digital/,,,,,not_searched,,phase1b-v1.0
LA001,,Jambalaya News,Louisiana,Louisiana,Metairie / Greater New Orleans,https://www.jambalayanews.com/,standalone_outlet,unclear,radio,single_non_english,immigrant_general,metro,,not_searched,,,not_searched,not_searched,not_searched,not_searched,,,not_searched,not_searched,not_searched,,not_searched,not_searched,,,,not_searched,not_searched,,,,not_searched,not_searched,,not_searched,,,,not_searched,not_searched,,not_searched,,not_searched,not_searched,not_searched,not_searched,not_searched,,not_searched,not_searched,,,not_searched,,,not_searched,,,not_searched,,not_searched,,not_searched,not_searched,not_searched,not_searched,,not_searched,,,,,https://www.fox8live.com/2026/07/08/historian-uncovers-new-orleans-longtime-spanish-newspaper-history/,,,,,not_searched,,phase1b-v1.0
LA005,,New Orleans Mới,Louisiana,Louisiana,New Orleans / Vietnamese diaspora,https://www.vietneworleans.com/,standalone_outlet,nonprofit,unclear,single_non_english,diaspora_national_origin,transnational_or_diaspora,,not_searched,,,not_searched,not_searched,not_searched,not_searched,,,not_searched,not_searched,not_searched,,not_searched,not_searched,,,,not_searched,not_searched,,,,not_searched,not_searched,,not_searched,,,,not_searched,not_searched,,not_searched,,not_searched,not_searched,not_searched,not_searched,not_searched,,not_searched,not_searched,,,not_searched,,,not_searched,,,not_searched,,not_searched,,not_searched,not_searched,not_searched,not_searched,,not_searched,,,,,https://www.vietneworleans.com/,,,,,not_searched,,phase1b-v1.0
LA002,,Telemundo 42 New Orleans,Louisiana,Louisiana,Metairie / Southeast Louisiana,https://telemundoneworleans.com/,network_affiliate_or_local_station,unclear,television,single_non_english,ethnic_or_racial_community,neighborhood_or_city,,not_searched,,,not_searched,not_searched,not_searched,not_searched,,,not_searched,not_searched,not_searched,,not_searched,not_searched,,,,not_searched,not_searched,,,,not_searched,not_searched,,not_searched,,,,not_searched,not_searched,,not_searched,,not_searched,not_searched,not_searched,not_searched,not_searched,,not_searched,not_searched,,,not_searched,,,not_searched,,,not_searched,,not_searched,,not_searched,not_searched,not_searched,not_searched,,not_searched,,,,,https://telemundoneworleans.com/nosotros/,,,,,not_searched,,phase1b-v1.0
LA003,,Tropical 105.7 FM / KGLA,Louisiana,Louisiana,New Orleans / Southeast Louisiana,https://tropical1057.us/,standalone_outlet,for_profit_private,radio,single_non_english,ethnic_or_racial_community,neighborhood_or_city,,not_searched,,,not_searched,not_searched,not_searched,not_searched,,,not_searched,not_searched,not_searched,,not_searched,not_searched,,,,not_searched,not_searched,,,,not_searched,not_searched,,not_searched,,,,not_searched,not_searched,,not_searched,,not_searched,not_searched,not_searched,not_searched,not_searched,,not_searched,not_searched,,,not_searched,,,not_searched,,,not_searched,,not_searched,,not_searched,not_searched,not_searched,not_searched,,not_searched,,,,,https://tropical1057.us/,,,,,not_searched,,phase1b-v1.0
LA004,,VIVA NOLA Magazine,Louisiana,Louisiana,Metairie / Greater New Orleans,https://vivanolamag.com/,standalone_outlet,unclear,print,bilingual,unclear,metro,,not_searched,,,not_searched,not_searched,not_searched,not_searched,,,not_searched,not_searched,not_searched,,not_searched,not_searched,,,,not_searched,not_searched,,,,not_searched,not_searched,,not_searched,,,,not_searched,not_searched,,not_searched,,not_searched,not_searched,not_searched,not_searched,not_searched,,not_searched,not_searched,,,not_searched,,,not_searched,,,not_searched,,not_searched,,not_searched,not_searched,not_searched,not_searched,,not_searched,,,,,https://vivanolamag.com/about-me/,,,,,not_searched,,phase1b-v1.0
ME001,,Amjambo Africa,Maine,Maine,Portland / Lewiston / statewide,https://www.amjamboafrica.com/,standalone_outlet,nonprofit,unclear,multilingual,immigrant_general,statewide,,not_searched,,,not_searched,not_searched,not_searched,not_searched,,,not_searched,not_searched,not_searched,,not_searched,not_searched,,,,not_searched,not_searched,,,,not_searched,not_searched,,not_searched,,,,not_searched,not_searched,,not_searched,,not_searched,not_searched,not_searched,not_searched,not_searched,,not_searched,not_searched,,,not_searched,,,not_searched,,,not_searched,,not_searched,,not_searched,not_searched,not_searched,not_searched,,not_searched,,,,,https://www.amjamboafrica.com/about-us/,,,,,not_searched,,phase1b-v1.0
ME002,,Maine Public News Connect,Maine,Maine,Statewide,https://www.mainepublic.org/about-maine-public-news-connect,hosted_language_product,unclear,newsletter,language_specific_product_within_host,language_community,statewide,,not_searched,,,not_searched,not_searched,not_searched,not_searched,,,not_searched,not_searched,not_searched,,not_searched,not_searched,,,,not_searched,not_searched,,,,not_searched,not_searched,,not_searched,,,,not_searched,not_searched,,not_searched,,not_searched,not_searched,not_searched,not_searched,not_searched,,not_searched,not_searched,,,not_searched,,,not_searched,,,not_searched,,not_searched,,not_searched,not_searched,not_searched,not_searched,,not_searched,,,,,https://www.mainepublic.org/about-maine-public-news-connect,,,,,not_searched,,phase1b-v1.0
ME004,ORG0005,Maine Public News Connect - French,Maine,Maine,Statewide,https://contact.mainepublic.org/page/66230/subscribe/1?locale=en-US,hosted_program,unclear,unclear,language_specific_product_within_host,language_community,statewide,,not_searched,,,not_searched,not_searched,not_searched,not_searched,,,not_searched,not_searched,not_searched,,not_searched,not_searched,,,,not_searched,not_searched,,,,not_searched,not_searched,,not_searched,,,,not_searched,not_searched,,not_searched,,not_searched,not_searched,not_searched,not_searched,not_searched,,not_searched,not_searched,,,not_searched,,,not_searched,,,not_searched,,not_searched,,not_searched,not_searched,not_searched,not_searched,,not_searched,,,,,https://contact.mainepublic.org/page/66230/subscribe/1?locale=en-US,,,,,not_searched,,phase1b-v1.0
ME005,ORG0005,Maine Public News Connect - Portuguese,Maine,Maine,Statewide,https://contact.mainepublic.org/page/66230/subscribe/1?locale=en-US,hosted_program,unclear,unclear,language_specific_product_within_host,language_community,statewide,,not_searched,,,not_searched,not_searched,not_searched,not_searched,,,not_searched,not_searched,not_searched,,not_searched,not_searched,,,,not_searched,not_searched,,,,not_searched,not_searched,,not_searched,,,,not_searched,not_searched,,not_searched,,not_searched,not_searched,not_searched,not_searched,not_searched,,not_searched,not_searched,,,not_searched,,,not_searched,,,not_searched,,not_searched,,not_searched,not_searched,not_searched,not_searched,,not_searched,,,,,https://contact.mainepublic.org/page/66230/subscribe/1?locale=en-US,,,,,not_searched,,phase1b-v1.0
ME003,ORG0005,Maine Public News Connect - Somali,Maine,Maine,Statewide,https://contact.mainepublic.org/page/66230/subscribe/1?locale=en-US,hosted_program,unclear,newsletter,language_specific_product_within_host,language_community,statewide,,not_searched,,,not_searched,not_searched,not_searched,not_searched,,,not_searched,not_searched,not_searched,,not_searched,not_searched,,,,not_searched,not_searched,,,,not_searched,not_searched,,not_searched,,,,not_searched,not_searched,,not_searched,,not_searched,not_searched,not_searched,not_searched,not_searched,,not_searched,not_searched,,,not_searched,,,not_searched,,,not_searched,,not_searched,,not_searched,not_searched,not_searched,not_searched,,not_searched,,,,,https://contact.mainepublic.org/page/66230/subscribe/1?locale=en-US,,,,,not_searched,,phase1b-v1.0
ME006,ORG0005,Maine Public News Connect - Spanish,Maine,Maine,Statewide,https://contact.mainepublic.org/page/66230/subscribe/1?locale=en-US,hosted_program,unclear,unclear,language_specific_product_within_host,language_community,statewide,,not_searched,,,not_searched,not_searched,not_searched,not_searched,,,not_searched,not_searched,not_searched,,not_searched,not_searched,,,,not_searched,not_searched,,,,not_searched,not_searched,,not_searched,,,,not_searched,not_searched,,not_searched,,not_searched,not_searched,not_searched,not_searched,not_searched,,not_searched,not_searched,,,not_searched,,,not_searched,,,not_searched,,not_searched,,not_searched,not_searched,not_searched,not_searched,,not_searched,,,,,https://contact.mainepublic.org/page/66230/subscribe/1?locale=en-US,,,,,not_searched,,phase1b-v1.0
MD003,,Latin Opinion,Maryland,Maryland,Baltimore / statewide,,standalone_outlet,unclear,unclear,single_non_english,language_community,statewide,,not_searched,,,not_searched,not_searched,not_searched,not_searched,,,not_searched,not_searched,not_searched,,not_searched,not_searched,,,,not_searched,not_searched,,,,not_searched,not_searched,,not_searched,,,,not_searched,not_searched,,not_searched,,not_searched,not_searched,not_searched,not_searched,not_searched,,not_searched,not_searched,,,not_searched,,,not_searched,,,not_searched,,not_searched,,not_searched,not_searched,not_searched,not_searched,,not_searched,,,,,https://www.wypr.org/show/the-wypr-news-roundup/2026-07-10/baltimore-county-elections-venezuelas-earthquake-police-accountability-and-ice-cream,,,,,not_searched,,phase1b-v1.0
MD001,ORG0004,Washington Hispanic,Maryland,Maryland,Silver Spring / DMV,https://washingtonhispanic.com/,standalone_outlet,unclear,print,single_non_english,ethnic_or_racial_community,neighborhood_or_city,,not_searched,,,not_searched,not_searched,not_searched,not_searched,,,not_searched,not_searched,not_searched,,not_searched,not_searched,,,,not_searched,not_searched,,,,not_searched,not_searched,,not_searched,,,,not_searched,not_searched,,not_searched,,not_searched,not_searched,not_searched,not_searched,not_searched,,not_searched,not_searched,,,not_searched,,,not_searched,,,not_searched,,not_searched,,not_searched,not_searched,not_searched,not_searched,,not_searched,,,,,https://asequent.com/app/admin/assets/img/184301A_EPM_100_PROOF_R1.pdf,,,,,not_searched,,phase1b-v1.0
MA006,,Boston Orange,Massachusetts,Massachusetts,Greater Boston,https://www.bostonorange.com/,standalone_outlet,unclear,unclear,single_non_english,diaspora_national_origin,metro,,not_searched,,,not_searched,not_searched,not_searched,not_searched,,,not_searched,not_searched,not_searched,,not_searched,not_searched,,,,not_searched,not_searched,,,,not_searched,not_searched,,not_searched,,,,not_searched,not_searched,,not_searched,,not_searched,not_searched,not_searched,not_searched,not_searched,,not_searched,not_searched,,,not_searched,,,not_searched,,,not_searched,,not_searched,,not_searched,not_searched,not_searched,not_searched,,not_searched,,,,,https://www.bostonorange.com/2026/09/gbcca70.html?m=0,,,,,not_searched,,phase1b-v1.0
MA003,,Brazilian Times,Massachusetts,Massachusetts,Somerville / New England,https://www.braziliantimes.com/,standalone_outlet,unclear,mixed_platform,unclear,diaspora_national_origin,transnational_or_diaspora,,not_searched,,,not_searched,not_searched,not_searched,not_searched,,,not_searched,not_searched,not_searched,,not_searched,not_searched,,,,not_searched,not_searched,,,,not_searched,not_searched,,not_searched,,,,not_searched,not_searched,,not_searched,,not_searched,not_searched,not_searched,not_searched,not_searched,,not_searched,not_searched,,,not_searched,,,not_searched,,,not_searched,,not_searched,,not_searched,not_searched,not_searched,not_searched,,not_searched,,,,,https://www.braziliantimes.com/quem-somos,,,,,not_searched,,phase1b-v1.0
MA002,,El Mundo Boston,Massachusetts,Massachusetts,Boston / statewide,https://elmundoboston.com/,standalone_outlet,unclear,print,single_non_english,ethnic_or_racial_community,statewide,,not_searched,,,not_searched,not_searched,not_searched,not_searched,,,not_searched,not_searched,not_searched,,not_searched,not_searched,,,,not_searched,not_searched,,,,not_searched,not_searched,,not_searched,,,,not_searched,not_searched,,not_searched,,not_searched,not_searched,not_searched,not_searched,not_searched,,not_searched,not_searched,,,not_searched,,,not_searched,,,not_searched,,not_searched,,not_searched,not_searched,not_searched,not_searched,,not_searched,,,,,https://elmundoboston.com/digital-edition/,,,,,not_searched,,phase1b-v1.0
MA001,,El Planeta,Massachusetts,Massachusetts,Greater Boston / statewide,https://elplaneta.com/,standalone_outlet,unclear,unclear,single_non_english,ethnic_or_racial_community,statewide,,not_searched,,,not_searched,not_searched,not_searched,not_searched,,,not_searched,not_searched,not_searched,,not_searched,not_searched,,,,not_searched,not_searched,,,,not_searched,not_searched,,not_searched,,,,not_searched,not_searched,,not_searched,,not_searched,not_searched,not_searched,not_searched,not_searched,,not_searched,not_searched,,,not_searched,,,not_searched,,,not_searched,,not_searched,,not_searched,not_searched,not_searched,not_searched,,not_searched,,,,,https://elplaneta.com/about-us-en/,,,,,not_searched,,phase1b-v1.0
MA005,,Khmer Post USA,Massachusetts,Massachusetts,Lowell / Cambodian diaspora,https://khmerpostusa.com/,standalone_outlet,unclear,unclear,unclear,diaspora_national_origin,transnational_or_diaspora,,not_searched,,,not_searched,not_searched,not_searched,not_searched,,,not_searched,not_searched,not_searched,,not_searched,not_searched,,,,not_searched,not_searched,,,,not_searched,not_searched,,not_searched,,,,not_searched,not_searched,,not_searched,,not_searched,not_searched,not_searched,not_searched,not_searched,,not_searched,not_searched,,,not_searched,,,not_searched,,,not_searched,,not_searched,,not_searched,not_searched,not_searched,not_searched,,not_searched,,,,,https://khmerpostusa.com/lowell-has-the-second-largest-cambodian-community-in-the-united-states-and-almost-nobody-who-built-it-chose-lowell-on-purpose/,,,,,not_searched,,phase1b-v1.0
MA004,,Sampan,Massachusetts,Massachusetts,Greater Boston,https://www.sampan.org/,hosted_program,community_or_civic_organization_based,print,bilingual,ethnic_or_racial_community,metro,,not_searched,,,not_searched,not_searched,not_searched,not_searched,,,not_searched,not_searched,not_searched,,not_searched,not_searched,,,,not_searched,not_searched,,,,not_searched,not_searched,,not_searched,,,,not_searched,not_searched,,not_searched,,not_searched,not_searched,not_searched,not_searched,not_searched,,not_searched,not_searched,,,not_searched,,,not_searched,,,not_searched,,not_searched,,not_searched,not_searched,not_searched,not_searched,,not_searched,,,,,https://www.sampan.org/about-4,,,,,not_searched,,phase1b-v1.0
MA007,,The Boston Korea,Massachusetts,Massachusetts,Allston / Greater Boston,,standalone_outlet,unclear,unclear,single_non_english,language_community,metro,,not_searched,,,not_searched,not_searched,not_searched,not_searched,,,not_searched,not_searched,not_searched,,not_searched,not_searched,,,,not_searched,not_searched,,,,not_searched,not_searched,,not_searched,,,,not_searched,not_searched,,not_searched,,not_searched,not_searched,not_searched,not_searched,not_searched,,not_searched,not_searched,,,not_searched,,,not_searched,,,not_searched,,not_searched,,not_searched,not_searched,not_searched,not_searched,,not_searched,,,,,https://www.mass.gov/info-details/registered-news-media-under-sjc-rule-119,,,,,not_searched,,phase1b-v1.0
MI006,,Bangla Shangbad,Michigan,Michigan,Metro Detroit,,standalone_outlet,unclear,print,unclear,diaspora_national_origin,metro,,not_searched,,,not_searched,not_searched,not_searched,not_searched,,,not_searched,not_searched,not_searched,,not_searched,not_searched,,,,not_searched,not_searched,,,,not_searched,not_searched,,not_searched,,,,not_searched,not_searched,,not_searched,,not_searched,not_searched,not_searched,not_searched,not_searched,,not_searched,not_searched,,,not_searched,,,not_searched,,,not_searched,,not_searched,,not_searched,not_searched,not_searched,not_searched,,not_searched,,,,,https://newmichiganmedia.com/about/,,,,,not_searched,,phase1b-v1.0
MI007,,Chaldean News,Michigan,Michigan,Metro Detroit,https://www.chaldeannews.com/,standalone_outlet,unclear,unclear,unclear,diaspora_national_origin,transnational_or_diaspora,,not_searched,,,not_searched,not_searched,not_searched,not_searched,,,not_searched,not_searched,not_searched,,not_searched,not_searched,,,,not_searched,not_searched,,,,not_searched,not_searched,,not_searched,,,,not_searched,not_searched,,not_searched,,not_searched,not_searched,not_searched,not_searched,not_searched,,not_searched,not_searched,,,not_searched,,,not_searched,,,not_searched,,not_searched,,not_searched,not_searched,not_searched,not_searched,,not_searched,,,,,https://www.chaldeannews.com/support,,,,,not_searched,,phase1b-v1.0
MI003,,EL CENTRAL Hispanic News,Michigan,Michigan,Detroit / Southeast Michigan,https://elcentralmedia.com/,standalone_outlet,unclear,digital,bilingual,ethnic_or_racial_community,neighborhood_or_city,,not_searched,,,not_searched,not_searched,not_searched,not_searched,,,not_searched,not_searched,not_searched,,not_searched,not_searched,,,,not_searched,not_searched,,,,not_searched,not_searched,,not_searched,,,,not_searched,not_searched,,not_searched,,not_searched,not_searched,not_searched,not_searched,not_searched,,not_searched,not_searched,,,not_searched,,,not_searched,,,not_searched,,not_searched,,not_searched,not_searched,not_searched,not_searched,,not_searched,,,,,https://elcentralmedia.com/about/,,,,,not_searched,,phase1b-v1.0
MI004,,Latino Press / Latino Detroit,Michigan,Michigan,Detroit / Southeast Michigan,https://latinodetroit.com/,standalone_outlet,unclear,print,single_non_english,ethnic_or_racial_community,neighborhood_or_city,,not_searched,,,not_searched,not_searched,not_searched,not_searched,,,not_searched,not_searched,not_searched,,not_searched,not_searched,,,,not_searched,not_searched,,,,not_searched,not_searched,,not_searched,,,,not_searched,not_searched,,not_searched,,not_searched,not_searched,not_searched,not_searched,not_searched,,not_searched,not_searched,,,not_searched,,,not_searched,,,not_searched,,not_searched,,not_searched,not_searched,not_searched,not_searched,,not_searched,,,,,https://latinodetroit.com/about-latino-detroit/,,,,,not_searched,,phase1b-v1.0
MI001,,The Arab American News,Michigan,Michigan,Dearborn / Metro Detroit,https://arabamericannews.com/,standalone_outlet,unclear,print,bilingual,diaspora_national_origin,transnational_or_diaspora,,not_searched,,,not_searched,not_searched,not_searched,not_searched,,,not_searched,not_searched,not_searched,,not_searched,not_searched,,,,not_searched,not_searched,,,,not_searched,not_searched,,not_searched,,,,not_searched,not_searched,,not_searched,,not_searched,not_searched,not_searched,not_searched,not_searched,,not_searched,not_searched,,,not_searched,,,not_searched,,,not_searched,,not_searched,,not_searched,not_searched,not_searched,not_searched,,not_searched,,,,,https://arabamericannews.com/,,,,,not_searched,,phase1b-v1.0
MI008,,The Polish Weekly / Tygodnik Polski,Michigan,Michigan,Orchard Lake / Metro Detroit,https://polishweekly.com/,hosted_program,unclear,digital,bilingual,diaspora_national_origin,transnational_or_diaspora,,not_searched,,,not_searched,not_searched,not_searched,not_searched,,,not_searched,not_searched,not_searched,,not_searched,not_searched,,,,not_searched,not_searched,,,,not_searched,not_searched,,not_searched,,,,not_searched,not_searched,,not_searched,,not_searched,not_searched,not_searched,not_searched,not_searched,,not_searched,not_searched,,,not_searched,,,not_searched,,,not_searched,,not_searched,,not_searched,not_searched,not_searched,not_searched,,not_searched,,,,,https://polishweekly.com/about-us/,,,,,not_searched,,phase1b-v1.0
MI002,,The Yemeni American,Michigan,Michigan,Dearborn / Metro Detroit,https://yemeniamerican.com/en/,standalone_outlet,unclear,print,bilingual,diaspora_national_origin,transnational_or_diaspora,,not_searched,,,not_searched,not_searched,not_searched,not_searched,,,not_searched,not_searched,not_searched,,not_searched,not_searched,,,,not_searched,not_searched,,,,not_searched,not_searched,,not_searched,,,,not_searched,not_searched,,not_searched,,not_searched,not_searched,not_searched,not_searched,not_searched,,not_searched,not_searched,,,not_searched,,,not_searched,,,not_searched,,not_searched,,not_searched,not_searched,not_searched,not_searched,,not_searched,,,,,https://yemeniamerican.com/en/,,,,,not_searched,,phase1b-v1.0
MN021,,3HMONGTV / Hmong Broadcasting Company,Minnesota Verification Batch1,Minnesota,Twin Cities,https://hbctv.net/,standalone_outlet,unclear,television,unclear,diaspora_national_origin,metro,,not_searched,,,not_searched,not_searched,not_searched,not_searched,,,not_searched,not_searched,not_searched,,not_searched,not_searched,,,,not_searched,not_searched,,,,not_searched,not_searched,,not_searched,,,,not_searched,not_searched,,not_searched,,not_searched,not_searched,not_searched,not_searched,not_searched,,not_searched,not_searched,,,not_searched,,,not_searched,,,not_searched,,not_searched,,not_searched,not_searched,not_searched,not_searched,,not_searched,,,,,,,,,,not_searched,,phase1b-v1.0
MN019,,Hmong Radio Broadcast,Minnesota Verification Batch1,Minnesota,Twin Cities,https://www.hmongradiobroadcast.com/,standalone_outlet,for_profit_private,radio,unclear,diaspora_national_origin,metro,,not_searched,,,not_searched,not_searched,not_searched,not_searched,,,not_searched,not_searched,not_searched,,not_searched,not_searched,,,,not_searched,not_searched,,,,not_searched,not_searched,,not_searched,,,,not_searched,not_searched,,not_searched,,not_searched,not_searched,not_searched,not_searched,not_searched,,not_searched,not_searched,,,not_searched,,,not_searched,,,not_searched,,not_searched,,not_searched,not_searched,not_searched,not_searched,,not_searched,,,,,,,,,,not_searched,,phase1b-v1.0
MN003,,Hmong Times,Minnesota Verification Batch1,Minnesota,St. Paul,https://hmongtimes.com/,standalone_outlet,unclear,print,unclear,diaspora_national_origin,neighborhood_or_city,,not_searched,,,not_searched,not_searched,not_searched,not_searched,,,not_searched,not_searched,not_searched,,not_searched,not_searched,,,,not_searched,not_searched,,,,not_searched,not_searched,,not_searched,,,,not_searched,not_searched,,not_searched,,not_searched,not_searched,not_searched,not_searched,not_searched,,not_searched,not_searched,,,not_searched,,,not_searched,,,not_searched,,not_searched,,not_searched,not_searched,not_searched,not_searched,,not_searched,,,,,,,,,,not_searched,,phase1b-v1.0
MN006,,KALY Somali American Radio,Minnesota Verification Batch1,Minnesota,Minneapolis,https://kalyradio.org/,standalone_outlet,unclear,radio,single_non_english,diaspora_national_origin,neighborhood_or_city,,not_searched,,,not_searched,not_searched,not_searched,not_searched,,,not_searched,not_searched,not_searched,,not_searched,not_searched,,,,not_searched,not_searched,,,,not_searched,not_searched,,not_searched,,,,not_searched,not_searched,,not_searched,,not_searched,not_searched,not_searched,not_searched,not_searched,,not_searched,not_searched,,,not_searched,,,not_searched,,,not_searched,,not_searched,,not_searched,not_searched,not_searched,not_searched,,not_searched,,,,,,,,,,not_searched,,phase1b-v1.0
MN004,,Korean Quarterly,Minnesota Verification Batch1,Minnesota,St. Paul,https://www.koreanquarterly.org/,standalone_outlet,nonprofit,unclear,unclear,unclear,neighborhood_or_city,,not_searched,,,not_searched,not_searched,not_searched,not_searched,,,not_searched,not_searched,not_searched,,not_searched,not_searched,,,,not_searched,not_searched,,,,not_searched,not_searched,,not_searched,,,,not_searched,not_searched,,not_searched,,not_searched,not_searched,not_searched,not_searched,not_searched,,not_searched,not_searched,,,not_searched,,,not_searched,,,not_searched,,not_searched,,not_searched,not_searched,not_searched,not_searched,,not_searched,,,,,,,,,,not_searched,,phase1b-v1.0
MN008,,Mshale,Minnesota Verification Batch1,Minnesota,Minneapolis,https://mshale.com/,standalone_outlet,unclear,print,unclear,immigrant_general,neighborhood_or_city,,not_searched,,,not_searched,not_searched,not_searched,not_searched,,,not_searched,not_searched,not_searched,,not_searched,not_searched,,,,not_searched,not_searched,,,,not_searched,not_searched,,not_searched,,,,not_searched,not_searched,,not_searched,,not_searched,not_searched,not_searched,not_searched,not_searched,,not_searched,not_searched,,,not_searched,,,not_searched,,,not_searched,,not_searched,,not_searched,not_searched,not_searched,not_searched,,not_searched,,,,,,,,,,not_searched,,phase1b-v1.0
MN001,,Sahan Journal,Minnesota Verification Batch1,Minnesota,St. Paul,https://sahanjournal.com/,standalone_outlet,nonprofit,unclear,unclear,multicultural_multiethnic,neighborhood_or_city,,not_searched,,,not_searched,not_searched,not_searched,not_searched,,,not_searched,not_searched,not_searched,,not_searched,not_searched,,,,not_searched,not_searched,,,,not_searched,not_searched,,not_searched,,,,not_searched,not_searched,,not_searched,,not_searched,not_searched,not_searched,not_searched,not_searched,,not_searched,not_searched,,,not_searched,,,not_searched,,,not_searched,,not_searched,,not_searched,not_searched,not_searched,not_searched,,not_searched,,,,,,,,,,not_searched,,phase1b-v1.0
MN002,,Somali Media of Minnesota,Minnesota Verification Batch1,Minnesota,Minneapolis,https://somalimediamn.com/,standalone_outlet,nonprofit,digital,multilingual,diaspora_national_origin,neighborhood_or_city,,not_searched,,,not_searched,not_searched,not_searched,not_searched,,,not_searched,not_searched,not_searched,,not_searched,not_searched,,,,not_searched,not_searched,,,,not_searched,not_searched,,not_searched,,,,not_searched,not_searched,,not_searched,,not_searched,not_searched,not_searched,not_searched,not_searched,,not_searched,not_searched,,,not_searched,,,not_searched,,,not_searched,,not_searched,,not_searched,not_searched,not_searched,not_searched,,not_searched,,,,,,,,,,not_searched,,phase1b-v1.0
MN009,,The Somali American,Minnesota Verification Batch1,Minnesota,Minneapolis,https://thesomaliamerican.com/,standalone_outlet,unclear,print,unclear,diaspora_national_origin,neighborhood_or_city,,not_searched,,,not_searched,not_searched,not_searched,not_searched,,,not_searched,not_searched,not_searched,,not_searched,not_searched,,,,not_searched,not_searched,,,,not_searched,not_searched,,not_searched,,,,not_searched,not_searched,,not_searched,,not_searched,not_searched,not_searched,not_searched,not_searched,,not_searched,not_searched,,,not_searched,,,not_searched,,,not_searched,,not_searched,,not_searched,not_searched,not_searched,not_searched,,not_searched,,,,,,,,,,not_searched,,phase1b-v1.0
MS003,,Mississippi Today en Español,Mississippi,Mississippi,Statewide,https://mississippitoday.org/tag/en-espanol/,hosted_language_product,nonprofit,unclear,language_specific_product_within_host,language_community,statewide,,not_searched,,,not_searched,not_searched,not_searched,not_searched,,,not_searched,not_searched,not_searched,,not_searched,not_searched,,,,not_searched,not_searched,,,,not_searched,not_searched,,not_searched,,,,not_searched,not_searched,,not_searched,,not_searched,not_searched,not_searched,not_searched,not_searched,,not_searched,not_searched,,,not_searched,,,not_searched,,,not_searched,,not_searched,,not_searched,not_searched,not_searched,not_searched,,not_searched,,,,,https://mississippitoday.org/2026/07/13/detenciones-ice-interrumpen-vidas-oxford/,,,,,not_searched,,phase1b-v1.0
MO001,ORG0001,Dos Mundos,Missouri,Missouri,Kansas City metro,https://dosmundos.com/,standalone_outlet,unclear,print,bilingual,immigrant_general,metro,,not_searched,,,not_searched,not_searched,not_searched,not_searched,,,not_searched,not_searched,not_searched,,not_searched,not_searched,,,,not_searched,not_searched,,,,not_searched,not_searched,,not_searched,,,,not_searched,not_searched,,not_searched,,not_searched,not_searched,not_searched,not_searched,not_searched,,not_searched,not_searched,,,not_searched,,,not_searched,,,not_searched,,not_searched,,not_searched,not_searched,not_searched,not_searched,,not_searched,,,,,https://dosmundos.com/dos-mundos-continues-founders-legacy-while-looking-to-the-future/,,,,,not_searched,,phase1b-v1.0
MO002,ORG0002,KC Hispanic News,Missouri,Missouri,Kansas City metro,https://kchispanicnews.com/,standalone_outlet,unclear,print,bilingual,ethnic_or_racial_community,metro,,not_searched,,,not_searched,not_searched,not_searched,not_searched,,,not_searched,not_searched,not_searched,,not_searched,not_searched,,,,not_searched,not_searched,,,,not_searched,not_searched,,not_searched,,,,not_searched,not_searched,,not_searched,,not_searched,not_searched,not_searched,not_searched,not_searched,,not_searched,not_searched,,,not_searched,,,not_searched,,,not_searched,,not_searched,,not_searched,not_searched,not_searched,not_searched,,not_searched,,,,,https://kchispanicnews.com/,,,,,not_searched,,phase1b-v1.0
MO003,,Red Latina STL,Missouri,Missouri,St. Louis / regional,https://www.redlatinastl.com/,standalone_outlet,unclear,print,bilingual,unclear,multistate_or_regional,,not_searched,,,not_searched,not_searched,not_searched,not_searched,,,not_searched,not_searched,not_searched,,not_searched,not_searched,,,,not_searched,not_searched,,,,not_searched,not_searched,,not_searched,,,,not_searched,not_searched,,not_searched,,not_searched,not_searched,not_searched,not_searched,not_searched,,not_searched,not_searched,,,not_searched,,,not_searched,,,not_searched,,not_searched,,not_searched,not_searched,not_searched,not_searched,,not_searched,,,,,https://www.redlatinastl.com/post/red-latina-inicia-2026-con-nueva-edici%C3%B3n-y-una-plataforma-renovada,,,,,not_searched,,phase1b-v1.0
MO004,,St. Louis Chinese American News,Missouri,Missouri,St. Louis metro,https://web.scanews.com/,standalone_outlet,unclear,print,bilingual,diaspora_national_origin,transnational_or_diaspora,,not_searched,,,not_searched,not_searched,not_searched,not_searched,,,not_searched,not_searched,not_searched,,not_searched,not_searched,,,,not_searched,not_searched,,,,not_searched,not_searched,,not_searched,,,,not_searched,not_searched,,not_searched,,not_searched,not_searched,not_searched,not_searched,not_searched,,not_searched,not_searched,,,not_searched,,,not_searched,,,not_searched,,not_searched,,not_searched,not_searched,not_searched,not_searched,,not_searched,,,,,https://web.scanews.com/about-us/,,,,,not_searched,,phase1b-v1.0
NE001,,El Perico,Nebraska,Nebraska,Omaha,https://el-perico.com/,standalone_outlet,unclear,print,bilingual,immigrant_general,neighborhood_or_city,,not_searched,,,not_searched,not_searched,not_searched,not_searched,,,not_searched,not_searched,not_searched,,not_searched,not_searched,,,,not_searched,not_searched,,,,not_searched,not_searched,,not_searched,,,,not_searched,not_searched,,not_searched,,not_searched,not_searched,not_searched,not_searched,not_searched,,not_searched,not_searched,,,not_searched,,,not_searched,,,not_searched,,not_searched,,not_searched,not_searched,not_searched,not_searched,,not_searched,,,,,https://el-perico.com/about-us/,,,,,not_searched,,phase1b-v1.0
NE003,,Hola Nebraska,Nebraska,Nebraska,Statewide / Omaha,https://holanebraska.org/,standalone_outlet,unclear,unclear,bilingual,unclear,statewide,,not_searched,,,not_searched,not_searched,not_searched,not_searched,,,not_searched,not_searched,not_searched,,not_searched,not_searched,,,,not_searched,not_searched,,,,not_searched,not_searched,,not_searched,,,,not_searched,not_searched,,not_searched,,not_searched,not_searched,not_searched,not_searched,not_searched,,not_searched,not_searched,,,not_searched,,,not_searched,,,not_searched,,not_searched,,not_searched,not_searched,not_searched,not_searched,,not_searched,,,,,https://holanebraska.org/,,,,,not_searched,,phase1b-v1.0
NE006,,KZUM en Español,Nebraska,Nebraska,Lincoln,https://kzum.org/news/,hosted_program,public_media,radio,single_non_english,ethnic_or_racial_community,neighborhood_or_city,,not_searched,,,not_searched,not_searched,not_searched,not_searched,,,not_searched,not_searched,not_searched,,not_searched,not_searched,,,,not_searched,not_searched,,,,not_searched,not_searched,,not_searched,,,,not_searched,not_searched,,not_searched,,not_searched,not_searched,not_searched,not_searched,not_searched,,not_searched,not_searched,,,not_searched,,,not_searched,,,not_searched,,not_searched,,not_searched,not_searched,not_searched,not_searched,,not_searched,,,,,https://kzum.org/news/,,,,,not_searched,,phase1b-v1.0
NE002,,Mundo Latino Network,Nebraska,Nebraska,Omaha / statewide,https://mundolatinonetwork.com/,standalone_outlet,unclear,unclear,single_non_english,diaspora_national_origin,statewide,,not_searched,,,not_searched,not_searched,not_searched,not_searched,,,not_searched,not_searched,not_searched,,not_searched,not_searched,,,,not_searched,not_searched,,,,not_searched,not_searched,,not_searched,,,,not_searched,not_searched,,not_searched,,not_searched,not_searched,not_searched,not_searched,not_searched,,not_searched,not_searched,,,not_searched,,,not_searched,,,not_searched,,not_searched,,not_searched,not_searched,not_searched,not_searched,,not_searched,,,,,https://mundolatinonetwork.com/2026/09/07/letter-from-the-editor-27-years-of-mundo-latino/,,,,,not_searched,,phase1b-v1.0
NE004,,Telemundo Nebraska,Nebraska,Nebraska,Statewide,https://www.floodcomm.com/telemundo-radio-lobo/,network_affiliate_or_local_station,unclear,television,single_non_english,language_community,statewide,,not_searched,,,not_searched,not_searched,not_searched,not_searched,,,not_searched,not_searched,not_searched,,not_searched,not_searched,,,,not_searched,not_searched,,,,not_searched,not_searched,,not_searched,,,,not_searched,not_searched,,not_searched,,not_searched,not_searched,not_searched,not_searched,not_searched,,not_searched,not_searched,,,not_searched,,,not_searched,,,not_searched,,not_searched,,not_searched,not_searched,not_searched,not_searched,,not_searched,,,,,https://www.floodcomm.com/telemundo-radio-lobo/,,,,,not_searched,,phase1b-v1.0
NV002,,El Nuevo Mundo,Nevada,Nevada,Las Vegas / Southern Nevada,https://elnuevomundo.lv/,standalone_outlet,unclear,print,single_non_english,ethnic_or_racial_community,neighborhood_or_city,,not_searched,,,not_searched,not_searched,not_searched,not_searched,,,not_searched,not_searched,not_searched,,not_searched,not_searched,,,,not_searched,not_searched,,,,not_searched,not_searched,,not_searched,,,,not_searched,not_searched,,not_searched,,not_searched,not_searched,not_searched,not_searched,not_searched,,not_searched,not_searched,,,not_searched,,,not_searched,,,not_searched,,not_searched,,not_searched,not_searched,not_searched,not_searched,,not_searched,,,,,https://elnuevomundo.lv/,,,,,not_searched,,phase1b-v1.0
NV003,,Entérate Vegas,Nevada,Nevada,Las Vegas,https://enteratevegas.com/,standalone_outlet,unclear,unclear,single_non_english,language_community,neighborhood_or_city,,not_searched,,,not_searched,not_searched,not_searched,not_searched,,,not_searched,not_searched,not_searched,,not_searched,not_searched,,,,not_searched,not_searched,,,,not_searched,not_searched,,not_searched,,,,not_searched,not_searched,,not_searched,,not_searched,not_searched,not_searched,not_searched,not_searched,,not_searched,not_searched,,,not_searched,,,not_searched,,,not_searched,,not_searched,,not_searched,not_searched,not_searched,not_searched,,not_searched,,,,,https://enteratevegas.com/advertise/,,,,,not_searched,,phase1b-v1.0
NV008,,K-LasVegas / Las Vegas Korean Magazine,Nevada,Nevada,Las Vegas,https://www.k-lasvegas.org/,standalone_outlet,nonprofit,print,unclear,diaspora_national_origin,neighborhood_or_city,,not_searched,,,not_searched,not_searched,not_searched,not_searched,,,not_searched,not_searched,not_searched,,not_searched,not_searched,,,,not_searched,not_searched,,,,not_searched,not_searched,,not_searched,,,,not_searched,not_searched,,not_searched,,not_searched,not_searched,not_searched,not_searched,not_searched,,not_searched,not_searched,,,not_searched,,,not_searched,,,not_searched,,not_searched,,not_searched,not_searched,not_searched,not_searched,,not_searched,,,,,https://www.k-lasvegas.org/,,,,,not_searched,,phase1b-v1.0
NV005,,Las Vegas Chinese Daily News,Nevada,Nevada,Las Vegas / Southern Nevada,https://lasvegaschinesedailynews.com/en/,standalone_outlet,unclear,print,unclear,diaspora_national_origin,transnational_or_diaspora,,not_searched,,,not_searched,not_searched,not_searched,not_searched,,,not_searched,not_searched,not_searched,,not_searched,not_searched,,,,not_searched,not_searched,,,,not_searched,not_searched,,not_searched,,,,not_searched,not_searched,,not_searched,,not_searched,not_searched,not_searched,not_searched,not_searched,,not_searched,not_searched,,,not_searched,,,not_searched,,,not_searched,,not_searched,,not_searched,not_searched,not_searched,not_searched,,not_searched,,,,,https://lasvegaschinesedailynews.com/en/,,,,,not_searched,,phase1b-v1.0
NV006,,Las Vegas Korean News,Nevada,Nevada,Las Vegas,,standalone_outlet,unclear,print,single_non_english,diaspora_national_origin,neighborhood_or_city,,not_searched,,,not_searched,not_searched,not_searched,not_searched,,,not_searched,not_searched,not_searched,,not_searched,not_searched,,,,not_searched,not_searched,,,,not_searched,not_searched,,not_searched,,,,not_searched,not_searched,,not_searched,,not_searched,not_searched,not_searched,not_searched,not_searched,,not_searched,not_searched,,,not_searched,,,not_searched,,,not_searched,,not_searched,,not_searched,not_searched,not_searched,not_searched,,not_searched,,,,,https://fliphtml5.com/cztqq/1569-BcKB/9/,,,,,not_searched,,phase1b-v1.0
NV004,,Noticiero Móvil,Nevada,Nevada,Reno / Northern Nevada,https://noticieromovil.com/,standalone_outlet,unclear,unclear,bilingual,ethnic_or_racial_community,neighborhood_or_city,,not_searched,,,not_searched,not_searched,not_searched,not_searched,,,not_searched,not_searched,not_searched,,not_searched,not_searched,,,,not_searched,not_searched,,,,not_searched,not_searched,,not_searched,,,,not_searched,not_searched,,not_searched,,not_searched,not_searched,not_searched,not_searched,not_searched,,not_searched,not_searched,,,not_searched,,,not_searched,,,not_searched,,not_searched,,not_searched,not_searched,not_searched,not_searched,,not_searched,,,,,https://noticieromovil.com/,,,,,not_searched,,phase1b-v1.0
NV001,,Philippine Times of Southern Nevada,Nevada,Nevada,Las Vegas / Southern Nevada,https://ptsnv.com/,standalone_outlet,unclear,print,bilingual,diaspora_national_origin,transnational_or_diaspora,,not_searched,,,not_searched,not_searched,not_searched,not_searched,,,not_searched,not_searched,not_searched,,not_searched,not_searched,,,,not_searched,not_searched,,,,not_searched,not_searched,,not_searched,,,,not_searched,not_searched,,not_searched,,not_searched,not_searched,not_searched,not_searched,not_searched,,not_searched,not_searched,,,not_searched,,,not_searched,,,not_searched,,not_searched,,not_searched,not_searched,not_searched,not_searched,,not_searched,,,,,https://ptsnv.com/subscribe/,,,,,not_searched,,phase1b-v1.0
NV011,,PHLV Radio,Nevada,Nevada,Las Vegas,https://phlvradio.com/,standalone_outlet,unclear,radio,unclear,diaspora_national_origin,neighborhood_or_city,,not_searched,,,not_searched,not_searched,not_searched,not_searched,,,not_searched,not_searched,not_searched,,not_searched,not_searched,,,,not_searched,not_searched,,,,not_searched,not_searched,,not_searched,,,,not_searched,not_searched,,not_searched,,not_searched,not_searched,not_searched,not_searched,not_searched,,not_searched,not_searched,,,not_searched,,,not_searched,,,not_searched,,not_searched,,not_searched,not_searched,not_searched,not_searched,,not_searched,,,,,https://ptsnv.com/category/top-stories/,,,,,not_searched,,phase1b-v1.0
NV007,,The Las Vegas Times / Korean Las Vegas Times,Nevada,Nevada,Las Vegas,https://www.koreanlasvegastimes.com/,standalone_outlet,unclear,print,single_non_english,diaspora_national_origin,transnational_or_diaspora,,not_searched,,,not_searched,not_searched,not_searched,not_searched,,,not_searched,not_searched,not_searched,,not_searched,not_searched,,,,not_searched,not_searched,,,,not_searched,not_searched,,not_searched,,,,not_searched,not_searched,,not_searched,,not_searched,not_searched,not_searched,not_searched,not_searched,,not_searched,not_searched,,,not_searched,,,not_searched,,,not_searched,,not_searched,,not_searched,not_searched,not_searched,not_searched,,not_searched,,,,,https://anyflip.com/njqei/sfai/basic/,,,,,not_searched,,phase1b-v1.0
NV009,,VietLasVegas.com,Nevada,Nevada,Las Vegas,https://vietlasvegas.com/,standalone_outlet,unclear,unclear,single_non_english,diaspora_national_origin,neighborhood_or_city,,not_searched,,,not_searched,not_searched,not_searched,not_searched,,,not_searched,not_searched,not_searched,,not_searched,not_searched,,,,not_searched,not_searched,,,,not_searched,not_searched,,not_searched,,,,not_searched,not_searched,,not_searched,,not_searched,not_searched,not_searched,not_searched,not_searched,,not_searched,not_searched,,,not_searched,,,not_searched,,,not_searched,,not_searched,,not_searched,not_searched,not_searched,not_searched,,not_searched,,,,,https://vietlasvegas.com/archive/,,,,,not_searched,,phase1b-v1.0
NH003,,Made En NH,New Hampshire,New Hampshire,Statewide,https://www.nhpr.org/made-en-nh,hosted_program,unclear,unclear,bilingual,ethnic_or_racial_community,statewide,,not_searched,,,not_searched,not_searched,not_searched,not_searched,,,not_searched,not_searched,not_searched,,not_searched,not_searched,,,,not_searched,not_searched,,,,not_searched,not_searched,,not_searched,,,,not_searched,not_searched,,not_searched,,not_searched,not_searched,not_searched,not_searched,not_searched,,not_searched,not_searched,,,not_searched,,,not_searched,,,not_searched,,not_searched,,not_searched,not_searched,not_searched,not_searched,,not_searched,,,,,https://www.nhpr.org/made-en-nh,,,,,not_searched,,phase1b-v1.0
NH002,,Visibles,New Hampshire,New Hampshire,Statewide,https://www.nhpr.org/visibles-stories-from-our-community,hosted_program,unclear,unclear,unclear,ethnic_or_racial_community,statewide,,not_searched,,,not_searched,not_searched,not_searched,not_searched,,,not_searched,not_searched,not_searched,,not_searched,not_searched,,,,not_searched,not_searched,,,,not_searched,not_searched,,not_searched,,,,not_searched,not_searched,,not_searched,,not_searched,not_searched,not_searched,not_searched,not_searched,,not_searched,not_searched,,,not_searched,,,not_searched,,,not_searched,,not_searched,,not_searched,not_searched,not_searched,not_searched,,not_searched,,,,,https://www.nhpr.org/visibles-stories-from-our-community,,,,,not_searched,,phase1b-v1.0
NH001,,"¿Qué Hay de Nuevo, New Hampshire?",New Hampshire,New Hampshire,Statewide,https://www.nhpr.org/noticias-en-espanol,hosted_language_product,public_media,radio,language_specific_product_within_host,ethnic_or_racial_community,statewide,,not_searched,,,not_searched,not_searched,not_searched,not_searched,,,not_searched,not_searched,not_searched,,not_searched,not_searched,,,,not_searched,not_searched,,,,not_searched,not_searched,,not_searched,,,,not_searched,not_searched,,not_searched,,not_searched,not_searched,not_searched,not_searched,not_searched,,not_searched,not_searched,,,not_searched,,,not_searched,,,not_searched,,not_searched,,not_searched,not_searched,not_searched,not_searched,,not_searched,,,,,https://www.nhpr.org/noticias-en-espanol,,,,,not_searched,,phase1b-v1.0
NJ006,,Central Desi,New Jersey,New Jersey,Statewide,https://centraldesi.beehiiv.com/,standalone_outlet,unclear,unclear,unclear,unclear,statewide,,not_searched,,,not_searched,not_searched,not_searched,not_searched,,,not_searched,not_searched,not_searched,,not_searched,not_searched,,,,not_searched,not_searched,,,,not_searched,not_searched,,not_searched,,,,not_searched,not_searched,,not_searched,,not_searched,not_searched,not_searched,not_searched,not_searched,,not_searched,not_searched,,,not_searched,,,not_searched,,,not_searched,,not_searched,,not_searched,not_searched,not_searched,not_searched,,not_searched,,,,,https://centraldesi.beehiiv.com/about-us,,,,,not_searched,,phase1b-v1.0
NJ008,,Desi.Net Edison,New Jersey,New Jersey,Edison,https://desi.net/edison/,standalone_outlet,unclear,unclear,unclear,unclear,neighborhood_or_city,,not_searched,,,not_searched,not_searched,not_searched,not_searched,,,not_searched,not_searched,not_searched,,not_searched,not_searched,,,,not_searched,not_searched,,,,not_searched,not_searched,,not_searched,,,,not_searched,not_searched,,not_searched,,not_searched,not_searched,not_searched,not_searched,not_searched,,not_searched,not_searched,,,not_searched,,,not_searched,,,not_searched,,not_searched,,not_searched,not_searched,not_searched,not_searched,,not_searched,,,,,https://desi.net/edison/news/edison-edison-nj-roundup-drowning-tragedy-india-day-parade-and-desi-dining-guide-2026-08-24,,,,,not_searched,,phase1b-v1.0
NJ003,,Korean Bergen News,New Jersey,New Jersey,Bergen County,https://kbergennews.com/,standalone_outlet,unclear,print,single_non_english,diaspora_national_origin,transnational_or_diaspora,,not_searched,,,not_searched,not_searched,not_searched,not_searched,,,not_searched,not_searched,not_searched,,not_searched,not_searched,,,,not_searched,not_searched,,,,not_searched,not_searched,,not_searched,,,,not_searched,not_searched,,not_searched,,not_searched,not_searched,not_searched,not_searched,not_searched,,not_searched,not_searched,,,not_searched,,,not_searched,,,not_searched,,not_searched,,not_searched,not_searched,not_searched,not_searched,,not_searched,,,,,https://kbergennews.com/posts/why-korean-bergen-news-en,,,,,not_searched,,phase1b-v1.0
NJ005,ORG0003,News India Times,New Jersey,New Jersey,Edison / national,https://newsindiatimes.com/,standalone_outlet,unclear,print,unclear,diaspora_national_origin,transnational_or_diaspora,,not_searched,,,not_searched,not_searched,not_searched,not_searched,,,not_searched,not_searched,not_searched,,not_searched,not_searched,,,,not_searched,not_searched,,,,not_searched,not_searched,,not_searched,,,,not_searched,not_searched,,not_searched,,not_searched,not_searched,not_searched,not_searched,not_searched,,not_searched,not_searched,,,not_searched,,,not_searched,,,not_searched,,not_searched,,not_searched,not_searched,not_searched,not_searched,,not_searched,,,,,https://newsindiatimes.com/,,,,,not_searched,,phase1b-v1.0
NJ004,,NJ Information Magazine,New Jersey,New Jersey,Fort Lee / Palisades Park,https://www.njjungbo.com/,standalone_outlet,unclear,print,unclear,diaspora_national_origin,neighborhood_or_city,,not_searched,,,not_searched,not_searched,not_searched,not_searched,,,not_searched,not_searched,not_searched,,not_searched,not_searched,,,,not_searched,not_searched,,,,not_searched,not_searched,,not_searched,,,,not_searched,not_searched,,not_searched,,not_searched,not_searched,not_searched,not_searched,not_searched,,not_searched,not_searched,,,not_searched,,,not_searched,,,not_searched,,not_searched,,not_searched,not_searched,not_searched,not_searched,,not_searched,,,,,https://www.njjungbo.com/,,,,,not_searched,,phase1b-v1.0
NJ009,,NJ Spotlight News en Español,New Jersey,New Jersey,Statewide,https://www.njspotlightnews.org/,hosted_language_product,mixed_or_hybrid,unclear,language_specific_product_within_host,language_community,statewide,,not_searched,,,not_searched,not_searched,not_searched,not_searched,,,not_searched,not_searched,not_searched,,not_searched,not_searched,,,,not_searched,not_searched,,,,not_searched,not_searched,,not_searched,,,,not_searched,not_searched,,not_searched,,not_searched,not_searched,not_searched,not_searched,not_searched,,not_searched,not_searched,,,not_searched,,,not_searched,,,not_searched,,not_searched,,not_searched,not_searched,not_searched,not_searched,,not_searched,,,,,https://www.nj.gov/treasury/njpba/assets/files/pdf/2025/CPB_LocalContentReport2024.pdf,,,,,not_searched,,phase1b-v1.0
NJ007,,Panjab Express,New Jersey,New Jersey,Avenel / statewide & diaspora,https://www.panjabexpress.com/,standalone_outlet,for_profit_private,print,bilingual,diaspora_national_origin,transnational_or_diaspora,,not_searched,,,not_searched,not_searched,not_searched,not_searched,,,not_searched,not_searched,not_searched,,not_searched,not_searched,,,,not_searched,not_searched,,,,not_searched,not_searched,,not_searched,,,,not_searched,not_searched,,not_searched,,not_searched,not_searched,not_searched,not_searched,not_searched,,not_searched,not_searched,,,not_searched,,,not_searched,,,not_searched,,not_searched,,not_searched,not_searched,not_searched,not_searched,,not_searched,,,,,https://www.panjabexpress.com/about,,,,,not_searched,,phase1b-v1.0
NJ001,,Radio Jornalera NJ,New Jersey,New Jersey,Newark / statewide,,standalone_outlet,unclear,mixed_platform,unclear,mixed_orientation,statewide,,not_searched,,,not_searched,not_searched,not_searched,not_searched,,,not_searched,not_searched,not_searched,,not_searched,not_searched,,,,not_searched,not_searched,,,,not_searched,not_searched,,not_searched,,,,not_searched,not_searched,,not_searched,,not_searched,not_searched,not_searched,not_searched,not_searched,,not_searched,not_searched,,,not_searched,,,not_searched,,,not_searched,,not_searched,,not_searched,not_searched,not_searched,not_searched,,not_searched,,,,,https://www.theguardian.com/us-news/2026/jun/13/radio-jornalera-new-jersey-immigration-detention-center,,,,,not_searched,,phase1b-v1.0
NJ002,,Reporte Hispano,New Jersey,New Jersey,Statewide,https://reportehispano.com/,standalone_outlet,unclear,unclear,single_non_english,ethnic_or_racial_community,statewide,,not_searched,,,not_searched,not_searched,not_searched,not_searched,,,not_searched,not_searched,not_searched,,not_searched,not_searched,,,,not_searched,not_searched,,,,not_searched,not_searched,,not_searched,,,,not_searched,not_searched,,not_searched,,not_searched,not_searched,not_searched,not_searched,not_searched,,not_searched,not_searched,,,not_searched,,,not_searched,,,not_searched,,not_searched,,not_searched,not_searched,not_searched,not_searched,,not_searched,,,,,https://reportehispano.com/,,,,,not_searched,,phase1b-v1.0
NM003,,KMVR-FM,New Mexico,New Mexico,Deming / Southwest New Mexico,,standalone_outlet,unclear,radio,single_non_english,language_community,neighborhood_or_city,,not_searched,,,not_searched,not_searched,not_searched,not_searched,,,not_searched,not_searched,not_searched,,not_searched,not_searched,,,,not_searched,not_searched,,,,not_searched,not_searched,,not_searched,,,,not_searched,not_searched,,not_searched,,not_searched,not_searched,not_searched,not_searched,not_searched,,not_searched,not_searched,,,not_searched,,,not_searched,,,not_searched,,not_searched,,not_searched,not_searched,not_searched,not_searched,,not_searched,,,,,https://iprsoftwaremedia.com/175/files/202511/NewsMapFullReport.pdf,,,,,not_searched,,phase1b-v1.0
NM001,,Telemundo Nuevo México,New Mexico,New Mexico,Albuquerque / statewide,,network_affiliate_or_local_station,unclear,television,single_non_english,language_community,statewide,,not_searched,,,not_searched,not_searched,not_searched,not_searched,,,not_searched,not_searched,not_searched,,not_searched,not_searched,,,,not_searched,not_searched,,,,not_searched,not_searched,,not_searched,,,,not_searched,not_searched,,not_searched,,not_searched,not_searched,not_searched,not_searched,not_searched,,not_searched,not_searched,,,not_searched,,,not_searched,,,not_searched,,not_searched,,not_searched,not_searched,not_searched,not_searched,,not_searched,,,,,https://iprsoftwaremedia.com/175/files/202511/NewsMapFullReport.pdf,,,,,not_searched,,phase1b-v1.0
NM002,,Univision Nuevo México,New Mexico,New Mexico,Albuquerque / statewide,,network_affiliate_or_local_station,unclear,television,single_non_english,language_community,statewide,,not_searched,,,not_searched,not_searched,not_searched,not_searched,,,not_searched,not_searched,not_searched,,not_searched,not_searched,,,,not_searched,not_searched,,,,not_searched,not_searched,,not_searched,,,,not_searched,not_searched,,not_searched,,not_searched,not_searched,not_searched,not_searched,not_searched,,not_searched,not_searched,,,not_searched,,,not_searched,,,not_searched,,not_searched,,not_searched,not_searched,not_searched,not_searched,,not_searched,,,,,https://iprsoftwaremedia.com/175/files/202511/NewsMapFullReport.pdf,,,,,not_searched,,phase1b-v1.0
NY003,,Africa in Harlem,New York,New York,Harlem / NYC,https://africainharlem.nyc/,standalone_outlet,unclear,unclear,multilingual,diaspora_national_origin,transnational_or_diaspora,,not_searched,,,not_searched,not_searched,not_searched,not_searched,,,not_searched,not_searched,not_searched,,not_searched,not_searched,,,,not_searched,not_searched,,,,not_searched,not_searched,,not_searched,,,,not_searched,not_searched,,not_searched,,not_searched,not_searched,not_searched,not_searched,not_searched,,not_searched,not_searched,,,not_searched,,,not_searched,,,not_searched,,not_searched,,not_searched,not_searched,not_searched,not_searched,,not_searched,,,,,https://africainharlem.nyc/en/about-us/,,,,,not_searched,,phase1b-v1.0
NY033,,Caribbean Life,New York,New York,Brooklyn / NYC,https://www.caribbeanlife.com/,standalone_outlet,unclear,print,unclear,diaspora_national_origin,transnational_or_diaspora,,not_searched,,,not_searched,not_searched,not_searched,not_searched,,,not_searched,not_searched,not_searched,,not_searched,not_searched,,,,not_searched,not_searched,,,,not_searched,not_searched,,not_searched,,,,not_searched,not_searched,,not_searched,,not_searched,not_searched,not_searched,not_searched,not_searched,,not_searched,not_searched,,,not_searched,,,not_searched,,,not_searched,,not_searched,,not_searched,not_searched,not_searched,not_searched,,not_searched,,,,,https://www.caribbeanlife.com/,,,,,not_searched,,phase1b-v1.0
NY001,,Documented,New York,New York,New York City,https://documentedny.com/,standalone_outlet,nonprofit,unclear,multilingual,mixed_orientation,neighborhood_or_city,,not_searched,,,not_searched,not_searched,not_searched,not_searched,,,not_searched,not_searched,not_searched,,not_searched,not_searched,,,,not_searched,not_searched,,,,not_searched,not_searched,,not_searched,,,,not_searched,not_searched,,not_searched,,not_searched,not_searched,not_searched,not_searched,not_searched,,not_searched,not_searched,,,not_searched,,,not_searched,,,not_searched,,not_searched,,not_searched,not_searched,not_searched,not_searched,,not_searched,,,,,https://documentedny.com/about-us/,,,,,not_searched,,phase1b-v1.0
NY005,,El Diario / La Prensa,New York,New York,New York City,https://eldiariony.com/,standalone_outlet,unclear,unclear,single_non_english,language_community,neighborhood_or_city,,not_searched,,,not_searched,not_searched,not_searched,not_searched,,,not_searched,not_searched,not_searched,,not_searched,not_searched,,,,not_searched,not_searched,,,,not_searched,not_searched,,not_searched,,,,not_searched,not_searched,,not_searched,,not_searched,not_searched,not_searched,not_searched,not_searched,,not_searched,not_searched,,,not_searched,,,not_searched,,,not_searched,,not_searched,,not_searched,not_searched,not_searched,not_searched,,not_searched,,,,,https://eldiariony.com/about-us/,,,,,not_searched,,phase1b-v1.0
NY004,,Feet in 2 Worlds,New York,New York,New York City,https://fi2w.org/,standalone_outlet,nonprofit,podcast,unclear,mixed_orientation,neighborhood_or_city,,not_searched,,,not_searched,not_searched,not_searched,not_searched,,,not_searched,not_searched,not_searched,,not_searched,not_searched,,,,not_searched,not_searched,,,,not_searched,not_searched,,not_searched,,,,not_searched,not_searched,,not_searched,,not_searched,not_searched,not_searched,not_searched,not_searched,,not_searched,not_searched,,,not_searched,,,not_searched,,,not_searched,,not_searched,,not_searched,not_searched,not_searched,not_searched,,not_searched,,,,,https://www.fi2w.org/about-us/,,,,,not_searched,,phase1b-v1.0
NY026,,ForumDaily,New York,New York,Brooklyn / national,https://www.forumdaily.com/,standalone_outlet,unclear,digital,single_non_english,diaspora_national_origin,transnational_or_diaspora,,not_searched,,,not_searched,not_searched,not_searched,not_searched,,,not_searched,not_searched,not_searched,,not_searched,not_searched,,,,not_searched,not_searched,,,,not_searched,not_searched,,not_searched,,,,not_searched,not_searched,,not_searched,,not_searched,not_searched,not_searched,not_searched,not_searched,,not_searched,not_searched,,,not_searched,,,not_searched,,,not_searched,,not_searched,,not_searched,not_searched,not_searched,not_searched,,not_searched,,,,,https://www.forumdaily.com/en/contacts/,,,,,not_searched,,phase1b-v1.0
NY032,,French Morning,New York,New York,New York City / U.S. network,https://frenchmorning.com/,standalone_outlet,unclear,unclear,single_non_english,diaspora_national_origin,transnational_or_diaspora,,not_searched,,,not_searched,not_searched,not_searched,not_searched,,,not_searched,not_searched,not_searched,,not_searched,not_searched,,,,not_searched,not_searched,,,,not_searched,not_searched,,not_searched,,,,not_searched,not_searched,,not_searched,,not_searched,not_searched,not_searched,not_searched,not_searched,,not_searched,not_searched,,,not_searched,,,not_searched,,,not_searched,,not_searched,,not_searched,not_searched,not_searched,not_searched,,not_searched,,,,,https://frenchmorning.com/,,,,,not_searched,,phase1b-v1.0
NY006,,Impacto Latino,New York,New York,New York City,https://impactolatino.com/,standalone_outlet,unclear,print,single_non_english,ethnic_or_racial_community,neighborhood_or_city,,not_searched,,,not_searched,not_searched,not_searched,not_searched,,,not_searched,not_searched,not_searched,,not_searched,not_searched,,,,not_searched,not_searched,,,,not_searched,not_searched,,not_searched,,,,not_searched,not_searched,,not_searched,,not_searched,not_searched,not_searched,not_searched,not_searched,,not_searched,not_searched,,,not_searched,,,not_searched,,,not_searched,,not_searched,,not_searched,not_searched,not_searched,not_searched,,not_searched,,,,,https://impactolatino.com/,,,,,not_searched,,phase1b-v1.0
NY014,,Khasokhas,New York,New York,Queens / NYC,https://www.khasokhas.com/,standalone_outlet,unclear,unclear,unclear,diaspora_national_origin,neighborhood_or_city,,not_searched,,,not_searched,not_searched,not_searched,not_searched,,,not_searched,not_searched,not_searched,,not_searched,not_searched,,,,not_searched,not_searched,,,,not_searched,not_searched,,not_searched,,,,not_searched,not_searched,,not_searched,,not_searched,not_searched,not_searched,not_searched,not_searched,,not_searched,not_searched,,,not_searched,,,not_searched,,,not_searched,,not_searched,,not_searched,not_searched,not_searched,not_searched,,not_searched,,,,,https://www.khasokhas.com/about-us,,,,,not_searched,,phase1b-v1.0
NY018,,Korea Daily New York,New York,New York,Bayside / Queens,http://koreadailyny.com,standalone_outlet,unclear,unclear,single_non_english,diaspora_national_origin,neighborhood_or_city,,not_searched,,,not_searched,not_searched,not_searched,not_searched,,,not_searched,not_searched,not_searched,,not_searched,not_searched,,,,not_searched,not_searched,,,,not_searched,not_searched,,not_searched,,,,not_searched,not_searched,,not_searched,,not_searched,not_searched,not_searched,not_searched,not_searched,,not_searched,not_searched,,,not_searched,,,not_searched,,,not_searched,,not_searched,,not_searched,not_searched,not_searched,not_searched,,not_searched,,,,,https://yp.koreadaily.com/detail/301?bra_code=NY,,,,,not_searched,,phase1b-v1.0
NY019,,Korea Times New York,New York,New York,New York City / Queens,https://www.koreatimes.com/,standalone_outlet,unclear,unclear,single_non_english,diaspora_national_origin,neighborhood_or_city,,not_searched,,,not_searched,not_searched,not_searched,not_searched,,,not_searched,not_searched,not_searched,,not_searched,not_searched,,,,not_searched,not_searched,,,,not_searched,not_searched,,not_searched,,,,not_searched,not_searched,,not_searched,,not_searched,not_searched,not_searched,not_searched,not_searched,,not_searched,not_searched,,,not_searched,,,not_searched,,,not_searched,,not_searched,,not_searched,not_searched,not_searched,not_searched,,not_searched,,,,,,,,,,not_searched,,phase1b-v1.0
NY028,,Kurier Plus,New York,New York,New York City,https://www.kurierplus.com/,standalone_outlet,unclear,print,single_non_english,diaspora_national_origin,transnational_or_diaspora,,not_searched,,,not_searched,not_searched,not_searched,not_searched,,,not_searched,not_searched,not_searched,,not_searched,not_searched,,,,not_searched,not_searched,,,,not_searched,not_searched,,not_searched,,,,not_searched,not_searched,,not_searched,,not_searched,not_searched,not_searched,not_searched,not_searched,,not_searched,not_searched,,,not_searched,,,not_searched,,,not_searched,,not_searched,,not_searched,not_searched,not_searched,not_searched,,not_searched,,,,,https://www.kurierplus.com/,,,,,not_searched,,phase1b-v1.0
NY009,,New York Latino,New York,New York,New York City,https://newyorklatino.com/,standalone_outlet,unclear,unclear,single_non_english,ethnic_or_racial_community,neighborhood_or_city,,not_searched,,,not_searched,not_searched,not_searched,not_searched,,,not_searched,not_searched,not_searched,,not_searched,not_searched,,,,not_searched,not_searched,,,,not_searched,not_searched,,not_searched,,,,not_searched,not_searched,,not_searched,,not_searched,not_searched,not_searched,not_searched,not_searched,,not_searched,not_searched,,,not_searched,,,not_searched,,,not_searched,,not_searched,,not_searched,not_searched,not_searched,not_searched,,not_searched,,,,,https://newyorklatino.com/,,,,,not_searched,,phase1b-v1.0
NY024,,Shukan NY Seikatsu,New York,New York,New York City,https://www.nyseikatsu.com/,standalone_outlet,unclear,print,single_non_english,immigrant_general,neighborhood_or_city,,not_searched,,,not_searched,not_searched,not_searched,not_searched,,,not_searched,not_searched,not_searched,,not_searched,not_searched,,,,not_searched,not_searched,,,,not_searched,not_searched,,not_searched,,,,not_searched,not_searched,,not_searched,,not_searched,not_searched,not_searched,not_searched,not_searched,,not_searched,not_searched,,,not_searched,,,not_searched,,,not_searched,,not_searched,,not_searched,not_searched,not_searched,not_searched,,not_searched,,,,,https://www.nyseikatsu.com/english-page/05/2018/5451/,,,,,not_searched,,phase1b-v1.0
NY021,,Sing Tao Daily New York,New York,New York,New York City,https://www.singtaousa.com/,standalone_outlet,unclear,unclear,single_non_english,diaspora_national_origin,transnational_or_diaspora,,not_searched,,,not_searched,not_searched,not_searched,not_searched,,,not_searched,not_searched,not_searched,,not_searched,not_searched,,,,not_searched,not_searched,,,,not_searched,not_searched,,not_searched,,,,not_searched,not_searched,,not_searched,,not_searched,not_searched,not_searched,not_searched,not_searched,,not_searched,not_searched,,,not_searched,,,not_searched,,,not_searched,,not_searched,,not_searched,not_searched,not_searched,not_searched,,not_searched,,,,,https://www.nysenate.gov/legislation/resolutions/2019/2019-j2040,,,,,not_searched,,phase1b-v1.0
NY002,,The Haitian Times,New York,New York,Brooklyn / NYC,https://haitiantimes.com/,standalone_outlet,unclear,unclear,unclear,diaspora_national_origin,transnational_or_diaspora,,not_searched,,,not_searched,not_searched,not_searched,not_searched,,,not_searched,not_searched,not_searched,,not_searched,not_searched,,,,not_searched,not_searched,,,,not_searched,not_searched,,not_searched,,,,not_searched,not_searched,,not_searched,,not_searched,not_searched,not_searched,not_searched,not_searched,,not_searched,not_searched,,,not_searched,,,not_searched,,,not_searched,,not_searched,,not_searched,not_searched,not_searched,not_searched,,not_searched,,,,,https://haitiantimes.com/donate/,,,,,not_searched,,phase1b-v1.0
NY030,,The National Herald,New York,New York,New York City,https://www.thenationalherald.com/,standalone_outlet,unclear,print,bilingual,diaspora_national_origin,transnational_or_diaspora,,not_searched,,,not_searched,not_searched,not_searched,not_searched,,,not_searched,not_searched,not_searched,,not_searched,not_searched,,,,not_searched,not_searched,,,,not_searched,not_searched,,not_searched,,,,not_searched,not_searched,,not_searched,,not_searched,not_searched,not_searched,not_searched,not_searched,,not_searched,not_searched,,,not_searched,,,not_searched,,,not_searched,,not_searched,,not_searched,not_searched,not_searched,not_searched,,not_searched,,,,,https://www.thenationalherald.com/,,,,,not_searched,,phase1b-v1.0
NY013,,Weekly Thikana,New York,New York,Queens / NYC,https://thikana.us/,standalone_outlet,unclear,mixed_platform,unclear,diaspora_national_origin,transnational_or_diaspora,,not_searched,,,not_searched,not_searched,not_searched,not_searched,,,not_searched,not_searched,not_searched,,not_searched,not_searched,,,,not_searched,not_searched,,,,not_searched,not_searched,,not_searched,,,,not_searched,not_searched,,not_searched,,not_searched,not_searched,not_searched,not_searched,not_searched,,not_searched,not_searched,,,not_searched,,,not_searched,,,not_searched,,not_searched,,not_searched,not_searched,not_searched,not_searched,,not_searched,,,,,https://thikanagroup.com/,,,,,not_searched,,phase1b-v1.0
NY022,,World Journal New York,New York,New York,Queens / NYC,https://www.worldjournal.com/,standalone_outlet,for_profit_private,print,single_non_english,language_community,neighborhood_or_city,,not_searched,,,not_searched,not_searched,not_searched,not_searched,,,not_searched,not_searched,not_searched,,not_searched,not_searched,,,,not_searched,not_searched,,,,not_searched,not_searched,,not_searched,,,,not_searched,not_searched,,not_searched,,not_searched,not_searched,not_searched,not_searched,not_searched,,not_searched,not_searched,,,not_searched,,,not_searched,,,not_searched,,not_searched,,not_searched,not_searched,not_searched,not_searched,,not_searched,,,,,https://www.worldjournal.com/,,,,,not_searched,,phase1b-v1.0
NC005,,Alianza NC,North Carolina,North Carolina,Chapel Hill,https://www.alianzanc.com/,standalone_outlet,unclear,print,bilingual,unclear,neighborhood_or_city,,not_searched,,,not_searched,not_searched,not_searched,not_searched,,,not_searched,not_searched,not_searched,,not_searched,not_searched,,,,not_searched,not_searched,,,,not_searched,not_searched,,not_searched,,,,not_searched,not_searched,,not_searched,,not_searched,not_searched,not_searched,not_searched,not_searched,,not_searched,not_searched,,,not_searched,,,not_searched,,,not_searched,,not_searched,,not_searched,not_searched,not_searched,not_searched,,not_searched,,,,,https://www.alianzanc.com/about/acercade,,,,,not_searched,,phase1b-v1.0
NC006,,El Faro (Beacon Media NC),North Carolina,North Carolina,Statewide,https://www.beaconmedianc.org/el-faro/,hosted_program,community_or_civic_organization_based,unclear,single_non_english,language_community,statewide,,not_searched,,,not_searched,not_searched,not_searched,not_searched,,,not_searched,not_searched,not_searched,,not_searched,not_searched,,,,not_searched,not_searched,,,,not_searched,not_searched,,not_searched,,,,not_searched,not_searched,,not_searched,,not_searched,not_searched,not_searched,not_searched,not_searched,,not_searched,not_searched,,,not_searched,,,not_searched,,,not_searched,,not_searched,,not_searched,not_searched,not_searched,not_searched,,not_searched,,,,,https://www.beaconmedianc.org/el-faro/,,,,,not_searched,,phase1b-v1.0
NC001,,Enlace Latino NC,North Carolina,North Carolina,Statewide / Raleigh,https://enlacelatinonc.org/,standalone_outlet,nonprofit,digital,single_non_english,immigrant_general,statewide,,not_searched,,,not_searched,not_searched,not_searched,not_searched,,,not_searched,not_searched,not_searched,,not_searched,not_searched,,,,not_searched,not_searched,,,,not_searched,not_searched,,not_searched,,,,not_searched,not_searched,,not_searched,,not_searched,not_searched,not_searched,not_searched,not_searched,,not_searched,not_searched,,,not_searched,,,not_searched,,,not_searched,,not_searched,,not_searched,not_searched,not_searched,not_searched,,not_searched,,,,,https://enlacelatinonc.org/about-us/,,,,,not_searched,,phase1b-v1.0
NC004,,Hola Carolina,North Carolina,North Carolina,Asheville / Western North Carolina,https://holacarolina.org/,standalone_outlet,nonprofit,radio,single_non_english,ethnic_or_racial_community,neighborhood_or_city,,not_searched,,,not_searched,not_searched,not_searched,not_searched,,,not_searched,not_searched,not_searched,,not_searched,not_searched,,,,not_searched,not_searched,,,,not_searched,not_searched,,not_searched,,,,not_searched,not_searched,,not_searched,,not_searched,not_searched,not_searched,not_searched,not_searched,,not_searched,not_searched,,,not_searched,,,not_searched,,,not_searched,,not_searched,,not_searched,not_searched,not_searched,not_searched,,not_searched,,,,,https://holacarolina.org/,,,,,not_searched,,phase1b-v1.0
NC012,,Hola News,North Carolina,North Carolina,Charlotte / Carolinas,https://holanews.com/,standalone_outlet,unclear,unclear,single_non_english,language_community,multistate_or_regional,,not_searched,,,not_searched,not_searched,not_searched,not_searched,,,not_searched,not_searched,not_searched,,not_searched,not_searched,,,,not_searched,not_searched,,,,not_searched,not_searched,,not_searched,,,,not_searched,not_searched,,not_searched,,not_searched,not_searched,not_searched,not_searched,not_searched,,not_searched,not_searched,,,not_searched,,,not_searched,,,not_searched,,not_searched,,not_searched,not_searched,not_searched,not_searched,,not_searched,,,,,https://holanews.com/,,,,,not_searched,,phase1b-v1.0
NC011,,La Conexión USA,North Carolina,North Carolina,Raleigh / statewide,https://laconexionusa.com/,standalone_outlet,unclear,unclear,single_non_english,language_community,statewide,,not_searched,,,not_searched,not_searched,not_searched,not_searched,,,not_searched,not_searched,not_searched,,not_searched,not_searched,,,,not_searched,not_searched,,,,not_searched,not_searched,,not_searched,,,,not_searched,not_searched,,not_searched,,not_searched,not_searched,not_searched,not_searched,not_searched,,not_searched,not_searched,,,not_searched,,,not_searched,,,not_searched,,not_searched,,not_searched,not_searched,not_searched,not_searched,,not_searched,,,,,https://laconexionusa.com/,,,,,not_searched,,phase1b-v1.0
NC002,,La Noticia,North Carolina,North Carolina,Charlotte / statewide,https://lanoticia.com/,standalone_outlet,unclear,print,single_non_english,immigrant_general,statewide,,not_searched,,,not_searched,not_searched,not_searched,not_searched,,,not_searched,not_searched,not_searched,,not_searched,not_searched,,,,not_searched,not_searched,,,,not_searched,not_searched,,not_searched,,,,not_searched,not_searched,,not_searched,,not_searched,not_searched,not_searched,not_searched,not_searched,,not_searched,not_searched,,,not_searched,,,not_searched,,,not_searched,,not_searched,,not_searched,not_searched,not_searched,not_searched,,not_searched,,,,,https://www.reportforamerica.org/newsrooms/la-noticia/,,,,,not_searched,,phase1b-v1.0
NC003,,Qué Pasa / Acción Hispana,North Carolina,North Carolina,Statewide,https://accionhispana.org/,standalone_outlet,unclear,print,single_non_english,language_community,statewide,,not_searched,,,not_searched,not_searched,not_searched,not_searched,,,not_searched,not_searched,not_searched,,not_searched,not_searched,,,,not_searched,not_searched,,,,not_searched,not_searched,,not_searched,,,,not_searched,not_searched,,not_searched,,not_searched,not_searched,not_searched,not_searched,not_searched,,not_searched,not_searched,,,not_searched,,,not_searched,,,not_searched,,not_searched,,not_searched,not_searched,not_searched,not_searched,,not_searched,,,,,https://accionhispana.org/about-us/,,,,,not_searched,,phase1b-v1.0
OH006,,El Sol de Ohio,Ohio,Ohio,Columbus,https://www.elsoldeohio.com/,standalone_outlet,unclear,print,single_non_english,ethnic_or_racial_community,neighborhood_or_city,,not_searched,,,not_searched,not_searched,not_searched,not_searched,,,not_searched,not_searched,not_searched,,not_searched,not_searched,,,,not_searched,not_searched,,,,not_searched,not_searched,,not_searched,,,,not_searched,not_searched,,not_searched,,not_searched,not_searched,not_searched,not_searched,not_searched,,not_searched,not_searched,,,not_searched,,,not_searched,,,not_searched,,not_searched,,not_searched,not_searched,not_searched,not_searched,,not_searched,,,,,https://www.elsoldeohio.com/,,,,,not_searched,,phase1b-v1.0
OH005,,La Prensa Newspaper,Ohio,Ohio,Toledo / NW Ohio,https://laprensanewspaper.com/,standalone_outlet,unclear,print,bilingual,ethnic_or_racial_community,multistate_or_regional,,not_searched,,,not_searched,not_searched,not_searched,not_searched,,,not_searched,not_searched,not_searched,,not_searched,not_searched,,,,not_searched,not_searched,,,,not_searched,not_searched,,not_searched,,,,not_searched,not_searched,,not_searched,,not_searched,not_searched,not_searched,not_searched,not_searched,,not_searched,not_searched,,,not_searched,,,not_searched,,,not_searched,,not_searched,,not_searched,not_searched,not_searched,not_searched,,not_searched,,,,,https://laprensanewspaper.com/,,,,,not_searched,,phase1b-v1.0
OH004,,Ohio in Arabic,Ohio,Ohio,Statewide / Columbus,https://ohioinarabic.com/,standalone_outlet,nonprofit,print,single_non_english,diaspora_national_origin,statewide,,not_searched,,,not_searched,not_searched,not_searched,not_searched,,,not_searched,not_searched,not_searched,,not_searched,not_searched,,,,not_searched,not_searched,,,,not_searched,not_searched,,not_searched,,,,not_searched,not_searched,,not_searched,,not_searched,not_searched,not_searched,not_searched,not_searched,,not_searched,not_searched,,,not_searched,,,not_searched,,,not_searched,,not_searched,,not_searched,not_searched,not_searched,not_searched,,not_searched,,,,,https://ohioinarabic.com/about-us,,,,,not_searched,,phase1b-v1.0
OH009,,Onumba / Fawol Africa Media,Ohio,Ohio,Columbus,https://onumba.com/,standalone_outlet,unclear,digital,unclear,diaspora_national_origin,transnational_or_diaspora,,not_searched,,,not_searched,not_searched,not_searched,not_searched,,,not_searched,not_searched,not_searched,,not_searched,not_searched,,,,not_searched,not_searched,,,,not_searched,not_searched,,not_searched,,,,not_searched,not_searched,,not_searched,,not_searched,not_searched,not_searched,not_searched,not_searched,,not_searched,not_searched,,,not_searched,,,not_searched,,,not_searched,,not_searched,,not_searched,not_searched,not_searched,not_searched,,not_searched,,,,,https://onumba.com/about-onumba/,,,,,not_searched,,phase1b-v1.0
OH007,,Vocero Latino,Ohio,Ohio,Cleveland,https://vocerolatino.com/,standalone_outlet,unclear,print,single_non_english,ethnic_or_racial_community,neighborhood_or_city,,not_searched,,,not_searched,not_searched,not_searched,not_searched,,,not_searched,not_searched,not_searched,,not_searched,not_searched,,,,not_searched,not_searched,,,,not_searched,not_searched,,not_searched,,,,not_searched,not_searched,,not_searched,,not_searched,not_searched,not_searched,not_searched,not_searched,,not_searched,not_searched,,,not_searched,,,not_searched,,,not_searched,,not_searched,,not_searched,not_searched,not_searched,not_searched,,not_searched,,,,,https://vocerolatino.com/,,,,,not_searched,,phase1b-v1.0
OK002,,El Latino American,Oklahoma,Oklahoma,Oklahoma City / statewide,https://ellatinoamerican.com/,standalone_outlet,unclear,print,bilingual,unclear,statewide,,not_searched,,,not_searched,not_searched,not_searched,not_searched,,,not_searched,not_searched,not_searched,,not_searched,not_searched,,,,not_searched,not_searched,,,,not_searched,not_searched,,not_searched,,,,not_searched,not_searched,,not_searched,,not_searched,not_searched,not_searched,not_searched,not_searched,,not_searched,not_searched,,,not_searched,,,not_searched,,,not_searched,,not_searched,,not_searched,not_searched,not_searched,not_searched,,not_searched,,,,,https://www.ellatinoamerican.com/,,,,,not_searched,,phase1b-v1.0
OK001,,El Nacional de Oklahoma,Oklahoma,Oklahoma,Oklahoma City / statewide,https://elnacionaldeoklahoma.com/,standalone_outlet,for_profit_private,print,single_non_english,diaspora_national_origin,statewide,,not_searched,,,not_searched,not_searched,not_searched,not_searched,,,not_searched,not_searched,not_searched,,not_searched,not_searched,,,,not_searched,not_searched,,,,not_searched,not_searched,,not_searched,,,,not_searched,not_searched,,not_searched,,not_searched,not_searched,not_searched,not_searched,not_searched,,not_searched,not_searched,,,not_searched,,,not_searched,,,not_searched,,not_searched,,not_searched,not_searched,not_searched,not_searched,,not_searched,,,,,https://elnacionaldeoklahoma.com/oklahoma-news/,,,,,not_searched,,phase1b-v1.0
OR004,,Afisha Magazine,Oregon,Oregon,Portland / Oregon & SW Washington,https://thegreatmediagroup.com/,standalone_outlet,unclear,print,bilingual,multicultural_multiethnic,neighborhood_or_city,,not_searched,,,not_searched,not_searched,not_searched,not_searched,,,not_searched,not_searched,not_searched,,not_searched,not_searched,,,,not_searched,not_searched,,,,not_searched,not_searched,,not_searched,,,,not_searched,not_searched,,not_searched,,not_searched,not_searched,not_searched,not_searched,not_searched,,not_searched,not_searched,,,not_searched,,,not_searched,,,not_searched,,not_searched,,not_searched,not_searched,not_searched,not_searched,,not_searched,,,,,https://thegreatmediagroup.com/,,,,,not_searched,,phase1b-v1.0
OR007,,El Latino de Hoy,Oregon,Oregon,Portland / statewide,https://www.ellatinodehoy.com/,standalone_outlet,unclear,print,single_non_english,ethnic_or_racial_community,statewide,,not_searched,,,not_searched,not_searched,not_searched,not_searched,,,not_searched,not_searched,not_searched,,not_searched,not_searched,,,,not_searched,not_searched,,,,not_searched,not_searched,,not_searched,,,,not_searched,not_searched,,not_searched,,not_searched,not_searched,not_searched,not_searched,not_searched,,not_searched,not_searched,,,not_searched,,,not_searched,,,not_searched,,not_searched,,not_searched,not_searched,not_searched,not_searched,,not_searched,,,,,https://www.ellatinodehoy.com/,,,,,not_searched,,phase1b-v1.0
OR010,,Elemento Latino,Oregon,Oregon,Hillsboro / Portland,https://icgmultimedia.com/,standalone_outlet,for_profit_private,unclear,unclear,unclear,neighborhood_or_city,,not_searched,,,not_searched,not_searched,not_searched,not_searched,,,not_searched,not_searched,not_searched,,not_searched,not_searched,,,,not_searched,not_searched,,,,not_searched,not_searched,,not_searched,,,,not_searched,not_searched,,not_searched,,not_searched,not_searched,not_searched,not_searched,not_searched,,not_searched,not_searched,,,not_searched,,,not_searched,,,not_searched,,not_searched,,not_searched,not_searched,not_searched,not_searched,,not_searched,,,,,https://icgmultimedia.com/,,,,,not_searched,,phase1b-v1.0
OR003,,Maidan Newspaper,Oregon,Oregon,Portland / Oregon & SW Washington,https://thegreatmediagroup.com/,standalone_outlet,unclear,print,single_non_english,diaspora_national_origin,multistate_or_regional,,not_searched,,,not_searched,not_searched,not_searched,not_searched,,,not_searched,not_searched,not_searched,,not_searched,not_searched,,,,not_searched,not_searched,,,,not_searched,not_searched,,not_searched,,,,not_searched,not_searched,,not_searched,,not_searched,not_searched,not_searched,not_searched,not_searched,,not_searched,not_searched,,,not_searched,,,not_searched,,,not_searched,,not_searched,,not_searched,not_searched,not_searched,not_searched,,not_searched,,,,,https://thegreatmediagroup.com/,,,,,not_searched,,phase1b-v1.0
OR011,,Noticias Latinas! Latin News,Oregon,Oregon,Portland / Oregon & SW Washington,https://www.latinmedianw.com/noticiaslatinas.html,standalone_outlet,for_profit_private,print,single_non_english,language_community,neighborhood_or_city,,not_searched,,,not_searched,not_searched,not_searched,not_searched,,,not_searched,not_searched,not_searched,,not_searched,not_searched,,,,not_searched,not_searched,,,,not_searched,not_searched,,not_searched,,,,not_searched,not_searched,,not_searched,,not_searched,not_searched,not_searched,not_searched,not_searched,,not_searched,not_searched,,,not_searched,,,not_searched,,,not_searched,,not_searched,,not_searched,not_searched,not_searched,not_searched,,not_searched,,,,,https://www.latinmedianw.com/noticiaslatinas.html,,,,,not_searched,,phase1b-v1.0
OR002,,Noticias Noroeste,Oregon,Oregon,Portland / Oregon & SW Washington,https://noticiasnw.com/,standalone_outlet,unclear,digital,single_non_english,ethnic_or_racial_community,neighborhood_or_city,,not_searched,,,not_searched,not_searched,not_searched,not_searched,,,not_searched,not_searched,not_searched,,not_searched,not_searched,,,,not_searched,not_searched,,,,not_searched,not_searched,,not_searched,,,,not_searched,not_searched,,not_searched,,not_searched,not_searched,not_searched,not_searched,not_searched,,not_searched,not_searched,,,not_searched,,,not_searched,,,not_searched,,not_searched,,not_searched,not_searched,not_searched,not_searched,,not_searched,,,,,https://noticiasnw.com/sobre-nosotros/,,,,,not_searched,,phase1b-v1.0
OR006,,Oregon Hispano,Oregon,Oregon,Statewide,https://www.oregonhispano.com/,standalone_outlet,unclear,unclear,single_non_english,ethnic_or_racial_community,statewide,,not_searched,,,not_searched,not_searched,not_searched,not_searched,,,not_searched,not_searched,not_searched,,not_searched,not_searched,,,,not_searched,not_searched,,,,not_searched,not_searched,,not_searched,,,,not_searched,not_searched,,not_searched,,not_searched,not_searched,not_searched,not_searched,not_searched,,not_searched,not_searched,,,not_searched,,,not_searched,,,not_searched,,not_searched,,not_searched,not_searched,not_searched,not_searched,,not_searched,,,,,https://www.oregonhispano.com/noticias/index.php,,,,,not_searched,,phase1b-v1.0
OR001,,The Asian Reporter,Oregon,Oregon,Portland,https://www.asianreporter.com/,standalone_outlet,unclear,print,unclear,immigrant_general,neighborhood_or_city,,not_searched,,,not_searched,not_searched,not_searched,not_searched,,,not_searched,not_searched,not_searched,,not_searched,not_searched,,,,not_searched,not_searched,,,,not_searched,not_searched,,not_searched,,,,not_searched,not_searched,,not_searched,,not_searched,not_searched,not_searched,not_searched,not_searched,,not_searched,not_searched,,,not_searched,,,not_searched,,,not_searched,,not_searched,,not_searched,not_searched,not_searched,not_searched,,not_searched,,,,,https://www.asianreporter.com/,,,,,not_searched,,phase1b-v1.0
OR005,,The Great Radio 1040 AM,Oregon,Oregon,Portland,https://thegreatmediagroup.com/,standalone_outlet,unclear,radio,unclear,mixed_orientation,neighborhood_or_city,,not_searched,,,not_searched,not_searched,not_searched,not_searched,,,not_searched,not_searched,not_searched,,not_searched,not_searched,,,,not_searched,not_searched,,,,not_searched,not_searched,,not_searched,,,,not_searched,not_searched,,not_searched,,not_searched,not_searched,not_searched,not_searched,not_searched,,not_searched,not_searched,,,not_searched,,,not_searched,,,not_searched,,not_searched,,not_searched,not_searched,not_searched,not_searched,,not_searched,,,,,https://thegreatmediagroup.com/,,,,,not_searched,,phase1b-v1.0
OR015,,The Immigrant Story,Oregon,Oregon,Portland,https://theimmigrantstory.org/,standalone_outlet,nonprofit,podcast,unclear,mixed_orientation,neighborhood_or_city,,not_searched,,,not_searched,not_searched,not_searched,not_searched,,,not_searched,not_searched,not_searched,,not_searched,not_searched,,,,not_searched,not_searched,,,,not_searched,not_searched,,not_searched,,,,not_searched,not_searched,,not_searched,,not_searched,not_searched,not_searched,not_searched,not_searched,,not_searched,not_searched,,,not_searched,,,not_searched,,,not_searched,,not_searched,,not_searched,not_searched,not_searched,not_searched,,not_searched,,,,,https://theimmigrantstory.org/our-story/,,,,,not_searched,,phase1b-v1.0
PA001,,AL DÍA News,Pennsylvania,Pennsylvania,Philadelphia,https://aldianews.com/,standalone_outlet,unclear,mixed_platform,bilingual,multicultural_multiethnic,neighborhood_or_city,,not_searched,,,not_searched,not_searched,not_searched,not_searched,,,not_searched,not_searched,not_searched,,not_searched,not_searched,,,,not_searched,not_searched,,,,not_searched,not_searched,,not_searched,,,,not_searched,not_searched,,not_searched,,not_searched,not_searched,not_searched,not_searched,not_searched,,not_searched,not_searched,,,not_searched,,,not_searched,,,not_searched,,not_searched,,not_searched,not_searched,not_searched,not_searched,,not_searched,,,,,https://www.aldianews.com/en/about-us,,,,,not_searched,,phase1b-v1.0
PA028,,Barrio Latino WRCT,Pennsylvania,Pennsylvania,Pittsburgh,https://www.wrct.org/,hosted_program,unclear,radio,single_non_english,language_community,neighborhood_or_city,,not_searched,,,not_searched,not_searched,not_searched,not_searched,,,not_searched,not_searched,not_searched,,not_searched,not_searched,,,,not_searched,not_searched,,,,not_searched,not_searched,,not_searched,,,,not_searched,not_searched,,not_searched,,not_searched,not_searched,not_searched,not_searched,not_searched,,not_searched,not_searched,,,not_searched,,,not_searched,,,not_searched,,not_searched,,not_searched,not_searched,not_searched,not_searched,,not_searched,,,,,https://www.wrct.org/page/75/,,,,,not_searched,,phase1b-v1.0
PA015,,Indonesian Lantern,Pennsylvania,Pennsylvania,Philadelphia metro,,standalone_outlet,unclear,unclear,unclear,unclear,metro,,not_searched,,,not_searched,not_searched,not_searched,not_searched,,,not_searched,not_searched,not_searched,,not_searched,not_searched,,,,not_searched,not_searched,,,,not_searched,not_searched,,not_searched,,,,not_searched,not_searched,,not_searched,,not_searched,not_searched,not_searched,not_searched,not_searched,,not_searched,not_searched,,,not_searched,,,not_searched,,,not_searched,,not_searched,,not_searched,not_searched,not_searched,not_searched,,not_searched,,,,,https://www.inquirer.com/business/philadelphia-asian-media-coalition-david-oh-20240408.html,,,,,not_searched,,phase1b-v1.0
PA005,,Inti Media,Pennsylvania,Pennsylvania,Philadelphia,https://www.intimedia.org/,standalone_outlet,community_or_civic_organization_based,unclear,multilingual,unclear,neighborhood_or_city,,not_searched,,,not_searched,not_searched,not_searched,not_searched,,,not_searched,not_searched,not_searched,,not_searched,not_searched,,,,not_searched,not_searched,,,,not_searched,not_searched,,not_searched,,,,not_searched,not_searched,,not_searched,,not_searched,not_searched,not_searched,not_searched,not_searched,,not_searched,not_searched,,,not_searched,,,not_searched,,,not_searched,,not_searched,,not_searched,not_searched,not_searched,not_searched,,not_searched,,,,,https://www.intimedia.org/mission,,,,,not_searched,,phase1b-v1.0
PA013,,Korean Phila Times,Pennsylvania,Pennsylvania,Philadelphia metro,,standalone_outlet,unclear,unclear,unclear,diaspora_national_origin,metro,,not_searched,,,not_searched,not_searched,not_searched,not_searched,,,not_searched,not_searched,not_searched,,not_searched,not_searched,,,,not_searched,not_searched,,,,not_searched,not_searched,,not_searched,,,,not_searched,not_searched,,not_searched,,not_searched,not_searched,not_searched,not_searched,not_searched,,not_searched,not_searched,,,not_searched,,,not_searched,,,not_searched,,not_searched,,not_searched,not_searched,not_searched,not_searched,,not_searched,,,,,https://www.inquirer.com/business/philadelphia-asian-media-coalition-david-oh-20240408.html,,,,,not_searched,,phase1b-v1.0
PA008,,Metro Chinese Weekly,Pennsylvania,Pennsylvania,Greater Philadelphia,https://newmainstreammedia.com/,standalone_outlet,unclear,unclear,single_non_english,language_community,metro,,not_searched,,,not_searched,not_searched,not_searched,not_searched,,,not_searched,not_searched,not_searched,,not_searched,not_searched,,,,not_searched,not_searched,,,,not_searched,not_searched,,not_searched,,,,not_searched,not_searched,,not_searched,,not_searched,not_searched,not_searched,not_searched,not_searched,,not_searched,not_searched,,,not_searched,,,not_searched,,,not_searched,,not_searched,,not_searched,not_searched,not_searched,not_searched,,not_searched,,,,,https://www.inquirer.com/business/philadelphia-asian-media-coalition-david-oh-20240408.html,,,,,not_searched,,phase1b-v1.0
PA009,,Metro Viet News,Pennsylvania,Pennsylvania,Greater Philadelphia,https://newmainstreammedia.com/,standalone_outlet,unclear,unclear,single_non_english,diaspora_national_origin,metro,,not_searched,,,not_searched,not_searched,not_searched,not_searched,,,not_searched,not_searched,not_searched,,not_searched,not_searched,,,,not_searched,not_searched,,,,not_searched,not_searched,,not_searched,,,,not_searched,not_searched,,not_searched,,not_searched,not_searched,not_searched,not_searched,not_searched,,not_searched,not_searched,,,not_searched,,,not_searched,,,not_searched,,not_searched,,not_searched,not_searched,not_searched,not_searched,,not_searched,,,,,https://www.inquirer.com/business/philadelphia-asian-media-coalition-david-oh-20240408.html,,,,,not_searched,,phase1b-v1.0
PA014,,Philadelphia Asian News,Pennsylvania,Pennsylvania,Philadelphia,,standalone_outlet,unclear,unclear,unclear,diaspora_national_origin,neighborhood_or_city,,not_searched,,,not_searched,not_searched,not_searched,not_searched,,,not_searched,not_searched,not_searched,,not_searched,not_searched,,,,not_searched,not_searched,,,,not_searched,not_searched,,not_searched,,,,not_searched,not_searched,,not_searched,,not_searched,not_searched,not_searched,not_searched,not_searched,,not_searched,not_searched,,,not_searched,,,not_searched,,,not_searched,,not_searched,,not_searched,not_searched,not_searched,not_searched,,not_searched,,,,,https://www.inquirer.com/business/philadelphia-asian-media-coalition-david-oh-20240408.html,,,,,not_searched,,phase1b-v1.0
PA020,,Pittsburgh Latino Magazine / PRESENTE Pittsburgh Media,Pennsylvania,Pennsylvania,Pittsburgh / Western Pennsylvania,https://pitlatinomag.com/,standalone_outlet,for_profit_private,print,bilingual,ethnic_or_racial_community,neighborhood_or_city,,not_searched,,,not_searched,not_searched,not_searched,not_searched,,,not_searched,not_searched,not_searched,,not_searched,not_searched,,,,not_searched,not_searched,,,,not_searched,not_searched,,not_searched,,,,not_searched,not_searched,,not_searched,,not_searched,not_searched,not_searched,not_searched,not_searched,,not_searched,not_searched,,,not_searched,,,not_searched,,,not_searched,,not_searched,,not_searched,not_searched,not_searched,not_searched,,not_searched,,,,,https://pitlatinomag.com/about/,,,,,not_searched,,phase1b-v1.0
PA025,,Telemundo 62 / WWSI,Pennsylvania,Pennsylvania,Philadelphia,https://www.telemundo62.com/,network_affiliate_or_local_station,unclear,television,single_non_english,language_community,neighborhood_or_city,,not_searched,,,not_searched,not_searched,not_searched,not_searched,,,not_searched,not_searched,not_searched,,not_searched,not_searched,,,,not_searched,not_searched,,,,not_searched,not_searched,,not_searched,,,,not_searched,not_searched,,not_searched,,not_searched,not_searched,not_searched,not_searched,not_searched,,not_searched,not_searched,,,not_searched,,,not_searched,,,not_searched,,not_searched,,not_searched,not_searched,not_searched,not_searched,,not_searched,,,,,https://www.telemundo62.com/noticias/local/,,,,,not_searched,,phase1b-v1.0
PA012,,The Korea Times Philadelphia,Pennsylvania,Pennsylvania,Elkins Park / Philadelphia metro,https://koreatimesphila.com/,standalone_outlet,unclear,print,single_non_english,diaspora_national_origin,metro,,not_searched,,,not_searched,not_searched,not_searched,not_searched,,,not_searched,not_searched,not_searched,,not_searched,not_searched,,,,not_searched,not_searched,,,,not_searched,not_searched,,not_searched,,,,not_searched,not_searched,,not_searched,,not_searched,not_searched,not_searched,not_searched,not_searched,,not_searched,not_searched,,,not_searched,,,not_searched,,,not_searched,,not_searched,,not_searched,not_searched,not_searched,not_searched,,not_searched,,,,,https://koreatimesphila.com/,,,,,not_searched,,phase1b-v1.0
PA026,,Univision 65 / WUVP,Pennsylvania,Pennsylvania,Philadelphia,https://www.univision.com/local/philadelphia-wuvp,network_affiliate_or_local_station,unclear,television,single_non_english,ethnic_or_racial_community,neighborhood_or_city,,not_searched,,,not_searched,not_searched,not_searched,not_searched,,,not_searched,not_searched,not_searched,,not_searched,not_searched,,,,not_searched,not_searched,,,,not_searched,not_searched,,not_searched,,,,not_searched,not_searched,,not_searched,,not_searched,not_searched,not_searched,not_searched,not_searched,,not_searched,not_searched,,,not_searched,,,not_searched,,,not_searched,,not_searched,,not_searched,not_searched,not_searched,not_searched,,not_searched,,,,,https://www.univision.com/local/philadelphia-wuvp/quienes-somos,,,,,not_searched,,phase1b-v1.0
PA024,,WFMZ Edición en Español,Pennsylvania,Pennsylvania,Lehigh Valley / Allentown,https://www.wfmz.com/,standalone_outlet,unclear,unclear,single_non_english,language_community,neighborhood_or_city,,not_searched,,,not_searched,not_searched,not_searched,not_searched,,,not_searched,not_searched,not_searched,,not_searched,not_searched,,,,not_searched,not_searched,,,,not_searched,not_searched,,not_searched,,,,not_searched,not_searched,,not_searched,,not_searched,not_searched,not_searched,not_searched,not_searched,,not_searched,not_searched,,,not_searched,,,not_searched,,,not_searched,,not_searched,,not_searched,not_searched,not_searched,not_searched,,not_searched,,,,,https://www.wfmz.com/,,,,,not_searched,,phase1b-v1.0
RI001,,Acontecer Latino,Rhode Island,Rhode Island,Providence / statewide,https://acontecerlatino.com/,standalone_outlet,unclear,unclear,single_non_english,ethnic_or_racial_community,statewide,,not_searched,,,not_searched,not_searched,not_searched,not_searched,,,not_searched,not_searched,not_searched,,not_searched,not_searched,,,,not_searched,not_searched,,,,not_searched,not_searched,,not_searched,,,,not_searched,not_searched,,not_searched,,not_searched,not_searched,not_searched,not_searched,not_searched,,not_searched,not_searched,,,not_searched,,,not_searched,,,not_searched,,not_searched,,not_searched,not_searched,not_searched,not_searched,,not_searched,,,,,https://acontecerlatino.com/,,,,,not_searched,,phase1b-v1.0
RI002,,Noticias Rhode Island,Rhode Island,Rhode Island,Statewide,https://noticiasrhodeisland.com/,standalone_outlet,unclear,unclear,single_non_english,language_community,statewide,,not_searched,,,not_searched,not_searched,not_searched,not_searched,,,not_searched,not_searched,not_searched,,not_searched,not_searched,,,,not_searched,not_searched,,,,not_searched,not_searched,,not_searched,,,,not_searched,not_searched,,not_searched,,not_searched,not_searched,not_searched,not_searched,not_searched,,not_searched,not_searched,,,not_searched,,,not_searched,,,not_searched,,not_searched,,not_searched,not_searched,not_searched,not_searched,,not_searched,,,,,https://noticiasrhodeisland.com/,,,,,not_searched,,phase1b-v1.0
SC013,,Activa Radio Greenville,South Carolina,South Carolina,Greenville / Spartanburg,https://activanetwork.com/greenville,standalone_outlet,for_profit_private,radio,single_non_english,language_community,neighborhood_or_city,,not_searched,,,not_searched,not_searched,not_searched,not_searched,,,not_searched,not_searched,not_searched,,not_searched,not_searched,,,,not_searched,not_searched,,,,not_searched,not_searched,,not_searched,,,,not_searched,not_searched,,not_searched,,not_searched,not_searched,not_searched,not_searched,not_searched,,not_searched,not_searched,,,not_searched,,,not_searched,,,not_searched,,not_searched,,not_searched,not_searched,not_searched,not_searched,,not_searched,,,,,https://dph.sc.gov/professionals/public-health-data/data-care-dtc/data-care-dtc-latinx-resources,,,,,not_searched,,phase1b-v1.0
SC001,,El Informador,South Carolina,South Carolina,Charleston / Hilton Head / Lowcountry,https://www.elinformador.us/,standalone_outlet,unclear,print,single_non_english,ethnic_or_racial_community,neighborhood_or_city,,not_searched,,,not_searched,not_searched,not_searched,not_searched,,,not_searched,not_searched,not_searched,,not_searched,not_searched,,,,not_searched,not_searched,,,,not_searched,not_searched,,not_searched,,,,not_searched,not_searched,,not_searched,,not_searched,not_searched,not_searched,not_searched,not_searched,,not_searched,not_searched,,,not_searched,,,not_searched,,,not_searched,,not_searched,,not_searched,not_searched,not_searched,not_searched,,not_searched,,,,,https://www.elinformador.us/advertise-with-us/about-us/,,,,,not_searched,,phase1b-v1.0
SC004,,La Isla Magazine,South Carolina,South Carolina,Hilton Head / Charleston / Lowcountry,https://www.laislamagazine.com/,standalone_outlet,unclear,print,bilingual,unclear,neighborhood_or_city,,not_searched,,,not_searched,not_searched,not_searched,not_searched,,,not_searched,not_searched,not_searched,,not_searched,not_searched,,,,not_searched,not_searched,,,,not_searched,not_searched,,not_searched,,,,not_searched,not_searched,,not_searched,,not_searched,not_searched,not_searched,not_searched,not_searched,,not_searched,not_searched,,,not_searched,,,not_searched,,,not_searched,,not_searched,,not_searched,not_searched,not_searched,not_searched,,not_searched,,,,,https://dph.sc.gov/professionals/public-health-data/data-care-dtc/data-care-dtc-latinx-resources,,,,,not_searched,,phase1b-v1.0
SC005,,La Nación Hispana,South Carolina,South Carolina,Greenville / Upstate,https://www.lanacionhispana.com/,standalone_outlet,unclear,print,single_non_english,language_community,neighborhood_or_city,,not_searched,,,not_searched,not_searched,not_searched,not_searched,,,not_searched,not_searched,not_searched,,not_searched,not_searched,,,,not_searched,not_searched,,,,not_searched,not_searched,,not_searched,,,,not_searched,not_searched,,not_searched,,not_searched,not_searched,not_searched,not_searched,not_searched,,not_searched,not_searched,,,not_searched,,,not_searched,,,not_searched,,not_searched,,not_searched,not_searched,not_searched,not_searched,,not_searched,,,,,https://cervantesobservatorio.fas.harvard.edu/sites/default/files/019_informes_periodismo_espanol_estados_unidos.pdf,,,,,not_searched,,phase1b-v1.0
SC011,,La Raza Charleston,South Carolina,South Carolina,Charleston,https://laraza.com/,market_appearance,for_profit_private,radio,single_non_english,language_community,multistate_or_regional,,not_searched,,,not_searched,not_searched,not_searched,not_searched,,,not_searched,not_searched,not_searched,,not_searched,not_searched,,,,not_searched,not_searched,,,,not_searched,not_searched,,not_searched,,,,not_searched,not_searched,,not_searched,,not_searched,not_searched,not_searched,not_searched,not_searched,,not_searched,not_searched,,,not_searched,,,not_searched,,,not_searched,,not_searched,,not_searched,not_searched,not_searched,not_searched,,not_searched,,,,,https://dph.sc.gov/professionals/public-health-data/data-care-dtc/data-care-dtc-latinx-resources,,,,,not_searched,,phase1b-v1.0
SC012,,La Raza Columbia,South Carolina,South Carolina,Columbia,https://laraza.com/,market_appearance,for_profit_private,radio,single_non_english,language_community,multistate_or_regional,,not_searched,,,not_searched,not_searched,not_searched,not_searched,,,not_searched,not_searched,not_searched,,not_searched,not_searched,,,,not_searched,not_searched,,,,not_searched,not_searched,,not_searched,,,,not_searched,not_searched,,not_searched,,not_searched,not_searched,not_searched,not_searched,not_searched,,not_searched,not_searched,,,not_searched,,,not_searched,,,not_searched,,not_searched,,not_searched,not_searched,not_searched,not_searched,,not_searched,,,,,https://dph.sc.gov/professionals/public-health-data/data-care-dtc/data-care-dtc-latinx-resources,,,,,not_searched,,phase1b-v1.0
SC002,,Latino Newspaper / Latino SC,South Carolina,South Carolina,Greenville / statewide,https://latino4u.net/,standalone_outlet,unclear,print,single_non_english,language_community,statewide,,not_searched,,,not_searched,not_searched,not_searched,not_searched,,,not_searched,not_searched,not_searched,,not_searched,not_searched,,,,not_searched,not_searched,,,,not_searched,not_searched,,not_searched,,,,not_searched,not_searched,,not_searched,,not_searched,not_searched,not_searched,not_searched,not_searched,,not_searched,not_searched,,,not_searched,,,not_searched,,,not_searched,,not_searched,,not_searched,not_searched,not_searched,not_searched,,not_searched,,,,,https://dph.sc.gov/professionals/public-health-data/data-care-dtc/data-care-dtc-latinx-resources,,,,,not_searched,,phase1b-v1.0
SC003,,Nuestro Estado,South Carolina,South Carolina,Charleston / statewide,https://nuestroestado.com/,standalone_outlet,community_or_civic_organization_based,digital,single_non_english,immigrant_general,statewide,,not_searched,,,not_searched,not_searched,not_searched,not_searched,,,not_searched,not_searched,not_searched,,not_searched,not_searched,,,,not_searched,not_searched,,,,not_searched,not_searched,,not_searched,,,,not_searched,not_searched,,not_searched,,not_searched,not_searched,not_searched,not_searched,not_searched,,not_searched,not_searched,,,not_searched,,,not_searched,,,not_searched,,not_searched,,not_searched,not_searched,not_searched,not_searched,,not_searched,,,,,https://nuestroestado.com/sobre-nosotros-3/,,,,,not_searched,,phase1b-v1.0
SC006,,Pasa La Voz Noticias,South Carolina,South Carolina,South Carolina / Georgia,https://pasalavoznoticias.org/,standalone_outlet,unclear,unclear,single_non_english,immigrant_general,neighborhood_or_city,,not_searched,,,not_searched,not_searched,not_searched,not_searched,,,not_searched,not_searched,not_searched,,not_searched,not_searched,,,,not_searched,not_searched,,,,not_searched,not_searched,,not_searched,,,,not_searched,not_searched,,not_searched,,not_searched,not_searched,not_searched,not_searched,not_searched,,not_searched,not_searched,,,not_searched,,,not_searched,,,not_searched,,not_searched,,not_searched,not_searched,not_searched,not_searched,,not_searched,,,,,https://pasalavoznoticias.org/sobre-nosotros-2/,,,,,not_searched,,phase1b-v1.0
SC009,,SC Live TV,South Carolina,South Carolina,Statewide,https://sclivetv.com/,standalone_outlet,unclear,television,unclear,unclear,statewide,,not_searched,,,not_searched,not_searched,not_searched,not_searched,,,not_searched,not_searched,not_searched,,not_searched,not_searched,,,,not_searched,not_searched,,,,not_searched,not_searched,,not_searched,,,,not_searched,not_searched,,not_searched,,not_searched,not_searched,not_searched,not_searched,not_searched,,not_searched,not_searched,,,not_searched,,,not_searched,,,not_searched,,not_searched,,not_searched,not_searched,not_searched,not_searched,,not_searched,,,,,https://www.scstatehouse.gov/reports/aar2024/L460.pdf,,,,,not_searched,,phase1b-v1.0
SC018,,Telemundo South Carolina / GrayTV Telemundo,South Carolina,South Carolina,Greenville / statewide,https://www.telemundogreenvillesc.com/,network_affiliate_or_local_station,unclear,television,single_non_english,language_community,statewide,,not_searched,,,not_searched,not_searched,not_searched,not_searched,,,not_searched,not_searched,not_searched,,not_searched,not_searched,,,,not_searched,not_searched,,,,not_searched,not_searched,,not_searched,,,,not_searched,not_searched,,not_searched,,not_searched,not_searched,not_searched,not_searched,not_searched,,not_searched,not_searched,,,not_searched,,,not_searched,,,not_searched,,not_searched,,not_searched,not_searched,not_searched,not_searched,,not_searched,,,,,https://www.telemundogreenvillesc.com/,,,,,not_searched,,phase1b-v1.0
SC008,,Universal Latin News Charleston,South Carolina,South Carolina,Charleston / Lowcountry,https://universallatinnews.com/,standalone_outlet,unclear,print,single_non_english,language_community,neighborhood_or_city,,not_searched,,,not_searched,not_searched,not_searched,not_searched,,,not_searched,not_searched,not_searched,,not_searched,not_searched,,,,not_searched,not_searched,,,,not_searched,not_searched,,not_searched,,,,not_searched,not_searched,,not_searched,,not_searched,not_searched,not_searched,not_searched,not_searched,,not_searched,not_searched,,,not_searched,,,not_searched,,,not_searched,,not_searched,,not_searched,not_searched,not_searched,not_searched,,not_searched,,,,,https://universallatinnews.com/,,,,,not_searched,,phase1b-v1.0
SC010,,VaqueVA Revista,South Carolina,South Carolina,Beaufort / Hilton Head / Lowcountry,,standalone_outlet,unclear,mixed_platform,single_non_english,immigrant_general,neighborhood_or_city,,not_searched,,,not_searched,not_searched,not_searched,not_searched,,,not_searched,not_searched,not_searched,,not_searched,not_searched,,,,not_searched,not_searched,,,,not_searched,not_searched,,not_searched,,,,not_searched,not_searched,,not_searched,,not_searched,not_searched,not_searched,not_searched,not_searched,,not_searched,not_searched,,,not_searched,,,not_searched,,,not_searched,,not_searched,,not_searched,not_searched,not_searched,not_searched,,not_searched,,,,,https://dph.sc.gov/professionals/public-health-data/data-care-dtc/data-care-dtc-latinx-resources,,,,,not_searched,,phase1b-v1.0
SD001,,El Sol Media Group / El Sol Newspaper,South Dakota,South Dakota,Sioux Falls / statewide,https://www.elsolmedia.com/,standalone_outlet,unclear,print,single_non_english,ethnic_or_racial_community,statewide,,not_searched,,,not_searched,not_searched,not_searched,not_searched,,,not_searched,not_searched,not_searched,,not_searched,not_searched,,,,not_searched,not_searched,,,,not_searched,not_searched,,not_searched,,,,not_searched,not_searched,,not_searched,,not_searched,not_searched,not_searched,not_searched,not_searched,,not_searched,not_searched,,,not_searched,,,not_searched,,,not_searched,,not_searched,,not_searched,not_searched,not_searched,not_searched,,not_searched,,,,,https://www.elsolmedia.com/about-us.html,,,,,not_searched,,phase1b-v1.0
SD002,,El Sol Television,South Dakota,South Dakota,Sioux Falls / statewide,https://www.elsolmedia.com/,hosted_program,unclear,television,single_non_english,ethnic_or_racial_community,statewide,,not_searched,,,not_searched,not_searched,not_searched,not_searched,,,not_searched,not_searched,not_searched,,not_searched,not_searched,,,,not_searched,not_searched,,,,not_searched,not_searched,,not_searched,,,,not_searched,not_searched,,not_searched,,not_searched,not_searched,not_searched,not_searched,not_searched,,not_searched,not_searched,,,not_searched,,,not_searched,,,not_searched,,not_searched,,not_searched,not_searched,not_searched,not_searched,,not_searched,,,,,https://www.elsolmedia.com/advertise-with-us.html,,,,,not_searched,,phase1b-v1.0
SD003,,Que Pasa Sioux Falls,South Dakota,South Dakota,Sioux Falls,https://quepasasiouxfalls.org/,standalone_outlet,nonprofit,unclear,unclear,immigrant_general,neighborhood_or_city,,not_searched,,,not_searched,not_searched,not_searched,not_searched,,,not_searched,not_searched,not_searched,,not_searched,not_searched,,,,not_searched,not_searched,,,,not_searched,not_searched,,not_searched,,,,not_searched,not_searched,,not_searched,,not_searched,not_searched,not_searched,not_searched,not_searched,,not_searched,not_searched,,,not_searched,,,not_searched,,,not_searched,,not_searched,,not_searched,not_searched,not_searched,not_searched,,not_searched,,,,,https://quepasasiouxfalls.org/,,,,,not_searched,,phase1b-v1.0
TN001,,Memphis Noticias,Tennessee,Tennessee,Memphis / West Tennessee,https://memphisnoticias.com/,standalone_outlet,unclear,digital,single_non_english,immigrant_general,neighborhood_or_city,,not_searched,,,not_searched,not_searched,not_searched,not_searched,,,not_searched,not_searched,not_searched,,not_searched,not_searched,,,,not_searched,not_searched,,,,not_searched,not_searched,,not_searched,,,,not_searched,not_searched,,not_searched,,not_searched,not_searched,not_searched,not_searched,not_searched,,not_searched,not_searched,,,not_searched,,,not_searched,,,not_searched,,not_searched,,not_searched,not_searched,not_searched,not_searched,,not_searched,,,,,https://memphisnoticias.com/our-story/,,,,,not_searched,,phase1b-v1.0
TN002,,Nashville Noticias,Tennessee,Tennessee,Nashville / Middle Tennessee,https://nashvillenoticias.com/,standalone_outlet,for_profit_private,unclear,single_non_english,ethnic_or_racial_community,neighborhood_or_city,,not_searched,,,not_searched,not_searched,not_searched,not_searched,,,not_searched,not_searched,not_searched,,not_searched,not_searched,,,,not_searched,not_searched,,,,not_searched,not_searched,,not_searched,,,,not_searched,not_searched,,not_searched,,not_searched,not_searched,not_searched,not_searched,not_searched,,not_searched,not_searched,,,not_searched,,,not_searched,,,not_searched,,not_searched,,not_searched,not_searched,not_searched,not_searched,,not_searched,,,,,https://nashvillenoticias.com/,,,,,not_searched,,phase1b-v1.0
TN004,,Que Pasa Nashville,Tennessee,Tennessee,Nashville / Middle Tennessee,https://www.newschannel5.com/plus/que-pasa-nashville,hosted_program,unclear,unclear,unclear,ethnic_or_racial_community,neighborhood_or_city,,not_searched,,,not_searched,not_searched,not_searched,not_searched,,,not_searched,not_searched,not_searched,,not_searched,not_searched,,,,not_searched,not_searched,,,,not_searched,not_searched,,not_searched,,,,not_searched,not_searched,,not_searched,,not_searched,not_searched,not_searched,not_searched,not_searched,,not_searched,not_searched,,,not_searched,,,not_searched,,,not_searched,,not_searched,,not_searched,not_searched,not_searched,not_searched,,not_searched,,,,,https://www.newschannel5.com/plus/que-pasa-nashville,,,,,not_searched,,phase1b-v1.0
TX022,,Al Día Dallas,Texas,Texas,Dallas-Fort Worth,https://www.dallasnews.com/espanol/al-dia/,standalone_outlet,unclear,unclear,single_non_english,language_community,neighborhood_or_city,,not_searched,,,not_searched,not_searched,not_searched,not_searched,,,not_searched,not_searched,not_searched,,not_searched,not_searched,,,,not_searched,not_searched,,,,not_searched,not_searched,,not_searched,,,,not_searched,not_searched,,not_searched,,not_searched,not_searched,not_searched,not_searched,not_searched,,not_searched,not_searched,,,not_searched,,,not_searched,,,not_searched,,not_searched,,not_searched,not_searched,not_searched,not_searched,,not_searched,,,,,https://www.dallasnews.com/espanol/al-dia/,,,,,not_searched,,phase1b-v1.0
TX006,,Arab Voices,Texas,Texas,Houston,https://www.arabvoices.net/,standalone_outlet,unclear,radio,unclear,diaspora_national_origin,transnational_or_diaspora,,not_searched,,,not_searched,not_searched,not_searched,not_searched,,,not_searched,not_searched,not_searched,,not_searched,not_searched,,,,not_searched,not_searched,,,,not_searched,not_searched,,not_searched,,,,not_searched,not_searched,,not_searched,,not_searched,not_searched,not_searched,not_searched,not_searched,,not_searched,not_searched,,,not_searched,,,not_searched,,,not_searched,,not_searched,,not_searched,not_searched,not_searched,not_searched,,not_searched,,,,,https://www.arabvoices.net/about.htm,,,,,not_searched,,phase1b-v1.0
TX019,,Dallas Chinese News Network,Texas,Texas,Dallas-Fort Worth,https://dcnn.info/,standalone_outlet,unclear,unclear,single_non_english,language_community,neighborhood_or_city,,not_searched,,,not_searched,not_searched,not_searched,not_searched,,,not_searched,not_searched,not_searched,,not_searched,not_searched,,,,not_searched,not_searched,,,,not_searched,not_searched,,not_searched,,,,not_searched,not_searched,,not_searched,,not_searched,not_searched,not_searched,not_searched,not_searched,,not_searched,not_searched,,,not_searched,,,not_searched,,,not_searched,,not_searched,,not_searched,not_searched,not_searched,not_searched,,not_searched,,,,,https://dcnn.info/,,,,,not_searched,,phase1b-v1.0
TX028,,Dallas Weekly,Texas,Texas,Dallas-Fort Worth,https://dallasweekly.com/,standalone_outlet,unclear,unclear,unclear,diaspora_national_origin,transnational_or_diaspora,,not_searched,,,not_searched,not_searched,not_searched,not_searched,,,not_searched,not_searched,not_searched,,not_searched,not_searched,,,,not_searched,not_searched,,,,not_searched,not_searched,,not_searched,,,,not_searched,not_searched,,not_searched,,not_searched,not_searched,not_searched,not_searched,not_searched,,not_searched,not_searched,,,not_searched,,,not_searched,,,not_searched,,not_searched,,not_searched,not_searched,not_searched,not_searched,,not_searched,,,,,https://dallasweekly.com/about/,,,,,not_searched,,phase1b-v1.0
TX014,,El Mundo Newspaper,Texas,Texas,Austin / Central Texas,https://elmundonewspaper.com/,standalone_outlet,unclear,print,single_non_english,ethnic_or_racial_community,neighborhood_or_city,,not_searched,,,not_searched,not_searched,not_searched,not_searched,,,not_searched,not_searched,not_searched,,not_searched,not_searched,,,,not_searched,not_searched,,,,not_searched,not_searched,,not_searched,,,,not_searched,not_searched,,not_searched,,not_searched,not_searched,not_searched,not_searched,not_searched,,not_searched,not_searched,,,not_searched,,,not_searched,,,not_searched,,not_searched,,not_searched,not_searched,not_searched,not_searched,,not_searched,,,,,https://en.wikipedia.org/wiki/El_Mundo_(Texas),,,,,not_searched,,phase1b-v1.0
TX008,,HUM FM 103.5,Texas,Texas,Houston,,standalone_outlet,for_profit_private,radio,multilingual,unclear,neighborhood_or_city,,not_searched,,,not_searched,not_searched,not_searched,not_searched,,,not_searched,not_searched,not_searched,,not_searched,not_searched,,,,not_searched,not_searched,,,,not_searched,not_searched,,not_searched,,,,not_searched,not_searched,,not_searched,,not_searched,not_searched,not_searched,not_searched,not_searched,,not_searched,not_searched,,,not_searched,,,not_searched,,,not_searched,,not_searched,,not_searched,not_searched,not_searched,not_searched,,not_searched,,,,,https://www.houstonchronicle.com/news/houston-texas/article/houston-ethnic-media-outlets-19746037.php,,,,,not_searched,,phase1b-v1.0
TX024,,India Herald,Texas,Texas,Houston / Sugar Land,https://india-herald.com/,standalone_outlet,unclear,print,unclear,unclear,neighborhood_or_city,,not_searched,,,not_searched,not_searched,not_searched,not_searched,,,not_searched,not_searched,not_searched,,not_searched,not_searched,,,,not_searched,not_searched,,,,not_searched,not_searched,,not_searched,,,,not_searched,not_searched,,not_searched,,not_searched,not_searched,not_searched,not_searched,not_searched,,not_searched,not_searched,,,not_searched,,,not_searched,,,not_searched,,not_searched,,not_searched,not_searched,not_searched,not_searched,,not_searched,,,,,https://india-herald.com/,,,,,not_searched,,phase1b-v1.0
TX007,,Indo American News,Texas,Texas,Houston,https://indoamerican-news.com/,standalone_outlet,unclear,mixed_platform,unclear,unclear,neighborhood_or_city,,not_searched,,,not_searched,not_searched,not_searched,not_searched,,,not_searched,not_searched,not_searched,,not_searched,not_searched,,,,not_searched,not_searched,,,,not_searched,not_searched,,not_searched,,,,not_searched,not_searched,,not_searched,,not_searched,not_searched,not_searched,not_searched,not_searched,,not_searched,not_searched,,,not_searched,,,not_searched,,,not_searched,,not_searched,,not_searched,not_searched,not_searched,not_searched,,not_searched,,,,,https://indoamerican-news.com/about-ian/,,,,,not_searched,,phase1b-v1.0
TX015,,La Prensa Texas,Texas,Texas,San Antonio,https://www.laprensatexas.com/,standalone_outlet,unclear,print,bilingual,unclear,neighborhood_or_city,,not_searched,,,not_searched,not_searched,not_searched,not_searched,,,not_searched,not_searched,not_searched,,not_searched,not_searched,,,,not_searched,not_searched,,,,not_searched,not_searched,,not_searched,,,,not_searched,not_searched,,not_searched,,not_searched,not_searched,not_searched,not_searched,not_searched,,not_searched,not_searched,,,not_searched,,,not_searched,,,not_searched,,not_searched,,not_searched,not_searched,not_searched,not_searched,,not_searched,,,,,https://www.laprensatexas.com/about,,,,,not_searched,,phase1b-v1.0
TX001,,La Voz de Denver Harbor,Texas,Texas,Houston,https://lavozdedenverharbor.com/,standalone_outlet,unclear,print,unclear,immigrant_general,neighborhood_or_city,,not_searched,,,not_searched,not_searched,not_searched,not_searched,,,not_searched,not_searched,not_searched,,not_searched,not_searched,,,,not_searched,not_searched,,,,not_searched,not_searched,,not_searched,,,,not_searched,not_searched,,not_searched,,not_searched,not_searched,not_searched,not_searched,not_searched,,not_searched,not_searched,,,not_searched,,,not_searched,,,not_searched,,not_searched,,not_searched,not_searched,not_searched,not_searched,,not_searched,,,,,https://lavozdedenverharbor.com/,,,,,not_searched,,phase1b-v1.0
TX013,,La Voz de Houston,Texas,Texas,Houston,https://www.houstonchronicle.com/la-voz/,standalone_outlet,unclear,unclear,single_non_english,language_community,neighborhood_or_city,,not_searched,,,not_searched,not_searched,not_searched,not_searched,,,not_searched,not_searched,not_searched,,not_searched,not_searched,,,,not_searched,not_searched,,,,not_searched,not_searched,,not_searched,,,,not_searched,not_searched,,not_searched,,not_searched,not_searched,not_searched,not_searched,not_searched,,not_searched,not_searched,,,not_searched,,,not_searched,,,not_searched,,not_searched,,not_searched,not_searched,not_searched,not_searched,,not_searched,,,,,https://www.houstonchronicle.com/la-voz/,,,,,not_searched,,phase1b-v1.0
TX009,,Masala Radio 98.7 FM,Texas,Texas,Sugar Land / Houston,https://masalaradio.com/,standalone_outlet,for_profit_private,radio,unclear,unclear,neighborhood_or_city,,not_searched,,,not_searched,not_searched,not_searched,not_searched,,,not_searched,not_searched,not_searched,,not_searched,not_searched,,,,not_searched,not_searched,,,,not_searched,not_searched,,not_searched,,,,not_searched,not_searched,,not_searched,,not_searched,not_searched,not_searched,not_searched,not_searched,,not_searched,not_searched,,,not_searched,,,not_searched,,,not_searched,,not_searched,,not_searched,not_searched,not_searched,not_searched,,not_searched,,,,,https://masalaradio.com/,,,,,not_searched,,phase1b-v1.0
TX002,,Que Onda Magazine,Texas,Texas,Houston,https://queondamagazine.com/,standalone_outlet,unclear,print,bilingual,mixed_orientation,neighborhood_or_city,,not_searched,,,not_searched,not_searched,not_searched,not_searched,,,not_searched,not_searched,not_searched,,not_searched,not_searched,,,,not_searched,not_searched,,,,not_searched,not_searched,,not_searched,,,,not_searched,not_searched,,not_searched,,not_searched,not_searched,not_searched,not_searched,not_searched,,not_searched,not_searched,,,not_searched,,,not_searched,,,not_searched,,not_searched,,not_searched,not_searched,not_searched,not_searched,,not_searched,,,,,https://queondamagazine.com/blog/,,,,,not_searched,,phase1b-v1.0
TX005,,Southern Chinese Daily News,Texas,Texas,Houston,https://www.scdaily.com/,standalone_outlet,unclear,print,single_non_english,language_community,neighborhood_or_city,,not_searched,,,not_searched,not_searched,not_searched,not_searched,,,not_searched,not_searched,not_searched,,not_searched,not_searched,,,,not_searched,not_searched,,,,not_searched,not_searched,,not_searched,,,,not_searched,not_searched,,not_searched,,not_searched,not_searched,not_searched,not_searched,not_searched,,not_searched,not_searched,,,not_searched,,,not_searched,,,not_searched,,not_searched,,not_searched,not_searched,not_searched,not_searched,,not_searched,,,,,https://www.houcyp.com/,,,,,not_searched,,phase1b-v1.0
TX004,,U.S. Chinese Channel AM1050,Texas,Texas,Houston,,standalone_outlet,unclear,radio,single_non_english,language_community,neighborhood_or_city,,not_searched,,,not_searched,not_searched,not_searched,not_searched,,,not_searched,not_searched,not_searched,,not_searched,not_searched,,,,not_searched,not_searched,,,,not_searched,not_searched,,not_searched,,,,not_searched,not_searched,,not_searched,,not_searched,not_searched,not_searched,not_searched,not_searched,,not_searched,not_searched,,,not_searched,,,not_searched,,,not_searched,,not_searched,,not_searched,not_searched,not_searched,not_searched,,not_searched,,,,,https://www.houstonchronicle.com/news/houston-texas/article/houston-ethnic-media-outlets-19746037.php,,,,,not_searched,,phase1b-v1.0
TX026,,VIETV Network,Texas,Texas,Houston,https://vietv.com/,standalone_outlet,unclear,mixed_platform,single_non_english,diaspora_national_origin,transnational_or_diaspora,,not_searched,,,not_searched,not_searched,not_searched,not_searched,,,not_searched,not_searched,not_searched,,not_searched,not_searched,,,,not_searched,not_searched,,,,not_searched,not_searched,,not_searched,,,,not_searched,not_searched,,not_searched,,not_searched,not_searched,not_searched,not_searched,not_searched,,not_searched,not_searched,,,not_searched,,,not_searched,,,not_searched,,not_searched,,not_searched,not_searched,not_searched,not_searched,,not_searched,,,,,https://vietv.com/,,,,,not_searched,,phase1b-v1.0
TX010,,Voice of Asia,Texas,Texas,Houston,https://voiceofasia.news/,standalone_outlet,unclear,print,unclear,unclear,neighborhood_or_city,,not_searched,,,not_searched,not_searched,not_searched,not_searched,,,not_searched,not_searched,not_searched,,not_searched,not_searched,,,,not_searched,not_searched,,,,not_searched,not_searched,,not_searched,,,,not_searched,not_searched,,not_searched,,not_searched,not_searched,not_searched,not_searched,not_searched,,not_searched,not_searched,,,not_searched,,,not_searched,,,not_searched,,not_searched,,not_searched,not_searched,not_searched,not_searched,,not_searched,,,,,https://voiceofasia.news/,,,,,not_searched,,phase1b-v1.0
UT003,,Avanza 88.3,Utah,Utah,Salt Lake City / statewide,https://www.avanzautah.org/,standalone_outlet,mixed_or_hybrid,radio,bilingual,unclear,statewide,,not_searched,,,not_searched,not_searched,not_searched,not_searched,,,not_searched,not_searched,not_searched,,not_searched,not_searched,,,,not_searched,not_searched,,,,not_searched,not_searched,,not_searched,,,,not_searched,not_searched,,not_searched,,not_searched,not_searched,not_searched,not_searched,not_searched,,not_searched,not_searched,,,not_searched,,,not_searched,,,not_searched,,not_searched,,not_searched,not_searched,not_searched,not_searched,,not_searched,,,,,https://www.avanzautah.org/nuestra-comunidad/2026-07-01/two-years-in-edgar-zuniga-reflects-on-avanzas-mission,,,,,not_searched,,phase1b-v1.0
UT002,,KUER En Español,Utah,Utah,Salt Lake City / statewide,https://www.kuer.org/kuer-en-espanol,hosted_program,public_media,radio,single_non_english,language_community,statewide,,not_searched,,,not_searched,not_searched,not_searched,not_searched,,,not_searched,not_searched,not_searched,,not_searched,not_searched,,,,not_searched,not_searched,,,,not_searched,not_searched,,not_searched,,,,not_searched,not_searched,,not_searched,,not_searched,not_searched,not_searched,not_searched,not_searched,,not_searched,not_searched,,,not_searched,,,not_searched,,,not_searched,,not_searched,,not_searched,not_searched,not_searched,not_searched,,not_searched,,,,,https://www.kuer.org/kuer-en-espanol,,,,,not_searched,,phase1b-v1.0
UT004,,Punto de Encuentro,Utah,Utah,Salt Lake City / statewide,https://www.avanzautah.org/,hosted_program,public_media,unclear,bilingual,ethnic_or_racial_community,statewide,,not_searched,,,not_searched,not_searched,not_searched,not_searched,,,not_searched,not_searched,not_searched,,not_searched,not_searched,,,,not_searched,not_searched,,,,not_searched,not_searched,,not_searched,,,,not_searched,not_searched,,not_searched,,not_searched,not_searched,not_searched,not_searched,not_searched,,not_searched,not_searched,,,not_searched,,,not_searched,,,not_searched,,not_searched,,not_searched,not_searched,not_searched,not_searched,,not_searched,,,,,https://www.avanzautah.org/nuestra-comunidad/2026-07-01/two-years-in-edgar-zuniga-reflects-on-avanzas-mission,,,,,not_searched,,phase1b-v1.0
UT006,,The Salt Lake Tribune En Español,Utah,Utah,Statewide,https://www.sltrib.com/en-espanol/,hosted_language_product,nonprofit,unclear,language_specific_product_within_host,language_community,statewide,,not_searched,,,not_searched,not_searched,not_searched,not_searched,,,not_searched,not_searched,not_searched,,not_searched,not_searched,,,,not_searched,not_searched,,,,not_searched,not_searched,,not_searched,,,,not_searched,not_searched,,not_searched,,not_searched,not_searched,not_searched,not_searched,not_searched,,not_searched,not_searched,,,not_searched,,,not_searched,,,not_searched,,not_searched,,not_searched,not_searched,not_searched,not_searched,,not_searched,,,,,https://www.sltrib.com/en-espanol/,,,,,not_searched,,phase1b-v1.0
UT001,,Utah Korean Newspaper,Utah,Utah,Salt Lake City / statewide,https://koreanutah.blogspot.com/,hosted_program,unclear,print,single_non_english,diaspora_national_origin,transnational_or_diaspora,,not_searched,,,not_searched,not_searched,not_searched,not_searched,,,not_searched,not_searched,not_searched,,not_searched,not_searched,,,,not_searched,not_searched,,,,not_searched,not_searched,,not_searched,,,,not_searched,not_searched,,not_searched,,not_searched,not_searched,not_searched,not_searched,not_searched,,not_searched,not_searched,,,not_searched,,,not_searched,,,not_searched,,not_searched,,not_searched,not_searched,not_searched,not_searched,,not_searched,,,,,https://koreanutah.blogspot.com/,,,,,not_searched,,phase1b-v1.0
VT001,,"Many Voices, One Vermont",Vermont,Vermont,Burlington / statewide,https://993wbtv.org/,hosted_program,unclear,radio,unclear,mixed_orientation,statewide,,not_searched,,,not_searched,not_searched,not_searched,not_searched,,,not_searched,not_searched,not_searched,,not_searched,not_searched,,,,not_searched,not_searched,,,,not_searched,not_searched,,not_searched,,,,not_searched,not_searched,,not_searched,,not_searched,not_searched,not_searched,not_searched,not_searched,,not_searched,not_searched,,,not_searched,,,not_searched,,,not_searched,,not_searched,,not_searched,not_searched,not_searched,not_searched,,not_searched,,,,,https://cvran.org/2026/06/29/tune-into-many-voices-one-vermont-sundays-at-1pm/,,,,,not_searched,,phase1b-v1.0
VA003,,El Imparcial News,Virginia,Virginia,Manassas / Northern Virginia / DMV,https://imparcialnews.com/,standalone_outlet,unclear,print,single_non_english,ethnic_or_racial_community,neighborhood_or_city,,not_searched,,,not_searched,not_searched,not_searched,not_searched,,,not_searched,not_searched,not_searched,,not_searched,not_searched,,,,not_searched,not_searched,,,,not_searched,not_searched,,not_searched,,,,not_searched,not_searched,,not_searched,,not_searched,not_searched,not_searched,not_searched,not_searched,,not_searched,not_searched,,,not_searched,,,not_searched,,,not_searched,,not_searched,,not_searched,not_searched,not_searched,not_searched,,not_searched,,,,,https://imparcialnews.com/about_us/,,,,,not_searched,,phase1b-v1.0
VA002,,Korea Daily Washington,Virginia,Virginia,Annandale / Northern Virginia / DMV,https://www.koreadaily.com/,standalone_outlet,unclear,unclear,single_non_english,diaspora_national_origin,neighborhood_or_city,,not_searched,,,not_searched,not_searched,not_searched,not_searched,,,not_searched,not_searched,not_searched,,not_searched,not_searched,,,,not_searched,not_searched,,,,not_searched,not_searched,,not_searched,,,,not_searched,not_searched,,not_searched,,not_searched,not_searched,not_searched,not_searched,not_searched,,not_searched,not_searched,,,not_searched,,,not_searched,,,not_searched,,not_searched,,not_searched,not_searched,not_searched,not_searched,,not_searched,,,,,https://www.waze.com/live-map/directions/korea-daily-washington-little-river-tpk-7023-annandale?to=place.w.185336196.1853427499.962000,,,,,not_searched,,phase1b-v1.0
WA016,,Crossings TV Seattle service,Washington,Washington,Seattle / statewide,https://www.crossingstv.com/,standalone_outlet,unclear,television,multilingual,mixed_orientation,multistate_or_regional,,not_searched,,,not_searched,not_searched,not_searched,not_searched,,,not_searched,not_searched,not_searched,,not_searched,not_searched,,,,not_searched,not_searched,,,,not_searched,not_searched,,not_searched,,,,not_searched,not_searched,,not_searched,,not_searched,not_searched,not_searched,not_searched,not_searched,,not_searched,not_searched,,,not_searched,,,not_searched,,,not_searched,,not_searched,,not_searched,not_searched,not_searched,not_searched,,not_searched,,,,,https://www.crossingstv.com/,,,,,not_searched,,phase1b-v1.0
WA001,,International Examiner,Washington,Washington,Seattle,https://iexaminer.org/,standalone_outlet,nonprofit,unclear,unclear,unclear,neighborhood_or_city,,not_searched,,,not_searched,not_searched,not_searched,not_searched,,,not_searched,not_searched,not_searched,,not_searched,not_searched,,,,not_searched,not_searched,,,,not_searched,not_searched,,not_searched,,,,not_searched,not_searched,,not_searched,,not_searched,not_searched,not_searched,not_searched,not_searched,,not_searched,not_searched,,,not_searched,,,not_searched,,,not_searched,,not_searched,,not_searched,not_searched,not_searched,not_searched,,not_searched,,,,,https://iexaminer.org/about/,,,,,not_searched,,phase1b-v1.0
WA009,,Korea Daily Seattle,Washington,Washington,Seattle,,standalone_outlet,unclear,unclear,single_non_english,diaspora_national_origin,neighborhood_or_city,,not_searched,,,not_searched,not_searched,not_searched,not_searched,,,not_searched,not_searched,not_searched,,not_searched,not_searched,,,,not_searched,not_searched,,,,not_searched,not_searched,,not_searched,,,,not_searched,not_searched,,not_searched,,not_searched,not_searched,not_searched,not_searched,not_searched,,not_searched,not_searched,,,not_searched,,,not_searched,,,not_searched,,not_searched,,not_searched,not_searched,not_searched,not_searched,,not_searched,,,,,https://www.cityofseattle.org/immigrant-and-refugee/issues-and-policies/voting-data,,,,,not_searched,,phase1b-v1.0
WA010,,Korea Times Seattle,Washington,Washington,Seattle,,standalone_outlet,unclear,print,single_non_english,diaspora_national_origin,neighborhood_or_city,,not_searched,,,not_searched,not_searched,not_searched,not_searched,,,not_searched,not_searched,not_searched,,not_searched,not_searched,,,,not_searched,not_searched,,,,not_searched,not_searched,,not_searched,,,,not_searched,not_searched,,not_searched,,not_searched,not_searched,not_searched,not_searched,not_searched,,not_searched,not_searched,,,not_searched,,,not_searched,,,not_searched,,not_searched,,not_searched,not_searched,not_searched,not_searched,,not_searched,,,,,https://www.w3newspapers.com/usa/washington/seattle/,,,,,not_searched,,phase1b-v1.0
WA013,,La Raza del Noroeste,Washington,Washington,Seattle / Puget Sound,https://www.larazanw.com/,standalone_outlet,unclear,unclear,single_non_english,language_community,neighborhood_or_city,,not_searched,,,not_searched,not_searched,not_searched,not_searched,,,not_searched,not_searched,not_searched,,not_searched,not_searched,,,,not_searched,not_searched,,,,not_searched,not_searched,,not_searched,,,,not_searched,not_searched,,not_searched,,not_searched,not_searched,not_searched,not_searched,not_searched,,not_searched,not_searched,,,not_searched,,,not_searched,,,not_searched,,not_searched,,not_searched,not_searched,not_searched,not_searched,,not_searched,,,,,https://www.larazanw.com/advertising/,,,,,not_searched,,phase1b-v1.0
WA002,,Northwest Asian Weekly,Washington,Washington,Seattle,https://nwasianweekly.com/,standalone_outlet,unclear,print,unclear,ethnic_or_racial_community,neighborhood_or_city,,not_searched,,,not_searched,not_searched,not_searched,not_searched,,,not_searched,not_searched,not_searched,,not_searched,not_searched,,,,not_searched,not_searched,,,,not_searched,not_searched,,not_searched,,,,not_searched,not_searched,,not_searched,,not_searched,not_searched,not_searched,not_searched,not_searched,,not_searched,not_searched,,,not_searched,,,not_searched,,,not_searched,,not_searched,,not_searched,not_searched,not_searched,not_searched,,not_searched,,,,,https://nwasianweekly.com/about/,,,,,not_searched,,phase1b-v1.0
WA005,,Northwest Vietnamese News,Washington,Washington,Seattle / Newcastle,https://nvnorthwest.com/,standalone_outlet,unclear,mixed_platform,unclear,diaspora_national_origin,neighborhood_or_city,,not_searched,,,not_searched,not_searched,not_searched,not_searched,,,not_searched,not_searched,not_searched,,not_searched,not_searched,,,,not_searched,not_searched,,,,not_searched,not_searched,,not_searched,,,,not_searched,not_searched,,not_searched,,not_searched,not_searched,not_searched,not_searched,not_searched,,not_searched,not_searched,,,not_searched,,,not_searched,,,not_searched,,not_searched,,not_searched,not_searched,not_searched,not_searched,,not_searched,,,,,https://nvnorthwest.com/about/,,,,,not_searched,,phase1b-v1.0
WA007,,Runta News,Washington,Washington,Seattle / Northwest,https://runtanews.com/,standalone_outlet,unclear,unclear,unclear,diaspora_national_origin,neighborhood_or_city,,not_searched,,,not_searched,not_searched,not_searched,not_searched,,,not_searched,not_searched,not_searched,,not_searched,not_searched,,,,not_searched,not_searched,,,,not_searched,not_searched,,not_searched,,,,not_searched,not_searched,,not_searched,,not_searched,not_searched,not_searched,not_searched,not_searched,,not_searched,not_searched,,,not_searched,,,not_searched,,,not_searched,,not_searched,,not_searched,not_searched,not_searched,not_searched,,not_searched,,,,,https://runtanews.com/about-us/,,,,,not_searched,,phase1b-v1.0
WA003,,Seattle Chinese Post,Washington,Washington,Seattle,https://seattlechinesepost.com/,standalone_outlet,nonprofit,unclear,single_non_english,language_community,neighborhood_or_city,,not_searched,,,not_searched,not_searched,not_searched,not_searched,,,not_searched,not_searched,not_searched,,not_searched,not_searched,,,,not_searched,not_searched,,,,not_searched,not_searched,,not_searched,,,,not_searched,not_searched,,not_searched,,not_searched,not_searched,not_searched,not_searched,not_searched,,not_searched,not_searched,,,not_searched,,,not_searched,,,not_searched,,not_searched,,not_searched,not_searched,not_searched,not_searched,,not_searched,,,,,https://seattlechinesepost.com/,,,,,not_searched,,phase1b-v1.0
WA004,,Seattle Chinese Times,Washington,Washington,Seattle,https://seattlechinesetimes.com/,standalone_outlet,unclear,unclear,bilingual,unclear,neighborhood_or_city,,not_searched,,,not_searched,not_searched,not_searched,not_searched,,,not_searched,not_searched,not_searched,,not_searched,not_searched,,,,not_searched,not_searched,,,,not_searched,not_searched,,not_searched,,,,not_searched,not_searched,,not_searched,,not_searched,not_searched,not_searched,not_searched,not_searched,,not_searched,not_searched,,,not_searched,,,not_searched,,,not_searched,,not_searched,,not_searched,not_searched,not_searched,not_searched,,not_searched,,,,,https://seattlechinesetimes.com/,,,,,not_searched,,phase1b-v1.0
WA006,,Seattle Viet Times,Washington,Washington,Mill Creek / Greater Seattle,,standalone_outlet,unclear,print,unclear,diaspora_national_origin,metro,,not_searched,,,not_searched,not_searched,not_searched,not_searched,,,not_searched,not_searched,not_searched,,not_searched,not_searched,,,,not_searched,not_searched,,,,not_searched,not_searched,,not_searched,,,,not_searched,not_searched,,not_searched,,not_searched,not_searched,not_searched,not_searched,not_searched,,not_searched,not_searched,,,not_searched,,,not_searched,,,not_searched,,not_searched,,not_searched,not_searched,not_searched,not_searched,,not_searched,,,,,https://echox.org/directory/seattle-viet-times/,,,,,not_searched,,phase1b-v1.0
WA008,,The North American Post,Washington,Washington,Seattle,https://napost.com/,standalone_outlet,nonprofit,print,bilingual,diaspora_national_origin,neighborhood_or_city,,not_searched,,,not_searched,not_searched,not_searched,not_searched,,,not_searched,not_searched,not_searched,,not_searched,not_searched,,,,not_searched,not_searched,,,,not_searched,not_searched,,not_searched,,,,not_searched,not_searched,,not_searched,,not_searched,not_searched,not_searched,not_searched,not_searched,,not_searched,not_searched,,,not_searched,,,not_searched,,,not_searched,,not_searched,,not_searched,not_searched,not_searched,not_searched,,not_searched,,,,,https://napost.com/about/,,,,,not_searched,,phase1b-v1.0
WI003,,El Conquistador Latino Newspaper,Wisconsin,Wisconsin,Milwaukee,https://www.mkenews.com/,standalone_outlet,unclear,print,single_non_english,ethnic_or_racial_community,neighborhood_or_city,,not_searched,,,not_searched,not_searched,not_searched,not_searched,,,not_searched,not_searched,not_searched,,not_searched,not_searched,,,,not_searched,not_searched,,,,not_searched,not_searched,,not_searched,,,,not_searched,not_searched,,not_searched,,not_searched,not_searched,not_searched,not_searched,not_searched,,not_searched,not_searched,,,not_searched,,,not_searched,,,not_searched,,not_searched,,not_searched,not_searched,not_searched,not_searched,,not_searched,,,,,https://www.mkenews.com/,,,,,not_searched,,phase1b-v1.0
WI001,,La Comunidad News Online,Wisconsin,Wisconsin,Madison,https://wisconsinlcnews.com/,standalone_outlet,unclear,print,single_non_english,ethnic_or_racial_community,neighborhood_or_city,,not_searched,,,not_searched,not_searched,not_searched,not_searched,,,not_searched,not_searched,not_searched,,not_searched,not_searched,,,,not_searched,not_searched,,,,not_searched,not_searched,,not_searched,,,,not_searched,not_searched,,not_searched,,not_searched,not_searched,not_searched,not_searched,not_searched,,not_searched,not_searched,,,not_searched,,,not_searched,,,not_searched,,not_searched,,not_searched,not_searched,not_searched,not_searched,,not_searched,,,,,https://wisconsinlcnews.com/,,,,,not_searched,,phase1b-v1.0
WI006,,La Movida Radio,Wisconsin,Wisconsin,Madison,https://www.lamovidaradio.com/,standalone_outlet,unclear,radio,single_non_english,ethnic_or_racial_community,neighborhood_or_city,,not_searched,,,not_searched,not_searched,not_searched,not_searched,,,not_searched,not_searched,not_searched,,not_searched,not_searched,,,,not_searched,not_searched,,,,not_searched,not_searched,,not_searched,,,,not_searched,not_searched,,not_searched,,not_searched,not_searched,not_searched,not_searched,not_searched,,not_searched,not_searched,,,not_searched,,,not_searched,,,not_searched,,not_searched,,not_searched,not_searched,not_searched,not_searched,,not_searched,,,,,https://www.lamovidaradio.com/quienes-somos/,,,,,not_searched,,phase1b-v1.0
WI009,,Nyob Zoo Milwaukee TV,Wisconsin,Wisconsin,Milwaukee,,standalone_outlet,unclear,television,single_non_english,diaspora_national_origin,neighborhood_or_city,,not_searched,,,not_searched,not_searched,not_searched,not_searched,,,not_searched,not_searched,not_searched,,not_searched,not_searched,,,,not_searched,not_searched,,,,not_searched,not_searched,,not_searched,,,,not_searched,not_searched,,not_searched,,not_searched,not_searched,not_searched,not_searched,not_searched,,not_searched,not_searched,,,not_searched,,,not_searched,,,not_searched,,not_searched,,not_searched,not_searched,not_searched,not_searched,,not_searched,,,,,https://milwaukeenns.org/2017/10/23/hmong-community-members-praise-tv-show-highlighting-invisible-community/,,,,,not_searched,,phase1b-v1.0
WI005,,Spanish Journal Network,Wisconsin,Wisconsin,Milwaukee,https://www.spanishjournal.com/,standalone_outlet,unclear,print,bilingual,ethnic_or_racial_community,neighborhood_or_city,,not_searched,,,not_searched,not_searched,not_searched,not_searched,,,not_searched,not_searched,not_searched,,not_searched,not_searched,,,,not_searched,not_searched,,,,not_searched,not_searched,,not_searched,,,,not_searched,not_searched,,not_searched,,not_searched,not_searched,not_searched,not_searched,not_searched,,not_searched,not_searched,,,not_searched,,,not_searched,,,not_searched,,not_searched,,not_searched,not_searched,not_searched,not_searched,,not_searched,,,,,https://www.spanishjournal.com/,,,,,not_searched,,phase1b-v1.0
WI002,,Suab Hmong News,Wisconsin,Wisconsin,Milwaukee,https://suabhmongnews.com/,standalone_outlet,unclear,television,unclear,diaspora_national_origin,neighborhood_or_city,,not_searched,,,not_searched,not_searched,not_searched,not_searched,,,not_searched,not_searched,not_searched,,not_searched,not_searched,,,,not_searched,not_searched,,,,not_searched,not_searched,,not_searched,,,,not_searched,not_searched,,not_searched,,not_searched,not_searched,not_searched,not_searched,not_searched,,not_searched,not_searched,,,not_searched,,,not_searched,,,not_searched,,not_searched,,not_searched,not_searched,not_searched,not_searched,,not_searched,,,,,https://immigrantmediareport.journalism.cuny.edu/suab-hmong-news/,,,,,not_searched,,phase1b-v1.0
WI013,,Wisconsin Muslim Journal,Wisconsin,Wisconsin,Milwaukee,https://wisconsinmuslimjournal.org/,standalone_outlet,unclear,print,unclear,mixed_orientation,transnational_or_diaspora,,not_searched,,,not_searched,not_searched,not_searched,not_searched,,,not_searched,not_searched,not_searched,,not_searched,not_searched,,,,not_searched,not_searched,,,,not_searched,not_searched,,not_searched,,,,not_searched,not_searched,,not_searched,,not_searched,not_searched,not_searched,not_searched,not_searched,,not_searched,not_searched,,,not_searched,,,not_searched,,,not_searched,,not_searched,,not_searched,not_searched,not_searched,not_searched,,not_searched,,,,,https://wisconsinmuslimjournal.org/about/,,,,,not_searched,,phase1b-v1.0
WY002,,KHOL En Español,Wyoming,Wyoming,Jackson / Teton County,https://891khol.org/espanol/,hosted_language_product,nonprofit,radio,language_specific_product_within_host,language_community,neighborhood_or_city,,not_searched,,,not_searched,not_searched,not_searched,not_searched,,,not_searched,not_searched,not_searched,,not_searched,not_searched,,,,not_searched,not_searched,,,,not_searched,not_searched,,not_searched,,,,not_searched,not_searched,,not_searched,,not_searched,not_searched,not_searched,not_searched,not_searched,,not_searched,not_searched,,,not_searched,,,not_searched,,,not_searched,,not_searched,,not_searched,not_searched,not_searched,not_searched,,not_searched,,,,,https://891khol.org/espanol/,,,,,not_searched,,phase1b-v1.0
WY001,,TODO TV / Prisma TV,Wyoming,Wyoming,Jackson / Teton County,https://todotvisn.com/,standalone_outlet,unclear,television,single_non_english,language_community,neighborhood_or_city,,not_searched,,,not_searched,not_searched,not_searched,not_searched,,,not_searched,not_searched,not_searched,,not_searched,not_searched,,,,not_searched,not_searched,,,,not_searched,not_searched,,not_searched,,,,not_searched,not_searched,,not_searched,,not_searched,not_searched,not_searched,not_searched,not_searched,,not_searched,not_searched,,,not_searched,,,not_searched,,,not_searched,,not_searched,,not_searched,not_searched,not_searched,not_searched,,not_searched,,,,,https://891khol.org/spanish-language-news-gets-streaming-makeover/,,,,,not_searched,,phase1b-v1.0
