outlet_id,outlet_name,jurisdiction,field,proposed_value,reason,source_value,institutional_form,eligibility_status,verification_notes
AL005,Alabama TV,Alabama,record_type,unclear,boundary/pending record requires manual record-type decision,pending_verification,Spanish-language television outlet listed in Latino-media map,pending_verification,"Do not place in active verified frame yet. Needs exact current station identity, ownership, and journalism/public-affairs verification."
AL005,Alabama TV,Alabama,activity_status,unclear,source activity value is explicitly uncertain,unclear_current_operation,Spanish-language television outlet listed in Latino-media map,pending_verification,"Do not place in active verified frame yet. Needs exact current station identity, ownership, and journalism/public-affairs verification."
AL006,Vida em Alabama,Alabama,media_format,unclear,no clear primary format found,Portuguese-language Brazilian-immigrant initiative within Hola Latino,Portuguese-language Brazilian-immigrant initiative within Hola Latino,verified_include_hosted_program,"Eligible as a hosted immigrant-serving media program, not a separate parent organization. Link to Hola Latino as host."
AK003,Alaska Korean Community News,Alaska,media_format,print,print plus companion digital presence; verify whether digital is co-primary,Korean-language newspaper and digital outlet,Korean-language newspaper and digital outlet,verified_include_core_shared_operation,Retain distinct outlet identity while linking operational consolidation with AK002.
AK002,Anchorage Korean News,Alaska,media_format,print,print plus companion digital presence; verify whether digital is co-primary,bilingual Korean-English newspaper and digital outlet,bilingual Korean-English newspaper and digital outlet,verified_include_core,Count as distinct editorial product but note shared operation.
AK001,Sol de Medianoche,Alaska,media_format,print,print plus companion digital presence; verify whether digital is co-primary,bilingual Latino newspaper and digital outlet,bilingual Latino newspaper and digital outlet,verified_include_core,Strong core inclusion.
AZ007,AZ Chinese News,Arizona,media_format,unclear,no clear primary format found,Chinese community news product under Asian Media Network,Chinese community news product under Asian Media Network,verified_include_with_parent_evidence,Include provisionally; direct publication page and cadence should be verified later.
AZ014,El Semanario / The Weekly Issue Arizona market,Arizona,media_format,unclear,no clear primary format found,Colorado-based bilingual weekly serving Arizona,Colorado-based bilingual weekly serving Arizona,multistate_market_case,Do not count as Arizona-based newsroom; retain as Arizona-serving market case.
AZ008,Filipino American Journal,Arizona,media_format,unclear,no clear primary format found,biweekly Filipino-American publication under Asian Media Network,biweekly Filipino-American publication under Asian Media Network,verified_include_with_parent_evidence,Strong Filipino diaspora candidate; deeper direct-site coding needed.
AZ013,La Estrella de Tucsón,Arizona,media_format,unclear,no clear primary format found,historic Spanish-language newsroom,historic Spanish-language newsroom,exclude_inactive_archive,"Preserve as historical ecosystem case, not active core unless current operation is independently established."
AZ003,La Voz Arizona,Arizona,media_format,unclear,no clear primary format found,Spanish-language digital product within The Arizona Republic/Gannett,Spanish-language digital product within The Arizona Republic/Gannett,verified_include_hosted_language_product,Hosted/network-affiliated comparison case.
AZ004,Telemundo Arizona,Arizona,record_type,network_affiliate_or_local_station,format/parent wording may require review,verified_include,Spanish-language local television newsroom,verified_include,Strong network-affiliated Spanish-language case.
AZ004,Telemundo Arizona,Arizona,media_format,mixed_platform,multiple central formats detected; manual check recommended,Spanish-language local television newsroom,Spanish-language local television newsroom,verified_include,Strong network-affiliated Spanish-language case.
AZ005,Univision Arizona,Arizona,record_type,network_affiliate_or_local_station,format/parent wording may require review,verified_include,Spanish-language local television newsroom/network affiliate,verified_include,Strong network-affiliated case.
AZ010,VAATV - Vietnamese American Arizona Television,Arizona,record_type,unclear,boundary/pending record requires manual record-type decision,pending_deeper_verification,Vietnamese-American television/community media product,pending_deeper_verification,Retain; verify current schedule and sustained journalism/public-affairs share.
AR001,Arkansas GRITA,Arkansas,media_format,unclear,no clear primary format found,community-led nonprofit-style investigative newsroom,community-led nonprofit-style investigative newsroom,verified_include_core,Strong immigrant-centered investigative newsroom.
AR002,Chikin Melele News,Arkansas,media_format,print,print plus companion digital presence; verify whether digital is co-primary,Marshallese diaspora newspaper/digital outlet,Marshallese diaspora newspaper/digital outlet,verified_include_core,Strong diaspora journalism case with translocal scope.
CA016,Alhambra Source,California,media_format,unclear,no clear primary format found,former nonprofit community newsroom,former nonprofit community newsroom,exclude_inactive,"Closed in 2020. Retain only in archival/inactive registry, not active sampling frame."
CA008,Asian Journal,California,media_format,print,print plus companion digital presence; verify whether digital is co-primary,Filipino American newspaper/digital newsroom,Filipino American newspaper/digital newsroom,verified_include,Explicit Filipino-American community newspaper with active California coverage.
CA017,ChicoSol News,California,media_format,unclear,no clear primary format found,nonprofit/fiscally sponsored multicultural local newsroom,nonprofit/fiscally sponsored multicultural local newsroom,verified_include,Strong institutional-variation case; not exclusively immigrant media but immigrant communities are central to mission.
CA014,El Latino San Diego,California,media_format,unclear,no clear primary format found,Latina-owned independent media organization,Latina-owned independent media organization,verified_include,Strong independent commercial case.
CA001,El Tímpano,California,media_format,unclear,no clear primary format found,community-centered immigrant newsroom,community-centered immigrant newsroom,verified_include,Strong fit. Explicitly serves Bay Area Latino and Mayan immigrants.
CA013,La Opinión,California,media_format,unclear,no clear primary format found,large commercial Spanish-language newsroom,large commercial Spanish-language newsroom,verified_include,"Strong fit, but should later be coded as large/networked comparison case."
CA027,Myanmar Gazette,California,record_type,unclear,boundary/pending record requires manual record-type decision,pending_verification,Burmese community media,pending_verification,Keep candidate; current website and active publication need direct verification.
CA027,Myanmar Gazette,California,media_format,unclear,no clear primary format found,Burmese community media,Burmese community media,pending_verification,Keep candidate; current website and active publication need direct verification.
CA027,Myanmar Gazette,California,activity_status,active_with_limited_or_uncertain_cadence,nonstandard activity wording requires review,pending,Burmese community media,pending_verification,Keep candidate; current website and active publication need direct verification.
CA006,Nguoi Viet Daily News,California,activity_status,unclear,source activity value is explicitly uncertain,unclear_site_fetch,Vietnamese-language daily newspaper,verified_include_with_site_limit,Official county list identifies current outlet; site blocks automated fetch.
CA028,Pakistan Times USA,California,record_type,unclear,boundary/pending record requires manual record-type decision,pending_verification,Pakistani community publication,pending_verification,Keep candidate; current website and active publication need direct verification.
CA028,Pakistan Times USA,California,media_format,unclear,no clear primary format found,Pakistani community publication,Pakistani community publication,pending_verification,Keep candidate; current website and active publication need direct verification.
CA028,Pakistan Times USA,California,activity_status,active_with_limited_or_uncertain_cadence,nonstandard activity wording requires review,pending,Pakistani community publication,pending_verification,Keep candidate; current website and active publication need direct verification.
CA015,Peninsula 360 Press,California,media_format,unclear,no clear primary format found,immigrant-founded multilingual digital/community newsroom,immigrant-founded multilingual digital/community newsroom,verified_include,Very strong immigrant-serving fit.
CA029,The Armenian Observer,California,record_type,unclear,boundary/pending record requires manual record-type decision,pending_verification,Armenian community publication,pending_verification,Keep candidate; current activity and institutional structure need verification.
CA029,The Armenian Observer,California,media_format,unclear,no clear primary format found,Armenian community publication,Armenian community publication,pending_verification,Keep candidate; current activity and institutional structure need verification.
CA029,The Armenian Observer,California,activity_status,active_with_limited_or_uncertain_cadence,nonstandard activity wording requires review,pending,Armenian community publication,pending_verification,Keep candidate; current activity and institutional structure need verification.
CA022,Vida en el Valle,California,record_type,unclear,boundary/pending record requires manual record-type decision,pending_verification,Latino community newspaper/digital outlet,pending_verification,Retain candidate; current institutional verification still needed.
CA022,Vida en el Valle,California,media_format,print,print plus companion digital presence; verify whether digital is co-primary,Latino community newspaper/digital outlet,Latino community newspaper/digital outlet,pending_verification,Retain candidate; current institutional verification still needed.
CA022,Vida en el Valle,California,activity_status,active_with_limited_or_uncertain_cadence,nonstandard activity wording requires review,pending_current_site_check,Latino community newspaper/digital outlet,pending_verification,Retain candidate; current institutional verification still needed.
CA007,Viet Bao Daily News,California,activity_status,unclear,source activity value is explicitly uncertain,unclear_site_fetch,Vietnamese-language daily newspaper,verified_include_with_site_limit,Official county list identifies outlet; site blocks automated fetch.
CA011,World Journal California,California,media_format,unclear,no clear primary format found,Chinese-language commercial news organization,Chinese-language commercial news organization,verified_include,Strong fit; useful large commercial comparison.
CO005,Colorado Chinese News,Colorado,media_format,print,print plus companion digital presence; verify whether digital is co-primary,Chinese-language newspaper/digital outlet,Chinese-language newspaper/digital outlet,verified_include_with_secondary_evidence,Strong Chinese-language diaspora case; deeper pass should add ownership/staff.
CO009,ColoradoLatino.com,Colorado,record_type,unclear,no deterministic record-type rule matched,comparison_or_information_platform,Latino community information/news portal,comparison_or_information_platform,"Useful community-information infrastructure, but not yet a clearly verified newsroom."
CO009,ColoradoLatino.com,Colorado,media_format,unclear,no clear primary format found,Latino community information/news portal,Latino community information/news portal,comparison_or_information_platform,"Useful community-information infrastructure, but not yet a clearly verified newsroom."
CO010,Denver Urban Spectrum,Colorado,record_type,unclear,no deterministic record-type rule matched,boundary_comparison,Black/community-of-color publication,boundary_comparison,Retain as comparison rather than core immigrant outlet.
CO010,Denver Urban Spectrum,Colorado,media_format,unclear,no clear primary format found,Black/community-of-color publication,Black/community-of-color publication,boundary_comparison,Retain as comparison rather than core immigrant outlet.
CO003,El Comercio de Colorado,Colorado,media_format,print,print plus companion digital presence; verify whether digital is co-primary,Spanish-English newspaper/digital newsroom,Spanish-English newspaper/digital newsroom,verified_include,Excellent current Latino/immigrant-serving outlet.
CO002,La Prensa de Colorado,Colorado,media_format,print,print plus companion digital presence; verify whether digital is co-primary,Spanish-language weekly newspaper/digital outlet,Spanish-language weekly newspaper/digital outlet,verified_include,Strong immigrant-serving Spanish-language case.
CO001,La Voz Colorado,Colorado,media_format,print,print plus companion digital presence; verify whether digital is co-primary,bilingual Latino newspaper/digital newsroom,bilingual Latino newspaper/digital newsroom,verified_include,Strong long-running Latino community newsroom.
CO007,Telemundo Colorado / KDEN,Colorado,record_type,network_affiliate_or_local_station,format/parent wording may require review,verified_include,Spanish-language local television newsroom owned by NBCUniversal,verified_include,Strong large-network comparison case.
CO008,Univision Colorado / Denver coverage,Colorado,record_type,unclear,boundary/pending record requires manual record-type decision,pending_deeper_verification,Spanish-language network/local-market news presence,pending_deeper_verification,"Retain; verify local station ownership, staffing and newsroom structure before counting as distinct core outlet."
CO008,Univision Colorado / Denver coverage,Colorado,media_format,unclear,no clear primary format found,Spanish-language network/local-market news presence,Spanish-language network/local-market news presence,pending_deeper_verification,"Retain; verify local station ownership, staffing and newsroom structure before counting as distinct core outlet."
CT007,Connecticut Brazilian/Danbury community media lead,Connecticut,record_type,unclear,boundary/pending record requires manual record-type decision,hold_unresolved,unresolved Portuguese/Brazilian media lead,hold_unresolved,Retain for deeper Portuguese radio/print/social-media search; do not infer absence.
CT007,Connecticut Brazilian/Danbury community media lead,Connecticut,media_format,unclear,no clear primary format found,unresolved Portuguese/Brazilian media lead,unresolved Portuguese/Brazilian media lead,hold_unresolved,Retain for deeper Portuguese radio/print/social-media search; do not infer absence.
CT007,Connecticut Brazilian/Danbury community media lead,Connecticut,activity_status,active_with_limited_or_uncertain_cadence,nonstandard activity wording requires review,unresolved,unresolved Portuguese/Brazilian media lead,hold_unresolved,Retain for deeper Portuguese radio/print/social-media search; do not infer absence.
CT004,ConnecticutLatino.com,Connecticut,media_format,unclear,no clear primary format found,Spanish-language statewide information/news portal,Spanish-language statewide information/news portal,verified_include_mixed_format,Hybrid portal; assess original reporting share in deeper pass.
CT003,CT Mirror en Español,Connecticut,media_format,unclear,no clear primary format found,Spanish-language local-news product within nonprofit CT Mirror,Spanish-language local-news product within nonprofit CT Mirror,verified_include_hosted_language_product,Important collaborative/hosted language-access model.
CT002,Identidad Latina Multimedia,Connecticut,media_format,mixed_platform,multiple central formats detected; manual check recommended,Latino multimedia organization with print web social and radio,Latino multimedia organization with print web social and radio,verified_include_mixed_format,Excellent long-running Latino multimedia case.
CT001,La Voz Hispana de Connecticut,Connecticut,media_format,print,print plus companion digital presence; verify whether digital is co-primary,Spanish-language weekly newspaper/digital outlet,Spanish-language weekly newspaper/digital outlet,verified_include,Strong statewide Latino newspaper.
DE006,Delaware Spanish-language radio lead,Delaware,record_type,unclear,boundary/pending record requires manual record-type decision,hold_unresolved,unresolved Spanish-language broadcast lead,hold_unresolved,Retain for deeper FCC/station-program search; do not infer absence.
DE006,Delaware Spanish-language radio lead,Delaware,activity_status,active_with_limited_or_uncertain_cadence,nonstandard activity wording requires review,unresolved,unresolved Spanish-language broadcast lead,hold_unresolved,Retain for deeper FCC/station-program search; do not infer absence.
DE002,El Tiempo Hispano,Delaware,media_format,print,print plus companion digital presence; verify whether digital is co-primary,bilingual print/digital newspaper published by Hola Delaware LLC,bilingual print/digital newspaper published by Hola Delaware LLC,verified_include,Strong statewide Latino newsroom with collaboration infrastructure.
DC006,Ethiopian Yellow Pages,District of Columbia,media_format,unclear,no clear primary format found,Ethiopian diaspora community directory and information institution,Ethiopian diaspora community directory and information institution,classify_information_infrastructure_not_outlet,Important ecosystem institution but exclude from core journalism count.
DC004,Ethiopique,District of Columbia,media_format,unclear,no clear primary format found,independent Amharic-language local newsroom,independent Amharic-language local newsroom,verified_include,Strong diaspora-language core outlet.
DC005,Tiempo News,District of Columbia,media_format,unclear,no clear primary format found,national Spanish-language political analysis brand headquartered in DC,national Spanish-language political analysis brand headquartered in DC,verified_include_national_scope,Retain as DC-based national Latino media operation; distinguish from local DMV outlet DC001.
DC002,Washington Hispanic,District of Columbia,media_format,print,print plus companion digital presence; verify whether digital is co-primary,Spanish-language weekly newspaper and digital newsroom,Spanish-language weekly newspaper and digital newsroom,verified_include,Clear core outlet.
FL008,Florida Latino News,Florida,record_type,unclear,no deterministic record-type rule matched,events and promotional/community stories,Latino-oriented digital news/community publication,events and promotional/community stories,https://floridalatino.news/noticias/
FL008,Florida Latino News,Florida,media_format,unclear,no clear primary format found,Latino-oriented digital news/community publication,Latino-oriented digital news/community publication,events and promotional/community stories,https://floridalatino.news/noticias/
FL002,Island TV,Florida,record_type,unclear,no deterministic record-type rule matched,local South Florida community reporting and Haiti-focused political/current-affairs programming,Caribbean/Haitian television network,local South Florida community reporting and Haiti-focused political/current-affairs programming,https://ondemand.islandtv.tv/news
FL006,Miami Diario,Florida,media_format,unclear,no clear primary format found,Spanish-language digital local-news outlet,Spanish-language digital local-news outlet,verified_include,Strong current Spanish-language local case.
FL010,Radyo FANM / Vwa FANM,Florida,record_type,unclear,no deterministic record-type rule matched,economic empowerment,Haitian Creole community radio program hosted by Family Action Network Movement,economic empowerment,verified_include_hosted_program
FL005,Radyo Lekol,Florida,media_format,unclear,no clear primary format found,Haitian Creole hosted educational-news program on WLRN,Haitian Creole hosted educational-news program on WLRN,verified_include_hosted_program,Important hosted public-service language program.
FL009,The Haitian Times - Florida service,Florida,media_format,unclear,no clear primary format found,Haitian-American national/diaspora newsroom based outside Florida,Haitian-American national/diaspora newsroom based outside Florida,multistate_market_case,Do not count as Florida-based; retain as major Florida-serving diaspora outlet.
FL003,WQVN 1360,Florida,record_type,unclear,no deterministic record-type rule matched,health,Haitian community radio station,health,verified_include_mixed_format
FL004,WSRF 1580 AM / 99.5 FM,Florida,record_type,unclear,no deterministic record-type rule matched,Fort Lauderdale and Palm Beach,Haitian-American radio station,Fort Lauderdale and Palm Beach,https://wsrf.com/about-lat/
GA001,285 South,Georgia,media_format,unclear,no clear primary format found,independent English-language immigrant/refugee news publication,independent English-language immigrant/refugee news publication,verified_include,Excellent immigrant-serving English-language newsroom.
GA004,Atlanta Chosun Today,Georgia,media_format,print,print plus companion digital presence; verify whether digital is co-primary,Korean-language newspaper/digital newsroom,Korean-language newspaper/digital newsroom,verified_include,Excellent Korean diaspora newsroom.
GA005,Atlanta K,Georgia,media_format,unclear,no clear primary format found,Korean-American digital/community media outlet,Korean-American digital/community media outlet,verified_include_with_media_kit_evidence,Strong Korean community-media case; deeper pass should document ownership/team.
GA002,Georgia Asian Times,Georgia,media_format,unclear,no clear primary format found,Asian-Pacific digital news/community media outlet,Asian-Pacific digital news/community media outlet,verified_include,Strong pan-Asian diaspora/community media case.
GA003,Mundo Hispánico / MundoNow,Georgia,media_format,unclear,no clear primary format found,Atlanta-founded bilingual Latino media outlet,Atlanta-founded bilingual Latino media outlet,verified_include_multiscale,Include with note that current scale extends beyond Georgia.
HI003,KNDI Radio,Hawaii,record_type,unclear,boundary/pending record requires manual record-type decision,pending_operational_verification,multicultural immigrant-language radio station,pending_operational_verification,Retain as important media institution but do not code fully active broadcast until return to air is verified.
HI004,The San Times,Hawaii,media_format,unclear,no clear primary format found,Japanese American online community journalism project,Japanese American online community journalism project,verified_include_core,Successor project to Hawaii Herald.
ID001,IdahoLatino.com,Idaho,record_type,unclear,boundary/pending record requires manual record-type decision,hold_borderline_information_portal,Spanish-language Latino information portal,hold_borderline_information_portal,Retain for deeper editorial-content review; do not yet count as core newsroom.
ID001,IdahoLatino.com,Idaho,media_format,unclear,no clear primary format found,Spanish-language Latino information portal,Spanish-language Latino information portal,hold_borderline_information_portal,Retain for deeper editorial-content review; do not yet count as core newsroom.
IL020,Arab American News Chicago-area candidate,Illinois,record_type,unclear,boundary/pending record requires manual record-type decision,hold_unresolved,Arab-American media candidate,hold_unresolved,Retain only as unresolved discovery lead.
IL020,Arab American News Chicago-area candidate,Illinois,media_format,unclear,no clear primary format found,Arab-American media candidate,Arab-American media candidate,hold_unresolved,Retain only as unresolved discovery lead.
IL020,Arab American News Chicago-area candidate,Illinois,activity_status,active_with_limited_or_uncertain_cadence,nonstandard activity wording requires review,unresolved,Arab-American media candidate,hold_unresolved,Retain only as unresolved discovery lead.
IL005,Chinatown Spotlight,Illinois,record_type,unclear,boundary/pending record requires manual record-type decision,hold_unresolved,Chinese community outlet candidate,hold_unresolved,Retain candidate only.
IL005,Chinatown Spotlight,Illinois,media_format,unclear,no clear primary format found,Chinese community outlet candidate,Chinese community outlet candidate,hold_unresolved,Retain candidate only.
IL005,Chinatown Spotlight,Illinois,activity_status,active_with_limited_or_uncertain_cadence,nonstandard activity wording requires review,unresolved,Chinese community outlet candidate,hold_unresolved,Retain candidate only.
IL002,Cicero Independiente,Illinois,media_format,unclear,no clear primary format found,independent nonprofit bilingual newsroom,independent nonprofit bilingual newsroom,verified_include,Excellent local immigrant-serving newsroom.
IL009,Dziennik Związkowy,Illinois,media_format,print,print plus companion digital presence; verify whether digital is co-primary,Polish-language newspaper/digital outlet,Polish-language newspaper/digital outlet,verified_include,Strong Polish diaspora newsroom.
IL006,El Día Newspaper,Illinois,record_type,unclear,boundary/pending record requires manual record-type decision,pending_verification,Spanish-language publication,pending_verification,Retain pending direct evidence.
IL006,El Día Newspaper,Illinois,activity_status,unclear,source activity value is explicitly uncertain,unclear_current_operation,Spanish-language publication,pending_verification,Retain pending direct evidence.
IL010,India Bulletin,Illinois,record_type,unclear,boundary/pending record requires manual record-type decision,pending_verification,Indian-American community publication,pending_verification,Retain candidate.
IL010,India Bulletin,Illinois,media_format,unclear,no clear primary format found,Indian-American community publication,Indian-American community publication,pending_verification,Retain candidate.
IL010,India Bulletin,Illinois,activity_status,unclear,source activity value is explicitly uncertain,unclear_current_operation,Indian-American community publication,pending_verification,Retain candidate.
IL011,India Tribune,Illinois,media_format,print,print plus companion digital presence; verify whether digital is co-primary,Indian-American biweekly newspaper/digital outlet,Indian-American biweekly newspaper/digital outlet,verified_include,Strong Indian diaspora news case.
IL003,La Raza,Illinois,media_format,unclear,no clear primary format found,Spanish-language commercial news publication,Spanish-language commercial news publication,verified_include,Strong long-running Latino community newsroom.
IL004,La Voz Chicago,Illinois,record_type,unclear,boundary/pending record requires manual record-type decision,pending_verification,Spanish-language local/community outlet,pending_verification,Retain pending current cadence and ownership verification.
IL004,La Voz Chicago,Illinois,media_format,unclear,no clear primary format found,Spanish-language local/community outlet,Spanish-language local/community outlet,pending_verification,Retain pending current cadence and ownership verification.
IL004,La Voz Chicago,Illinois,activity_status,unclear,source activity value is explicitly uncertain,unclear_current_operation,Spanish-language local/community outlet,pending_verification,Retain pending current cadence and ownership verification.
IL018,LATINEXT,Illinois,media_format,unclear,no clear primary format found,bilingual news collaborative of The Chicago Reporter and Univision Chicago,bilingual news collaborative of The Chicago Reporter and Univision Chicago,verified_include_hosted_collaboration,Include as hosted collaborative; code parent organizations separately.
IL007,Lawndale News,Illinois,record_type,unclear,boundary/pending record requires manual record-type decision,pending_verification,Latino/community newspaper candidate,pending_verification,Retain candidate.
IL007,Lawndale News,Illinois,activity_status,unclear,source activity value is explicitly uncertain,unclear_current_operation,Latino/community newspaper candidate,pending_verification,Retain candidate.
IL019,Nuevo Siglo,Illinois,record_type,unclear,boundary/pending record requires manual record-type decision,pending_verification,Spanish-language community newspaper candidate,pending_verification,Retain candidate.
IL019,Nuevo Siglo,Illinois,activity_status,unclear,source activity value is explicitly uncertain,unclear_current_operation,Spanish-language community newspaper candidate,pending_verification,Retain candidate.
IL016,Polish News,Illinois,record_type,unclear,boundary/pending record requires manual record-type decision,hold_identity_resolution,Polish-language outlet candidate,hold_identity_resolution,Do not double-count without distinct evidence.
IL016,Polish News,Illinois,media_format,unclear,no clear primary format found,Polish-language outlet candidate,Polish-language outlet candidate,hold_identity_resolution,Do not double-count without distinct evidence.
IL016,Polish News,Illinois,activity_status,active_with_limited_or_uncertain_cadence,nonstandard activity wording requires review,unresolved,Polish-language outlet candidate,hold_identity_resolution,Do not double-count without distinct evidence.
IL017,Romanian Tribune,Illinois,record_type,unclear,boundary/pending record requires manual record-type decision,pending_verification,Romanian-language community newspaper,pending_verification,Retain historical/current-unclear candidate.
IL012,Sanghamam,Illinois,record_type,unclear,boundary/pending record requires manual record-type decision,hold_unresolved,South Asian community media candidate,hold_unresolved,Retain candidate only.
IL012,Sanghamam,Illinois,media_format,unclear,no clear primary format found,South Asian community media candidate,South Asian community media candidate,hold_unresolved,Retain candidate only.
IL012,Sanghamam,Illinois,activity_status,active_with_limited_or_uncertain_cadence,nonstandard activity wording requires review,unresolved,South Asian community media candidate,hold_unresolved,Retain candidate only.
IN005,Desi.Net Indianapolis,Indiana,media_format,unclear,no clear primary format found,local South Asian digital news vertical within Desi.Net network,local South Asian digital news vertical within Desi.Net network,verified_include_network_local_vertical,Useful emerging network-local model; deeper pass should document ownership/editorial workflow.
IN002,El Puente,Indiana,media_format,print,print plus companion digital presence; verify whether digital is co-primary,bilingual Hispanic newspaper/digital outlet,bilingual Hispanic newspaper/digital outlet,verified_include,Strong Michiana immigrant-serving case.
IN006,Indiana Latino Institute media/information products,Indiana,media_format,unclear,no clear primary format found,Latino service/advocacy organization information channel,Latino service/advocacy organization information channel,classify_information_infrastructure_not_outlet,Keep as intermediary/context not core outlet.
IN001,La Voz de Indiana,Indiana,media_format,print,print plus companion digital presence; verify whether digital is co-primary,bilingual Latino newspaper/digital outlet,bilingual Latino newspaper/digital outlet,verified_include,Excellent long-running statewide Latino case.
IN004,Macedonian Tribune,Indiana,activity_status,active_with_limited_or_uncertain_cadence,nonstandard activity wording requires review,likely_yes,diaspora newspaper published by Macedonian Patriotic Organization,verified_include_with_secondary_evidence,Important long-duration diaspora press case; verify 2026 publication cadence directly in deeper pass.
IN003,Telemundo Indy,Indiana,media_format,mixed_platform,multiple central formats detected; manual check recommended,Spanish-language local television/digital newsroom,Spanish-language local television/digital newsroom,verified_include,Strong network/local newsroom case.
IA003,Common Thread Iowa,Iowa,activity_status,active_with_limited_or_uncertain_cadence,nonstandard activity wording requires review,launching_2026,social-first immigrant/refugee reporting project within New Day Iowa,verified_include_hosted_program,Important emerging immigrant-focused newsroom/program; verify direct site/social channels in deeper pass.
IA005,Denison Free Press immigrant-community crossover,Iowa,record_type,unclear,no deterministic record-type rule matched,boundary_comparison,general English-language local newspaper sharing ownership with La Prensa,boundary_comparison,Useful institutional comparison but not core immigrant outlet.
IA002,Hola Iowa,Iowa,media_format,unclear,no clear primary format found,bilingual Latino digital/news brand within Hola America Media Group,bilingual Latino digital/news brand within Hola America Media Group,verified_include,Strong statewide Latino news case.
KS007,La Estrella,Kansas,record_type,unclear,boundary/pending record requires manual record-type decision,pending_verification,Spanish-language weekly associated with Dodge City Daily Globe,pending_verification,Retain pending current verification.
KS007,La Estrella,Kansas,media_format,unclear,no clear primary format found,Spanish-language weekly associated with Dodge City Daily Globe,Spanish-language weekly associated with Dodge City Daily Globe,pending_verification,Retain pending current verification.
KS008,La Semana,Kansas,record_type,unclear,boundary/pending record requires manual record-type decision,pending_verification,Spanish-language edition of Garden City Telegram,pending_verification,Retain as historical/current-unclear.
KS008,La Semana,Kansas,media_format,unclear,no clear primary format found,Spanish-language edition of Garden City Telegram,Spanish-language edition of Garden City Telegram,pending_verification,Retain as historical/current-unclear.
KS001,Planeta Venus,Kansas,media_format,unclear,no clear primary format found,bilingual/Spanish digital and print newsroom,bilingual/Spanish digital and print newsroom,verified_include,Excellent statewide Latino journalism case.
KS009,Wichita Journalism Collaborative,Kansas,media_format,unclear,no clear primary format found,journalism collaborative/intermediary,journalism collaborative/intermediary,classify_intermediary_host,Important infrastructure layer; do not count as immigrant outlet.
KY001,Al Día en América,Kentucky,media_format,print,print plus companion digital presence; verify whether digital is co-primary,Spanish-language local newspaper/digital outlet,Spanish-language local newspaper/digital outlet,verified_include,Excellent long-running Spanish-language community newsroom.
KY004,Kentucky New Americans Media,Kentucky,record_type,unclear,boundary/pending record requires manual record-type decision,hold_unresolved,community-media discovery lead,hold_unresolved,Retain for deeper identity verification.
KY004,Kentucky New Americans Media,Kentucky,media_format,unclear,no clear primary format found,community-media discovery lead,community-media discovery lead,hold_unresolved,Retain for deeper identity verification.
KY004,Kentucky New Americans Media,Kentucky,activity_status,active_with_limited_or_uncertain_cadence,nonstandard activity wording requires review,unresolved,community-media discovery lead,hold_unresolved,Retain for deeper identity verification.
KY005,Louisville Public Media immigrant-language/community products,Kentucky,record_type,unclear,no deterministic record-type rule matched,exclude_current_definition,mainstream public-media newsroom,exclude_current_definition,Use as contextual source not core outlet.
KY005,Louisville Public Media immigrant-language/community products,Kentucky,media_format,unclear,no clear primary format found,mainstream public-media newsroom,mainstream public-media newsroom,exclude_current_definition,Use as contextual source not core outlet.
LA008,Crocodile Broadcasting / Mayavision,Louisiana,media_format,unclear,no clear primary format found,Spanish-language broadcast parent/host organization,Spanish-language broadcast parent/host organization,classify_host_infrastructure_not_outlet,Use as parent/host record and do not double-count separately as an outlet.
LA005,New Orleans Mới,Louisiana,media_format,unclear,no clear primary format found,Vietnamese-language nonprofit digital community news site,Vietnamese-language nonprofit digital community news site,verified_include_core,Strong Vietnamese-language diaspora case; organizational details beyond self-description remain thin.
LA006,Qué Pasa Newspaper,Louisiana,record_type,unclear,boundary/pending record requires manual record-type decision,borderline_retain_not_core,Spanish-language print/digital community publication,borderline_retain_not_core,Retain in frame but do not count as core journalism until sustained news/public-affairs production is established.
LA007,Saigon Nhỏ - New Orleans edition,Louisiana,record_type,unclear,boundary/pending record requires manual record-type decision,pending_verification,Vietnamese-language local edition/site linked to Vietnamese-American publication,pending_verification,Possible multistate/local-edition case; retain for deeper review before core inclusion.
LA007,Saigon Nhỏ - New Orleans edition,Louisiana,media_format,unclear,no clear primary format found,Vietnamese-language local edition/site linked to Vietnamese-American publication,Vietnamese-language local edition/site linked to Vietnamese-American publication,pending_verification,Possible multistate/local-edition case; retain for deeper review before core inclusion.
LA007,Saigon Nhỏ - New Orleans edition,Louisiana,activity_status,active_with_limited_or_uncertain_cadence,nonstandard activity wording requires review,partly_current,Vietnamese-language local edition/site linked to Vietnamese-American publication,pending_verification,Possible multistate/local-edition case; retain for deeper review before core inclusion.
LA002,Telemundo 42 New Orleans,Louisiana,record_type,network_affiliate_or_local_station,format/parent wording may require review,verified_include_core,Spanish-language local television newsroom,verified_include_core,Large network-affiliated local newsroom; preserve as institutional contrast.
LA004,VIVA NOLA Magazine,Louisiana,media_format,print,print plus companion digital presence; verify whether digital is co-primary,bilingual Latino/Hispanic print and digital publication,bilingual Latino/Hispanic print and digital publication,verified_include_core,Journalism is mixed with lifestyle/culture and promotional content but sustained community reporting is visible.
ME001,Amjambo Africa,Maine,media_format,unclear,no clear primary format found,nonprofit multilingual immigrant-serving newsroom; program of Ladder to the Moon Network,nonprofit multilingual immigrant-serving newsroom; program of Ladder to the Moon Network,verified_include,Excellent core case with unusually rich institutional transparency.
ME004,Maine Public News Connect - French,Maine,media_format,unclear,no clear primary format found,French-language product within Maine Public News Connect,French-language product within Maine Public News Connect,verified_include_hosted_program,Product-level case; link to ME002.
ME005,Maine Public News Connect - Portuguese,Maine,media_format,unclear,no clear primary format found,Portuguese-language product within Maine Public News Connect,Portuguese-language product within Maine Public News Connect,verified_include_hosted_program,Product-level case; link to ME002.
ME006,Maine Public News Connect - Spanish,Maine,media_format,unclear,no clear primary format found,Spanish-language product within Maine Public News Connect,Spanish-language product within Maine Public News Connect,verified_include_hosted_program,Product-level case; link to ME002.
ME007,Twin Cities Media,Maine,record_type,unclear,no deterministic record-type rule matched,exclude_unverified_authenticity,claimed multilingual local-news outlet,exclude_unverified_authenticity,Do not include in active sampling frame without independent verification of real newsroom operation.
ME007,Twin Cities Media,Maine,media_format,unclear,no clear primary format found,claimed multilingual local-news outlet,claimed multilingual local-news outlet,exclude_unverified_authenticity,Do not include in active sampling frame without independent verification of real newsroom operation.
ME007,Twin Cities Media,Maine,activity_status,unclear,source activity value is explicitly uncertain,unclear_or_problematic,claimed multilingual local-news outlet,exclude_unverified_authenticity,Do not include in active sampling frame without independent verification of real newsroom operation.
MD004,El Tiempo Latino - Maryland service,Maryland,media_format,unclear,no clear primary format found,Spanish-language regional newsroom based in Washington DC,Spanish-language regional newsroom based in Washington DC,multistate_market_case,Major Maryland-serving outlet but not Maryland-based.
MD003,Latin Opinion,Maryland,media_format,unclear,no clear primary format found,Baltimore-based Spanish-language media network,Baltimore-based Spanish-language media network,verified_include_with_secondary_evidence,Promising core case; direct website
MD006,Maryland Ethiopian/Amharic media lead,Maryland,record_type,unclear,boundary/pending record requires manual record-type decision,hold_unresolved,unresolved diaspora-media lead,hold_unresolved,Retain for deeper community-radio satellite TV and diaspora-directory search; do not infer absence.
MD006,Maryland Ethiopian/Amharic media lead,Maryland,media_format,unclear,no clear primary format found,unresolved diaspora-media lead,unresolved diaspora-media lead,hold_unresolved,Retain for deeper community-radio satellite TV and diaspora-directory search; do not infer absence.
MD006,Maryland Ethiopian/Amharic media lead,Maryland,activity_status,active_with_limited_or_uncertain_cadence,nonstandard activity wording requires review,unresolved,unresolved diaspora-media lead,hold_unresolved,Retain for deeper community-radio satellite TV and diaspora-directory search; do not infer absence.
MD002,MarylandHispano.com,Maryland,record_type,unclear,no deterministic record-type rule matched,services and events,Spanish-language statewide community portal,services and events,https://www.marylandhispano.com/noticias/
MD002,MarylandHispano.com,Maryland,media_format,unclear,no clear primary format found,Spanish-language statewide community portal,Spanish-language statewide community portal,services and events,https://www.marylandhispano.com/noticias/
MD007,Washington Hispanic DMV products,Maryland,record_type,unclear,no deterministic record-type rule matched,classify_hosted_product_or_duplicate,supplement/digital products within Washington Hispanic,classify_hosted_product_or_duplicate,Do not double-count separately from MD001 unless product-level analysis requires it.
MD007,Washington Hispanic DMV products,Maryland,media_format,unclear,no clear primary format found,supplement/digital products within Washington Hispanic,supplement/digital products within Washington Hispanic,classify_hosted_product_or_duplicate,Do not double-count separately from MD001 unless product-level analysis requires it.
MA006,Boston Orange,Massachusetts,media_format,unclear,no clear primary format found,Chinese-language community reporting publication/blog,Chinese-language community reporting publication/blog,verified_include_mixed_format,Useful community-reporting case; deeper pass should document ownership and publication cadence.
MA001,El Planeta,Massachusetts,media_format,unclear,no clear primary format found,Latino/family-owned Spanish-language local newsroom within Tiempo Company,Latino/family-owned Spanish-language local newsroom within Tiempo Company,verified_include,Excellent core Latino newsroom.
MA005,Khmer Post USA,Massachusetts,media_format,unclear,no clear primary format found,Cambodian-American digital news/community outlet,Cambodian-American digital news/community outlet,verified_include,Strong refugee/diaspora community case.
MA008,Massachusetts multicultural radio/TV outlets,Massachusetts,record_type,unclear,no deterministic record-type rule matched,classify_discovery_cluster_not_single_outlet,state-listed multicultural media cluster,classify_discovery_cluster_not_single_outlet,Use this as discovery source; verify individual outlets before counting.
MA008,Massachusetts multicultural radio/TV outlets,Massachusetts,media_format,mixed_platform,multiple central formats detected; manual check recommended,state-listed multicultural media cluster,state-listed multicultural media cluster,classify_discovery_cluster_not_single_outlet,Use this as discovery source; verify individual outlets before counting.
MA008,Massachusetts multicultural radio/TV outlets,Massachusetts,activity_status,active_with_limited_or_uncertain_cadence,nonstandard activity wording requires review,various,state-listed multicultural media cluster,classify_discovery_cluster_not_single_outlet,Use this as discovery source; verify individual outlets before counting.
MA007,The Boston Korea,Massachusetts,media_format,unclear,no clear primary format found,Korean-language news organization,Korean-language news organization,verified_include_with_directory_evidence,Strong lead; direct current website and newsroom structure should be added later.
MI006,Bangla Shangbad,Michigan,activity_status,active_with_limited_or_uncertain_cadence,nonstandard activity wording requires review,current_network_listing,Bangladeshi community newspaper,verified_include_with_directory_evidence,Include provisionally; locate direct current site and staff/contact details in deeper pass.
MI007,Chaldean News,Michigan,media_format,unclear,no clear primary format found,English-language monthly/digital Chaldean community news publication owned by Chaldean Community Foundation,English-language monthly/digital Chaldean community news publication owned by Chaldean Community Foundation,verified_include,Excellent Iraqi-Chaldean diaspora case; host organization is publicly visible.
MI009,MI Asian,Michigan,record_type,unclear,boundary/pending record requires manual record-type decision,classify_related_product_pending,Asian/Korean publication associated with Michigan Korean Weekly,classify_related_product_pending,Do not double-count until a distinct sustained publication/newsroom is confirmed.
MI009,MI Asian,Michigan,media_format,unclear,no clear primary format found,Asian/Korean publication associated with Michigan Korean Weekly,Asian/Korean publication associated with Michigan Korean Weekly,classify_related_product_pending,Do not double-count until a distinct sustained publication/newsroom is confirmed.
MI005,Michigan Korean Weekly,Michigan,record_type,unclear,no deterministic record-type rule matched,immigration and U.S. reporting; publisher/editor named; local address and contact; Korean-community mission,Korean-language weekly/digital newsroom,immigration and U.S. reporting; publisher/editor named; local address and contact; Korean-community mission,https://michigankoreans.com/about
MI010,New Michigan Media,Michigan,record_type,unclear,no deterministic record-type rule matched,grants,nonprofit ethnic/minority media network and intermediary,grants,classify_intermediary_host
MI010,New Michigan Media,Michigan,media_format,unclear,no clear primary format found,nonprofit ethnic/minority media network and intermediary,nonprofit ethnic/minority media network and intermediary,grants,classify_intermediary_host
MI014,Polish Media Center,Michigan,media_format,unclear,no clear primary format found,host portal within Polish Institute of Culture & Research,host portal within Polish Institute of Culture & Research,classify_intermediary_host,Do not double-count separately from The Polish Weekly; use as host organization/infrastructure.
MI013,Sada Al-Watan,Michigan,record_type,unclear,no deterministic record-type rule matched,classify_duplicate_language_edition,Arabic-language edition/brand of The Arab American News,classify_duplicate_language_edition,Do not count separately from MI001; preserve as Arabic-language product/edition.
MI013,Sada Al-Watan,Michigan,media_format,unclear,no clear primary format found,Arabic-language edition/brand of The Arab American News,Arabic-language edition/brand of The Arab American News,classify_duplicate_language_edition,Do not count separately from MI001; preserve as Arabic-language product/edition.
MI011,The Detroit Jewish News,Michigan,record_type,unclear,no deterministic record-type rule matched,boundary_comparison,Jewish community newspaper/digital outlet,boundary_comparison,Diaspora/community comparison case
MI011,The Detroit Jewish News,Michigan,media_format,print,print plus companion digital presence; verify whether digital is co-primary,Jewish community newspaper/digital outlet,Jewish community newspaper/digital outlet,boundary_comparison,Diaspora/community comparison case
MI002,The Yemeni American,Michigan,media_format,print,print plus companion digital presence; verify whether digital is co-primary,Yemeni American bilingual newspaper/digital outlet,Yemeni American bilingual newspaper/digital outlet,verified_include,Excellent core case with highly specific immigrant/diaspora public.
MN004,Korean Quarterly,Minnesota Verification Batch1,media_format,unclear,no clear primary format found,501(c)(3) nonprofit publication,501(c)(3) nonprofit publication,verified_include,Strong institutional visibility on staff page.
MN001,Sahan Journal,Minnesota Verification Batch1,media_format,unclear,no clear primary format found,nonprofit newsroom,nonprofit newsroom,verified_include,Verified current website; explicit mission serving Minnesota immigrants and communities of color.
MS001,La Noticias de MS,Mississippi,record_type,unclear,boundary/pending record requires manual record-type decision,pending_verification,Spanish-language newspaper published by immigrant-community media practitioner,pending_verification,Retain but do not count as active core until current cadence is established.
MS001,La Noticias de MS,Mississippi,activity_status,unclear,source activity value is explicitly uncertain,unclear_current_operation,Spanish-language newspaper published by immigrant-community media practitioner,pending_verification,Retain but do not count as active core until current cadence is established.
MS003,Mississippi Today en Español,Mississippi,media_format,unclear,no clear primary format found,Spanish-language translated stories within statewide nonprofit newsroom,Spanish-language translated stories within statewide nonprofit newsroom,verified_include_hosted_language_product,Hosted language-access product; parent newsroom is general-interest.
MS004,Vietnamese Gulf Coast community media lead,Mississippi,record_type,unclear,boundary/pending record requires manual record-type decision,hold_unresolved,gap-search lead,hold_unresolved,Retain for deeper community/FCC/social search.
MS004,Vietnamese Gulf Coast community media lead,Mississippi,media_format,unclear,no clear primary format found,gap-search lead,gap-search lead,hold_unresolved,Retain for deeper community/FCC/social search.
MS004,Vietnamese Gulf Coast community media lead,Mississippi,activity_status,active_with_limited_or_uncertain_cadence,nonstandard activity wording requires review,not_identified,gap-search lead,hold_unresolved,Retain for deeper community/FCC/social search.
MO007,Reyes Media Group,Missouri,media_format,unclear,no clear primary format found,Spanish-language media parent/host organization,Spanish-language media parent/host organization,classify_intermediary_host,Do not double-count as an outlet.
MO005,St. Louis Bosnian,Missouri,record_type,unclear,no deterministic record-type rule matched,comparison_or_information_platform,digital archive/community-history platform,comparison_or_information_platform,Useful Bosnian community information infrastructure but not yet a clearly verified newsroom.
MO005,St. Louis Bosnian,Missouri,media_format,unclear,no clear primary format found,digital archive/community-history platform,digital archive/community-history platform,comparison_or_information_platform,Useful Bosnian community information infrastructure but not yet a clearly verified newsroom.
MT003,Independent non-English newsroom gap lead,Montana,record_type,unclear,boundary/pending record requires manual record-type decision,hold_unresolved,gap-search lead,hold_unresolved,Documented first-pass gap; do not interpret as proof of total absence.
MT003,Independent non-English newsroom gap lead,Montana,media_format,unclear,no clear primary format found,gap-search lead,gap-search lead,hold_unresolved,Documented first-pass gap; do not interpret as proof of total absence.
MT003,Independent non-English newsroom gap lead,Montana,activity_status,active_with_limited_or_uncertain_cadence,nonstandard activity wording requires review,not_identified,gap-search lead,hold_unresolved,Documented first-pass gap; do not interpret as proof of total absence.
MT002,Montana Latino News / HDN Noticias Latinas,Montana,record_type,unclear,boundary/pending record requires manual record-type decision,pending_verification,Spanish-language digital site,pending_verification,Retain candidate; deeper content sampling needed before inclusion.
MT002,Montana Latino News / HDN Noticias Latinas,Montana,media_format,unclear,no clear primary format found,Spanish-language digital site,Spanish-language digital site,pending_verification,Retain candidate; deeper content sampling needed before inclusion.
MT001,Noticias Montaña,Montana,record_type,unclear,boundary/pending record requires manual record-type decision,pending_verification,independent Spanish-language digital newspaper,pending_verification,Retain as strong historical/recent lead but do not count as active core until 2026 cadence is verified.
NE003,Hola Nebraska,Nebraska,media_format,unclear,no clear primary format found,fully bilingual digital news platform,fully bilingual digital news platform,verified_include,Strong current bilingual case.
NE002,Mundo Latino Network,Nebraska,media_format,unclear,no clear primary format found,immigrant-founded Spanish-language community media outlet,immigrant-founded Spanish-language community media outlet,verified_include,Strong immigrant-founded institutional case.
NE007,Mundo Latino on KZUM,Nebraska,media_format,unclear,no clear primary format found,hosted Spanish-language information/news partnership,hosted Spanish-language information/news partnership,classify_hosted_program_or_duplicate,Do not double-count separately from Mundo Latino unless program-level analysis requires it.
NE008,Nebraska Public Media immigrant-language products,Nebraska,record_type,unclear,no deterministic record-type rule matched,exclude_current_definition,mainstream public media,exclude_current_definition,"Use as contextual/secondary source, not core outlet."
NE008,Nebraska Public Media immigrant-language products,Nebraska,media_format,unclear,no clear primary format found,mainstream public media,mainstream public media,exclude_current_definition,"Use as contextual/secondary source, not core outlet."
NE005,Radio Lobo,Nebraska,record_type,unclear,boundary/pending record requires manual record-type decision,pending_deeper_verification,Spanish-language radio service within Flood Communications,pending_deeper_verification,Retain and code program mix later.
NE004,Telemundo Nebraska,Nebraska,record_type,network_affiliate_or_local_station,format/parent wording may require review,verified_include,Spanish-language local television newsroom within Flood Communications,verified_include,Strong network-affiliated comparison case.
NV010,El Mundo Las Vegas,Nevada,media_format,unclear,no clear primary format found,historic Spanish-language weekly,historic Spanish-language weekly,exclude_inactive_archive,"Keep as historical ecosystem case, not active-frame outlet."
NV002,El Nuevo Mundo,Nevada,media_format,print,print plus companion digital presence; verify whether digital is co-primary,Spanish-language newspaper/digital outlet,Spanish-language newspaper/digital outlet,verified_include,Strong current Spanish-language community newsroom.
NV003,Entérate Vegas,Nevada,media_format,unclear,no clear primary format found,Spanish-language digital local-news outlet,Spanish-language digital local-news outlet,verified_include,Strong emerging digital Spanish-language case.
NV005,Las Vegas Chinese Daily News,Nevada,media_format,print,print plus companion digital presence; verify whether digital is co-primary,Chinese community newspaper/digital outlet,Chinese community newspaper/digital outlet,verified_include,Strong Chinese diaspora/local-news case.
NV006,Las Vegas Korean News,Nevada,media_format,print,print plus companion digital presence; verify whether digital is co-primary,Korean-language community newspaper,Korean-language community newspaper,verified_include_with_secondary_evidence,Strong current Korean-community newspaper; direct primary website/ownership should be added later.
NV012,Nevada Immigrant Coalition News,Nevada,media_format,unclear,no clear primary format found,immigrant advocacy coalition information channel,immigrant advocacy coalition information channel,classify_information_infrastructure_not_outlet,Do not count in core outlet frame; useful intermediary/information infrastructure later.
NV004,Noticiero Móvil,Nevada,media_format,unclear,no clear primary format found,bilingual Spanish-English multimedia newsroom,bilingual Spanish-English multimedia newsroom,verified_include,Excellent Northern Nevada Latino newsroom.
NV001,Philippine Times of Southern Nevada,Nevada,media_format,print,print plus companion digital presence; verify whether digital is co-primary,bilingual English-Tagalog Filipino-American newspaper/digital outlet,bilingual English-Tagalog Filipino-American newspaper/digital outlet,verified_include,Excellent Filipino diaspora/community-news case.
NV011,PHLV Radio,Nevada,activity_status,active_with_limited_or_uncertain_cadence,nonstandard activity wording requires review,likely_yes,Filipino-American radio/digital media outlet,verified_include_mixed_format,Retain as mixed-format Filipino community media; deeper pass should code news/public-affairs share.
NV009,VietLasVegas.com,Nevada,media_format,unclear,no clear primary format found,Vietnamese-language community information/news site,Vietnamese-language community information/news site,verified_include_mixed_format,Eligible as community information/news platform; deeper pass should assess original reporting share.
NH003,Made En NH,New Hampshire,media_format,unclear,no clear primary format found,Latino culture/community series within NHPR Spanish-language initiative,Latino culture/community series within NHPR Spanish-language initiative,verified_include_hosted_program,Program-level case; do not double-count institution.
NH005,New Hampshire independent Latino media lead,New Hampshire,record_type,unclear,boundary/pending record requires manual record-type decision,hold_unresolved,unresolved independent Latino-media lead,hold_unresolved,Do not interpret as absence; retain for directory/community search.
NH005,New Hampshire independent Latino media lead,New Hampshire,media_format,unclear,no clear primary format found,unresolved independent Latino-media lead,unresolved independent Latino-media lead,hold_unresolved,Do not interpret as absence; retain for directory/community search.
NH005,New Hampshire independent Latino media lead,New Hampshire,activity_status,active_with_limited_or_uncertain_cadence,nonstandard activity wording requires review,unresolved,unresolved independent Latino-media lead,hold_unresolved,Do not interpret as absence; retain for directory/community search.
NH004,Rumbo - New Hampshire market,New Hampshire,record_type,unclear,boundary/pending record requires manual record-type decision,pending_verification,"Spanish-language weekly based in Lawrence, Massachusetts",pending_verification,Retain as historical/multistate market case pending current evidence.
NH004,Rumbo - New Hampshire market,New Hampshire,media_format,unclear,no clear primary format found,"Spanish-language weekly based in Lawrence, Massachusetts","Spanish-language weekly based in Lawrence, Massachusetts",pending_verification,Retain as historical/multistate market case pending current evidence.
NH002,Visibles,New Hampshire,media_format,unclear,no clear primary format found,Latino community storytelling series within Qué Hay de Nuevo,Latino community storytelling series within Qué Hay de Nuevo,verified_include_hosted_program,Program-level case linked to NH001 host/product.
NJ006,Central Desi,New Jersey,media_format,unclear,no clear primary format found,community-run South Asian news platform,community-run South Asian news platform,verified_include,Excellent community-focused South Asian journalism case.
NJ008,Desi.Net Edison,New Jersey,media_format,unclear,no clear primary format found,local South Asian digital news vertical within Desi.Net network,local South Asian digital news vertical within Desi.Net network,verified_include_network_local_vertical,Useful social/digital network-local model.
NJ010,Korea Daily / Korea Times NJ market,New Jersey,media_format,unclear,no clear primary format found,regional Korean-language dailies serving New Jersey,regional Korean-language dailies serving New Jersey,multistate_market_case,Retain for location-resolution; avoid double-counting regional NY/NJ editions.
NJ009,NJ Spotlight News en Español,New Jersey,media_format,unclear,no clear primary format found,Spanish-language vertical within general nonprofit/state public-media newsroom,Spanish-language vertical within general nonprofit/state public-media newsroom,verified_include_hosted_language_product,Hosted language-access product rather than immigrant-specific parent newsroom.
NJ001,Radio Jornalera NJ,New Jersey,media_format,mixed_platform,multiple central formats detected; manual check recommended,grassroots immigrant-worker radio/digital outlet launched by Resistencia en Acción,grassroots immigrant-worker radio/digital outlet launched by Resistencia en Acción,verified_include_with_secondary_evidence,Excellent immigrant-led grassroots media case; direct website/social metadata should be added later.
NJ002,Reporte Hispano,New Jersey,media_format,unclear,no clear primary format found,Spanish-language print/digital news outlet,Spanish-language print/digital news outlet,verified_include,Strong current statewide Latino newsroom.
NM004,Camino Real,New Mexico,record_type,unclear,no deterministic record-type rule matched,multistate_or_location_resolution,Spanish-language print outlet/market publication,multistate_or_location_resolution,Do not count as New Mexico-based until office/publication base is resolved.
NM004,Camino Real,New Mexico,activity_status,unclear,source activity value is explicitly uncertain,unclear_nm_base,Spanish-language print outlet/market publication,multistate_or_location_resolution,Do not count as New Mexico-based until office/publication base is resolved.
NM006,El Hispano,New Mexico,record_type,unclear,boundary/pending record requires manual record-type decision,pending_verification,Spanish-language newspaper,pending_verification,"Statutory recognition is useful discovery evidence, not sufficient alone for active-frame inclusion."
NM006,El Hispano,New Mexico,activity_status,unclear,source activity value is explicitly uncertain,unclear_current_operation,Spanish-language newspaper,pending_verification,"Statutory recognition is useful discovery evidence, not sufficient alone for active-frame inclusion."
NM005,El Semanario / The Weekly Issue New Mexico market,New Mexico,media_format,unclear,no clear primary format found,Colorado-based bilingual weekly serving New Mexico market,Colorado-based bilingual weekly serving New Mexico market,multistate_market_case,Market-serving but not New Mexico-based; avoid double counting.
NM009,El Semanario de Nuevo Mexico,New Mexico,record_type,unclear,boundary/pending record requires manual record-type decision,hold_identity_resolution,Spanish-language newspaper identity,hold_identity_resolution,Resolve whether this is same as multistate El Semanario before counting.
NM009,El Semanario de Nuevo Mexico,New Mexico,activity_status,unclear,source activity value is explicitly uncertain,identity_unclear,Spanish-language newspaper identity,hold_identity_resolution,Resolve whether this is same as multistate El Semanario before counting.
NM007,Más New Mexico,New Mexico,record_type,unclear,boundary/pending record requires manual record-type decision,pending_verification,Spanish-language newspaper,pending_verification,Retain pending current newsroom verification.
NM007,Más New Mexico,New Mexico,activity_status,unclear,source activity value is explicitly uncertain,unclear_current_operation,Spanish-language newspaper,pending_verification,Retain pending current newsroom verification.
NM010,Navajo-language local news outlets,New Mexico,record_type,unclear,no deterministic record-type rule matched,exclude_core_indigenous_not_immigrant,Indigenous-language local news outlets,exclude_core_indigenous_not_immigrant,Important for broader language-access context but outside immigrant-journalism core sample.
NM010,Navajo-language local news outlets,New Mexico,media_format,unclear,no clear primary format found,Indigenous-language local news outlets,Indigenous-language local news outlets,exclude_core_indigenous_not_immigrant,Important for broader language-access context but outside immigrant-journalism core sample.
NM008,Santa Fe New Mexican Spanish-language product,New Mexico,record_type,unclear,no deterministic record-type rule matched,comparison_or_exclude_core,mainstream local newsroom with statutory Spanish legal-notice role,comparison_or_exclude_core,Do not count as immigrant-serving core on legal-notice status alone.
NM008,Santa Fe New Mexican Spanish-language product,New Mexico,media_format,unclear,no clear primary format found,mainstream local newsroom with statutory Spanish legal-notice role,mainstream local newsroom with statutory Spanish legal-notice role,comparison_or_exclude_core,Do not count as immigrant-serving core on legal-notice status alone.
NM001,Telemundo Nuevo México,New Mexico,record_type,network_affiliate_or_local_station,format/parent wording may require review,verified_include_with_ecosystem_evidence,Spanish-language local television newsroom,verified_include_with_ecosystem_evidence,Strong Spanish local-news case; add station call sign/ownership/direct site in deeper pass.
NM002,Univision Nuevo México,New Mexico,record_type,network_affiliate_or_local_station,format/parent wording may require review,verified_include_with_ecosystem_evidence,Spanish-language local television newsroom,verified_include_with_ecosystem_evidence,Strong local Spanish-news case; direct local station metadata should be added later.
NY003,Africa in Harlem,New York,media_format,unclear,no clear primary format found,multilingual African immigrant/diaspora community news site,multilingual African immigrant/diaspora community news site,verified_include,Very strong core case.
NY010,Akhon Samoy,New York,record_type,unclear,boundary/pending record requires manual record-type decision,pending_deeper_verification,Bangladeshi/Bengali community weekly,pending_deeper_verification,"Retain; verify active site, ownership and cadence."
NY010,Akhon Samoy,New York,activity_status,active_with_limited_or_uncertain_cadence,nonstandard activity wording requires review,likely_yes,Bangladeshi/Bengali community weekly,pending_deeper_verification,"Retain; verify active site, ownership and cadence."
NY031,AKTINA FM / AKTINA TV,New York,record_type,unclear,boundary/pending record requires manual record-type decision,pending_deeper_verification,Greek/Cypriot nonprofit broadcast programming,pending_deeper_verification,Retain; verify current 2026 schedule and journalism/public-affairs share.
NY031,AKTINA FM / AKTINA TV,New York,media_format,mixed_platform,multiple central formats detected; manual check recommended,Greek/Cypriot nonprofit broadcast programming,Greek/Cypriot nonprofit broadcast programming,pending_deeper_verification,Retain; verify current 2026 schedule and journalism/public-affairs share.
NY031,AKTINA FM / AKTINA TV,New York,activity_status,active_with_limited_or_uncertain_cadence,nonstandard activity wording requires review,likely_yes,Greek/Cypriot nonprofit broadcast programming,pending_deeper_verification,Retain; verify current 2026 schedule and journalism/public-affairs share.
NY025,Alhawadeth for Arab Americans,New York,record_type,unclear,boundary/pending record requires manual record-type decision,pending_verification,Arabic-English Arab-American newspaper/site,pending_verification,Keep candidate; obtain current 2026 activity before inclusion.
NY025,Alhawadeth for Arab Americans,New York,activity_status,unclear,source activity value is explicitly uncertain,unclear_current_operation,Arabic-English Arab-American newspaper/site,pending_verification,Keep candidate; obtain current 2026 activity before inclusion.
NY011,Bangla Patrika,New York,record_type,unclear,boundary/pending record requires manual record-type decision,pending_deeper_verification,Bangladeshi community newspaper,pending_deeper_verification,Retain candidate pending direct 2026 verification.
NY011,Bangla Patrika,New York,activity_status,active_with_limited_or_uncertain_cadence,nonstandard activity wording requires review,likely_yes,Bangladeshi community newspaper,pending_deeper_verification,Retain candidate pending direct 2026 verification.
NY012,Bangladesh Pratidin USA,New York,record_type,unclear,boundary/pending record requires manual record-type decision,pending_deeper_verification,Bengali-language diaspora edition,pending_deeper_verification,Retain candidate; verify local edition and staff.
NY012,Bangladesh Pratidin USA,New York,media_format,unclear,no clear primary format found,Bengali-language diaspora edition,Bengali-language diaspora edition,pending_deeper_verification,Retain candidate; verify local edition and staff.
NY012,Bangladesh Pratidin USA,New York,activity_status,active_with_limited_or_uncertain_cadence,nonstandard activity wording requires review,likely_yes,Bengali-language diaspora edition,pending_deeper_verification,Retain candidate; verify local edition and staff.
NY041,Black Star News,New York,record_type,unclear,no deterministic record-type rule matched,boundary_comparison,Black/African diaspora-oriented news outlet,boundary_comparison,Potential African-diaspora comparison; not clearly immigrant-serving as primary mission.
NY041,Black Star News,New York,media_format,unclear,no clear primary format found,Black/African diaspora-oriented news outlet,Black/African diaspora-oriented news outlet,boundary_comparison,Potential African-diaspora comparison; not clearly immigrant-serving as primary mission.
NY040,BronxNet community immigrant-language programming,New York,record_type,unclear,no deterministic record-type rule matched,classify_host_program_level,community access media host/platform,classify_host_program_level,Important host infrastructure. Identify individual sustained immigrant-language journalism programs before counting outlets.
NY040,BronxNet community immigrant-language programming,New York,media_format,unclear,no clear primary format found,community access media host/platform,community access media host/platform,classify_host_program_level,Important host infrastructure. Identify individual sustained immigrant-language journalism programs before counting outlets.
NY034,Caribbean American Weekly,New York,record_type,unclear,boundary/pending record requires manual record-type decision,pending_verification,Caribbean diaspora publication,pending_verification,Retain candidate pending current direct evidence.
NY034,Caribbean American Weekly,New York,media_format,unclear,no clear primary format found,Caribbean diaspora publication,Caribbean diaspora publication,pending_verification,Retain candidate pending current direct evidence.
NY034,Caribbean American Weekly,New York,activity_status,unclear,source activity value is explicitly uncertain,unclear_current_operation,Caribbean diaspora publication,pending_verification,Retain candidate pending current direct evidence.
NY033,Caribbean Life,New York,media_format,print,print plus companion digital presence; verify whether digital is co-primary,Caribbean community newspaper/digital outlet,Caribbean community newspaper/digital outlet,verified_include,Strong Caribbean diaspora community case.
NY036,Caribbean People,New York,record_type,unclear,boundary/pending record requires manual record-type decision,pending_verification,Caribbean community media outlet,pending_verification,Retain candidate; verify exact outlet identity and current publication.
NY036,Caribbean People,New York,media_format,unclear,no clear primary format found,Caribbean community media outlet,Caribbean community media outlet,pending_verification,Retain candidate; verify exact outlet identity and current publication.
NY036,Caribbean People,New York,activity_status,unclear,source activity value is explicitly uncertain,unclear_current_operation,Caribbean community media outlet,pending_verification,Retain candidate; verify exact outlet identity and current publication.
NY035,Caribbean Times,New York,record_type,unclear,boundary/pending record requires manual record-type decision,pending_verification,Caribbean community newspaper,pending_verification,Do not include until 2026 activity is confirmed.
NY035,Caribbean Times,New York,activity_status,unclear,source activity value is explicitly uncertain,unclear_current_operation,Caribbean community newspaper,pending_verification,Do not include until 2026 activity is confirmed.
NY016,Desi Talk New York,New York,record_type,unclear,no deterministic record-type rule matched,move_to_new_jersey_or_multistate,Indian-American weekly within Parikh Worldwide Media,move_to_new_jersey_or_multistate,Serve New York strongly but parent/corporate base is New Jersey. Preserve as NY-market outlet with NJ host.
NY016,Desi Talk New York,New York,media_format,unclear,no clear primary format found,Indian-American weekly within Parikh Worldwide Media,Indian-American weekly within Parikh Worldwide Media,move_to_new_jersey_or_multistate,Serve New York strongly but parent/corporate base is New Jersey. Preserve as NY-market outlet with NJ host.
NY045,Diario Las Américas New York presence candidate,New York,record_type,unclear,no deterministic record-type rule matched,exclude_from_new_york,Spanish-language newspaper based in Florida,exclude_from_new_york,Do not count in New York state frame absent a distinct NY operation.
NY001,Documented,New York,media_format,unclear,no clear primary format found,independent nonprofit immigrant newsroom,independent nonprofit immigrant newsroom,verified_include,Excellent core case: explicitly reports with and for immigrant communities in NYC.
NY008,El Correo NY,New York,record_type,unclear,boundary/pending record requires manual record-type decision,hold_identity_resolution,Spanish-language local outlet,hold_identity_resolution,Resolve whether this is a distinct outlet or duplicate/legacy name before inclusion.
NY008,El Correo NY,New York,media_format,unclear,no clear primary format found,Spanish-language local outlet,Spanish-language local outlet,hold_identity_resolution,Resolve whether this is a distinct outlet or duplicate/legacy name before inclusion.
NY008,El Correo NY,New York,activity_status,unclear,source activity value is explicitly uncertain,unclear,Spanish-language local outlet,hold_identity_resolution,Resolve whether this is a distinct outlet or duplicate/legacy name before inclusion.
NY005,El Diario / La Prensa,New York,media_format,unclear,no clear primary format found,large commercial Spanish-language multimedia newsroom; ImpreMedia,large commercial Spanish-language multimedia newsroom; ImpreMedia,verified_include,Strong networked commercial comparison; local and immigration information explicitly core.
NY037,Forward,New York,record_type,unclear,no deterministic record-type rule matched,boundary_comparison,nonprofit Jewish news organization,boundary_comparison,"Not primarily immigrant-serving today; retain as diaspora/boundary comparison, not core frame."
NY037,Forward,New York,media_format,unclear,no clear primary format found,nonprofit Jewish news organization,nonprofit Jewish news organization,boundary_comparison,"Not primarily immigrant-serving today; retain as diaspora/boundary comparison, not core frame."
NY032,French Morning,New York,media_format,unclear,no clear primary format found,French-language digital news/media network,French-language digital news/media network,verified_include,Strong Francophone diaspora/expatriate case.
NY006,Impacto Latino,New York,media_format,print,print plus companion digital presence; verify whether digital is co-primary,Spanish-language Latino community newspaper/digital outlet,Spanish-language Latino community newspaper/digital outlet,verified_include,Strong longstanding immigrant-serving case.
NY038,Jewish Telegraphic Agency,New York,record_type,unclear,no deterministic record-type rule matched,boundary_comparison,nonprofit Jewish global news service,boundary_comparison,Important diaspora-media comparator but not clearly immigrant-serving under core inclusion rule.
NY038,Jewish Telegraphic Agency,New York,media_format,unclear,no clear primary format found,nonprofit Jewish global news service,nonprofit Jewish global news service,boundary_comparison,Important diaspora-media comparator but not clearly immigrant-serving under core inclusion rule.
NY020,K-Radio AM 1660,New York,record_type,unclear,boundary/pending record requires manual record-type decision,pending_deeper_verification,Korean-American radio station,pending_deeper_verification,"Retain; verify current ownership, schedule and journalism share."
NY020,K-Radio AM 1660,New York,activity_status,active_with_limited_or_uncertain_cadence,nonstandard activity wording requires review,likely_yes,Korean-American radio station,pending_deeper_verification,"Retain; verify current ownership, schedule and journalism share."
NY014,Khasokhas,New York,media_format,unclear,no clear primary format found,Nepali community news portal/weekly,Nepali community news portal/weekly,verified_include,Excellent core immigrant-media case.
NY018,Korea Daily New York,New York,media_format,unclear,no clear primary format found,Korean-language community daily/edition,Korean-language community daily/edition,verified_include,Strong Korean immigrant-serving case.
NY019,Korea Times New York,New York,media_format,unclear,no clear primary format found,Korean-language metropolitan daily/edition,Korean-language metropolitan daily/edition,verified_include_with_secondary_evidence,Include with later deeper institutional coding.
NY019,Korea Times New York,New York,activity_status,active_with_limited_or_uncertain_cadence,nonstandard activity wording requires review,likely_yes,Korean-language metropolitan daily/edition,verified_include_with_secondary_evidence,Include with later deeper institutional coding.
NY007,La Tribuna Hispana USA,New York,record_type,unclear,boundary/pending record requires manual record-type decision,pending_deeper_verification,Spanish-language community newspaper,pending_deeper_verification,"Retain as strong candidate; ownership, cadence and current institutional structure need direct verification."
NY007,La Tribuna Hispana USA,New York,activity_status,active_with_limited_or_uncertain_cadence,nonstandard activity wording requires review,likely_yes,Spanish-language community newspaper,pending_deeper_verification,"Retain as strong candidate; ownership, cadence and current institutional structure need direct verification."
NY009,New York Latino,New York,media_format,unclear,no clear primary format found,Spanish-language digital Latino news outlet,Spanish-language digital Latino news outlet,verified_include,Current active local Latino outlet.
NY015,News India Times,New York,record_type,unclear,no deterministic record-type rule matched,move_to_new_jersey_or_multistate,Indian-American weekly within Parikh Worldwide Media,move_to_new_jersey_or_multistate,"Do not count as New York-based in strict state frame; parent corporate office is in New Jersey, though it serves NY and has a NY office."
NY015,News India Times,New York,media_format,unclear,no clear primary format found,Indian-American weekly within Parikh Worldwide Media,Indian-American weekly within Parikh Worldwide Media,move_to_new_jersey_or_multistate,"Do not count as New York-based in strict state frame; parent corporate office is in New Jersey, though it serves NY and has a NY office."
NY044,Noticia Long Island,New York,record_type,unclear,boundary/pending record requires manual record-type decision,pending_deeper_verification,Spanish-language Long Island community newspaper/digital outlet,pending_deeper_verification,Strong candidate; verify current ownership/cadence and resolve duplication with NY008.
NY044,Noticia Long Island,New York,media_format,print,print plus companion digital presence; verify whether digital is co-primary,Spanish-language Long Island community newspaper/digital outlet,Spanish-language Long Island community newspaper/digital outlet,pending_deeper_verification,Strong candidate; verify current ownership/cadence and resolve duplication with NY008.
NY044,Noticia Long Island,New York,activity_status,active_with_limited_or_uncertain_cadence,nonstandard activity wording requires review,likely_yes,Spanish-language Long Island community newspaper/digital outlet,pending_deeper_verification,Strong candidate; verify current ownership/cadence and resolve duplication with NY008.
NY029,Nowy Dziennik / Polish Weekly,New York,record_type,unclear,no deterministic record-type rule matched,move_to_new_jersey_or_multistate,Polish-language weekly serving New York metro,move_to_new_jersey_or_multistate,Do not count as strictly New York-based if state coding follows current institutional headquarters; preserve as NY-market outlet.
NY029,Nowy Dziennik / Polish Weekly,New York,media_format,unclear,no clear primary format found,Polish-language weekly serving New York metro,Polish-language weekly serving New York metro,move_to_new_jersey_or_multistate,Do not count as strictly New York-based if state coding follows current institutional headquarters; preserve as NY-market outlet.
NY017,Parikh Worldwide Media,New York,media_format,unclear,no clear primary format found,Indian-American media parent/group,Indian-American media parent/group,classify_intermediary_host,"Do not count as an outlet. Add to host/network table, based in New Jersey."
NY039,QNS / Queens community ethnic-media products,New York,record_type,unclear,no deterministic record-type rule matched,classify_host_or_comparison,local commercial media parent/platform,classify_host_or_comparison,Do not count parent as immigrant outlet without a distinct sustained immigrant/language product.
NY039,QNS / Queens community ethnic-media products,New York,media_format,unclear,no clear primary format found,local commercial media parent/platform,local commercial media parent/platform,classify_host_or_comparison,Do not count parent as immigrant outlet without a distinct sustained immigrant/language product.
NY043,Queens Latino,New York,record_type,unclear,boundary/pending record requires manual record-type decision,hold_unresolved,unresolved Spanish-language local candidate,hold_unresolved,Do not include until a distinct current organization is verified.
NY043,Queens Latino,New York,media_format,unclear,no clear primary format found,unresolved Spanish-language local candidate,unresolved Spanish-language local candidate,hold_unresolved,Do not include until a distinct current organization is verified.
NY043,Queens Latino,New York,activity_status,active_with_limited_or_uncertain_cadence,nonstandard activity wording requires review,unresolved,unresolved Spanish-language local candidate,hold_unresolved,Do not include until a distinct current organization is verified.
NY027,Russian Bazaar,New York,record_type,unclear,boundary/pending record requires manual record-type decision,pending_deeper_verification,Russian-language community newspaper,pending_deeper_verification,Retain; current institutional page/ownership needs verification.
NY027,Russian Bazaar,New York,activity_status,active_with_limited_or_uncertain_cadence,nonstandard activity wording requires review,likely_yes,Russian-language community newspaper,pending_deeper_verification,Retain; current institutional page/ownership needs verification.
NY021,Sing Tao Daily New York,New York,media_format,unclear,no clear primary format found,Chinese-language daily/community edition,Chinese-language daily/community edition,verified_include_with_secondary_evidence,Strong diaspora case; update with direct 2026 institutional page later.
NY021,Sing Tao Daily New York,New York,activity_status,active_with_limited_or_uncertain_cadence,nonstandard activity wording requires review,likely_yes,Chinese-language daily/community edition,verified_include_with_secondary_evidence,Strong diaspora case; update with direct 2026 institutional page later.
NY002,The Haitian Times,New York,media_format,unclear,no clear primary format found,Haitian diaspora newsroom,Haitian diaspora newsroom,verified_include,Strong core diaspora case; current site blocked on some pages but active publication is clear.
NY030,The National Herald,New York,media_format,print,print plus companion digital presence; verify whether digital is co-primary,Greek-American newspaper/digital newsroom,Greek-American newspaper/digital newsroom,verified_include,Strong Greek-American diaspora case.
NC007,Asian Herald,North Carolina,record_type,unclear,boundary/pending record requires manual record-type decision,pending_verification,multilingual Asian community newspaper,pending_verification,Historically important; current publication activity was not firmly established in this pass.
NC006,El Faro (Beacon Media NC),North Carolina,media_format,unclear,no clear primary format found,Spanish-language hosted public-affairs/news program within Beacon Media,Spanish-language hosted public-affairs/news program within Beacon Media,verified_include_hosted_program,Include as a hosted program and link to Beacon Media as parent/intermediary.
NC012,Hola News,North Carolina,media_format,unclear,no clear primary format found,Spanish-language digital news outlet,Spanish-language digital news outlet,verified_include,"Strong current outlet; verify ownership and relationship, if any, to other regional Spanish-media groups in deeper pass."
NC011,La Conexión USA,North Carolina,media_format,unclear,no clear primary format found,Spanish-language digital/community news outlet,Spanish-language digital/community news outlet,verified_include,Strong current Spanish-language local-news candidate; ownership/staff need deeper coding.
NC002,La Noticia,North Carolina,media_format,print,print plus companion digital presence; verify whether digital is co-primary,Spanish-language newspaper and digital newsroom,Spanish-language newspaper and digital newsroom,verified_include,Strong statewide immigrant-serving newsroom.
NC008,Latino Communications / Qué Pasa Media Network,North Carolina,record_type,unclear,no deterministic record-type rule matched,classify_host_or_duplicate,corporate/organizational identity associated with Qué Pasa Media,classify_host_or_duplicate,Do not double-count as a separate outlet from Qué Pasa/Acción Hispana without evidence of a distinct newsroom.
NC008,Latino Communications / Qué Pasa Media Network,North Carolina,media_format,unclear,no clear primary format found,corporate/organizational identity associated with Qué Pasa Media,corporate/organizational identity associated with Qué Pasa Media,classify_host_or_duplicate,Do not double-count as a separate outlet from Qué Pasa/Acción Hispana without evidence of a distinct newsroom.
NC009,Mi Gente Newspaper,North Carolina,record_type,unclear,boundary/pending record requires manual record-type decision,hold_unresolved,unresolved Latino community newspaper candidate,hold_unresolved,Retain in candidate registry only until current identity/site/activity are established.
NC009,Mi Gente Newspaper,North Carolina,activity_status,active_with_limited_or_uncertain_cadence,nonstandard activity wording requires review,unresolved,unresolved Latino community newspaper candidate,hold_unresolved,Retain in candidate registry only until current identity/site/activity are established.
NC010,Proyecto Mariposa,North Carolina,media_format,unclear,no clear primary format found,Spanish-language community information hub created by Acción Hispana/Qué Pasa,Spanish-language community information hub created by Acción Hispana/Qué Pasa,classify_hosted_information_project,Do not count as an independent outlet; preserve as hosted information infrastructure under Acción Hispana.
ND001,Fargo-area Somali community media lead,North Dakota,record_type,unclear,boundary/pending record requires manual record-type decision,hold_unresolved,unresolved community-media lead,hold_unresolved,Do not infer absence of Somali media from this result; retain for deeper directory/community search.
ND001,Fargo-area Somali community media lead,North Dakota,media_format,unclear,no clear primary format found,unresolved community-media lead,unresolved community-media lead,hold_unresolved,Do not infer absence of Somali media from this result; retain for deeper directory/community search.
ND001,Fargo-area Somali community media lead,North Dakota,activity_status,active_with_limited_or_uncertain_cadence,nonstandard activity wording requires review,unresolved,unresolved community-media lead,hold_unresolved,Do not infer absence of Somali media from this result; retain for deeper directory/community search.
ND002,Fargo-area Spanish/Latino media lead,North Dakota,record_type,unclear,boundary/pending record requires manual record-type decision,hold_unresolved,unresolved Spanish-language media lead,hold_unresolved,"State status should be 'no qualifying outlet identified after systematic first-pass search,' not 'none exist.'"
ND002,Fargo-area Spanish/Latino media lead,North Dakota,media_format,unclear,no clear primary format found,unresolved Spanish-language media lead,unresolved Spanish-language media lead,hold_unresolved,"State status should be 'no qualifying outlet identified after systematic first-pass search,' not 'none exist.'"
ND002,Fargo-area Spanish/Latino media lead,North Dakota,activity_status,active_with_limited_or_uncertain_cadence,nonstandard activity wording requires review,unresolved,unresolved Spanish-language media lead,hold_unresolved,"State status should be 'no qualifying outlet identified after systematic first-pass search,' not 'none exist.'"
ND003,MPR News Fargo-Moorhead regional reporting,North Dakota,record_type,unclear,no deterministic record-type rule matched,exclude_current_definition,mainstream public-media regional reporting,exclude_current_definition,Useful comparison only; not an immigrant-serving outlet.
ND003,MPR News Fargo-Moorhead regional reporting,North Dakota,media_format,unclear,no clear primary format found,mainstream public-media regional reporting,mainstream public-media regional reporting,exclude_current_definition,Useful comparison only; not an immigrant-serving outlet.
ND004,North Dakota Monitor,North Dakota,record_type,unclear,no deterministic record-type rule matched,exclude_current_definition,statewide nonprofit newsroom,exclude_current_definition,"Comparison/context source, not core outlet."
ND004,North Dakota Monitor,North Dakota,media_format,unclear,no clear primary format found,statewide nonprofit newsroom,statewide nonprofit newsroom,exclude_current_definition,"Comparison/context source, not core outlet."
OH013,Al-Sahafa,Ohio,record_type,unclear,boundary/pending record requires manual record-type decision,pending_verification,Arabic community newspaper candidate,pending_verification,Retain candidate as historical/current-unclear.
OH012,ApnaOhio,Ohio,record_type,unclear,boundary/pending record requires manual record-type decision,hold_unresolved,South Asian community media candidate,hold_unresolved,Retain candidate only.
OH012,ApnaOhio,Ohio,media_format,unclear,no clear primary format found,South Asian community media candidate,South Asian community media candidate,hold_unresolved,Retain candidate only.
OH012,ApnaOhio,Ohio,activity_status,active_with_limited_or_uncertain_cadence,nonstandard activity wording requires review,unresolved,South Asian community media candidate,hold_unresolved,Retain candidate only.
OH014,Connecting Cleveland,Ohio,record_type,unclear,boundary/pending record requires manual record-type decision,exclude_or_archive_pending,immigrant/community media project candidate,exclude_or_archive_pending,Archive unless current sustained journalism can be demonstrated.
OH014,Connecting Cleveland,Ohio,media_format,unclear,no clear primary format found,immigrant/community media project candidate,immigrant/community media project candidate,exclude_or_archive_pending,Archive unless current sustained journalism can be demonstrated.
OH002,Danjir News / Radio,Ohio,record_type,unclear,boundary/pending record requires manual record-type decision,hold_unresolved,Somali news/radio candidate,hold_unresolved,Retain candidate only.
OH002,Danjir News / Radio,Ohio,activity_status,active_with_limited_or_uncertain_cadence,nonstandard activity wording requires review,unresolved,Somali news/radio candidate,hold_unresolved,Retain candidate only.
OH003,DZM News,Ohio,record_type,unclear,boundary/pending record requires manual record-type decision,hold_unresolved,Somali/East African media candidate,hold_unresolved,Retain candidate only.
OH003,DZM News,Ohio,media_format,unclear,no clear primary format found,Somali/East African media candidate,Somali/East African media candidate,hold_unresolved,Retain candidate only.
OH003,DZM News,Ohio,activity_status,active_with_limited_or_uncertain_cadence,nonstandard activity wording requires review,unresolved,Somali/East African media candidate,hold_unresolved,Retain candidate only.
OH006,El Sol de Ohio,Ohio,media_format,print,print plus companion digital presence; verify whether digital is co-primary,Spanish-language community newspaper/digital outlet,Spanish-language community newspaper/digital outlet,verified_include,Strong current Columbus Latino outlet.
OH005,La Prensa Newspaper,Ohio,media_format,print,print plus companion digital presence; verify whether digital is co-primary,bilingual Latino newspaper/digital outlet,bilingual Latino newspaper/digital outlet,verified_include,Strong regional Latino newsroom.
OH008,La Villa Cleveland,Ohio,record_type,unclear,no deterministic record-type rule matched,comparison_or_information_platform,neighborhood storytelling/community platform,comparison_or_information_platform,Keep as community storytelling infrastructure
OH008,La Villa Cleveland,Ohio,media_format,unclear,no clear primary format found,neighborhood storytelling/community platform,neighborhood storytelling/community platform,comparison_or_information_platform,Keep as community storytelling infrastructure
OH011,Lazo Cultural,Ohio,record_type,unclear,boundary/pending record requires manual record-type decision,pending_verification,Latino cultural/community publication candidate,pending_verification,Retain candidate.
OH011,Lazo Cultural,Ohio,media_format,unclear,no clear primary format found,Latino cultural/community publication candidate,Latino cultural/community publication candidate,pending_verification,Retain candidate.
OH011,Lazo Cultural,Ohio,activity_status,unclear,source activity value is explicitly uncertain,unclear_current_operation,Latino cultural/community publication candidate,pending_verification,Retain candidate.
OH010,OCA AsiaTown Voice / IMAGE TV Ohio,Ohio,record_type,unclear,boundary/pending record requires manual record-type decision,pending_verification,Asian community media candidate,pending_verification,Retain candidate pending direct evidence.
OH010,OCA AsiaTown Voice / IMAGE TV Ohio,Ohio,activity_status,unclear,source activity value is explicitly uncertain,unclear_current_operation,Asian community media candidate,pending_verification,Retain candidate pending direct evidence.
OH001,Somali Link Newspaper,Ohio,record_type,unclear,no deterministic record-type rule matched,shared CEO/contact/address,Somali community newspaper hosted by Somali Community Link,shared CEO/contact/address,verified_include_hosted_program
OH007,Vocero Latino,Ohio,media_format,print,print plus companion digital presence; verify whether digital is co-primary,Spanish-language newspaper/digital outlet,Spanish-language newspaper/digital outlet,verified_include,Strong current Cleveland Latino outlet.
OK002,El Latino American,Oklahoma,media_format,print,print plus companion digital presence; verify whether digital is co-primary,bilingual Spanish-English newspaper and digital outlet,bilingual Spanish-English newspaper and digital outlet,verified_include,Clear active core outlet.
OK001,El Nacional de Oklahoma,Oklahoma,media_format,print,print plus companion digital presence; verify whether digital is co-primary,Spanish-language commercial newspaper/digital newsroom,Spanish-language commercial newspaper/digital newsroom,verified_include,Clear active core outlet.
OK006,Huellas Latinas,Oklahoma,record_type,unclear,boundary/pending record requires manual record-type decision,pending_verification,Latino-focused digital/video project,pending_verification,Retain for deeper platform-specific review.
OK006,Huellas Latinas,Oklahoma,media_format,unclear,no clear primary format found,Latino-focused digital/video project,Latino-focused digital/video project,pending_verification,Retain for deeper platform-specific review.
OK006,Huellas Latinas,Oklahoma,activity_status,unclear,source activity value is explicitly uncertain,unclear_current_operation,Latino-focused digital/video project,pending_verification,Retain for deeper platform-specific review.
OK003,OK VIETIMES,Oklahoma,record_type,unclear,boundary/pending record requires manual record-type decision,pending_verification,Vietnamese-language community newspaper,pending_verification,Retain for deeper direct/social/community verification.
OK003,OK VIETIMES,Oklahoma,activity_status,unclear,source activity value is explicitly uncertain,unclear_current_operation,Vietnamese-language community newspaper,pending_verification,Retain for deeper direct/social/community verification.
OK004,Oklahoma Chinese Times,Oklahoma,record_type,unclear,boundary/pending record requires manual record-type decision,pending_verification,Chinese-language community publication,pending_verification,Retain for deeper verification.
OK004,Oklahoma Chinese Times,Oklahoma,media_format,unclear,no clear primary format found,Chinese-language community publication,Chinese-language community publication,pending_verification,Retain for deeper verification.
OK004,Oklahoma Chinese Times,Oklahoma,activity_status,unclear,source activity value is explicitly uncertain,unclear_current_operation,Chinese-language community publication,pending_verification,Retain for deeper verification.
OR013,Azteca Oregon 37,Oregon,record_type,unclear,boundary/pending record requires manual record-type decision,pending_verification,Spanish-language television affiliate/brand,pending_verification,"Keep as comparison candidate; verify current station identity, ownership and locally produced news."
OR013,Azteca Oregon 37,Oregon,activity_status,unclear,source activity value is explicitly uncertain,unclear_current_brand,Spanish-language television affiliate/brand,pending_verification,"Keep as comparison candidate; verify current station identity, ownership and locally produced news."
OR010,Elemento Latino,Oregon,media_format,unclear,no clear primary format found,Latino news/interview program within multimedia company,Latino news/interview program within multimedia company,verified_include,Eligible; useful commercial/multimedia case.
OR014,KUNP Univisión 16,Oregon,record_type,unclear,no deterministic record-type rule matched,exclude_current_definition,independent English-language TV station since 2025,exclude_current_definition,Exclude from current immigrant-serving frame. Useful historical context because closure of Univision local news helped prompt Noticias Noroeste.
OR006,Oregon Hispano,Oregon,media_format,unclear,no clear primary format found,Spanish-language statewide digital news/community-information site,Spanish-language statewide digital news/community-information site,verified_include,Eligible; institutional form appears commercial/digital and needs later ownership coding.
OR012,pdxlatino.com,Oregon,record_type,unclear,boundary/pending record requires manual record-type decision,pending_verification,Latino community digital outlet,pending_verification,Retain candidate pending current activity and journalism verification.
OR012,pdxlatino.com,Oregon,activity_status,active_with_limited_or_uncertain_cadence,nonstandard activity wording requires review,pending_site_check,Latino community digital outlet,pending_verification,Retain candidate pending current activity and journalism verification.
OR008,Tilde Noticias,Oregon,record_type,unclear,boundary/pending record requires manual record-type decision,pending_verification,Latino news outlet,pending_verification,Retain as candidate. Need current website and institutional verification before inclusion.
OR008,Tilde Noticias,Oregon,media_format,unclear,no clear primary format found,Latino news outlet,Latino news outlet,pending_verification,Retain as candidate. Need current website and institutional verification before inclusion.
OR008,Tilde Noticias,Oregon,activity_status,unclear,source activity value is explicitly uncertain,unclear,Latino news outlet,pending_verification,Retain as candidate. Need current website and institutional verification before inclusion.
PA006,2Puntos Platform,Pennsylvania,record_type,unclear,boundary/pending record requires manual record-type decision,pending_verification,community-led Latine media platform,pending_verification,Retain candidate pending current direct evidence and clarification of newsroom function.
PA006,2Puntos Platform,Pennsylvania,media_format,unclear,no clear primary format found,community-led Latine media platform,community-led Latine media platform,pending_verification,Retain candidate pending current direct evidence and clarification of newsroom function.
PA006,2Puntos Platform,Pennsylvania,activity_status,unclear,source activity value is explicitly uncertain,unclear,community-led Latine media platform,pending_verification,Retain candidate pending current direct evidence and clarification of newsroom function.
PA017,ChineseInUS.org,Pennsylvania,record_type,unclear,boundary/pending record requires manual record-type decision,pending_deeper_verification,Chinese community digital media outlet,pending_deeper_verification,Retain; verify sustained Philadelphia-focused journalism.
PA017,ChineseInUS.org,Pennsylvania,media_format,unclear,no clear primary format found,Chinese community digital media outlet,Chinese community digital media outlet,pending_deeper_verification,Retain; verify sustained Philadelphia-focused journalism.
PA002,El Hispano,Pennsylvania,record_type,unclear,boundary/pending record requires manual record-type decision,pending_verification,Spanish-language weekly/community newspaper,pending_verification,Retain candidate until current 2026 operation is confirmed.
PA002,El Hispano,Pennsylvania,activity_status,unclear,source activity value is explicitly uncertain,unclear_current_operation,Spanish-language weekly/community newspaper,pending_verification,Retain candidate until current 2026 operation is confirmed.
PA003,El Sol Latino Newspaper,Pennsylvania,record_type,unclear,boundary/pending record requires manual record-type decision,pending_verification,Spanish-language community newspaper,pending_verification,"Need current website, cadence and ownership evidence."
PA003,El Sol Latino Newspaper,Pennsylvania,activity_status,unclear,source activity value is explicitly uncertain,unclear_current_operation,Spanish-language community newspaper,pending_verification,"Need current website, cadence and ownership evidence."
PA030,Epoch Times Philadelphia edition/presence,Pennsylvania,record_type,unclear,no deterministic record-type rule matched,boundary_or_exclude_core,national multilingual news organization with Chinese-diaspora roots,boundary_or_exclude_core,Do not count as core Pennsylvania immigrant outlet absent distinct local immigrant-serving operation.
PA030,Epoch Times Philadelphia edition/presence,Pennsylvania,media_format,unclear,no clear primary format found,national multilingual news organization with Chinese-diaspora roots,national multilingual news organization with Chinese-diaspora roots,boundary_or_exclude_core,Do not count as core Pennsylvania immigrant outlet absent distinct local immigrant-serving operation.
PA023,Hola Pittsburgh,Pennsylvania,record_type,unclear,boundary/pending record requires manual record-type decision,pending_verification,Latino community information/media site,pending_verification,Do not move into core frame until journalism criterion is met.
PA023,Hola Pittsburgh,Pennsylvania,media_format,unclear,no clear primary format found,Latino community information/media site,Latino community information/media site,pending_verification,Do not move into core frame until journalism criterion is met.
PA023,Hola Pittsburgh,Pennsylvania,activity_status,unclear,source activity value is explicitly uncertain,unclear,Latino community information/media site,pending_verification,Do not move into core frame until journalism criterion is met.
PA004,Impacto Latin Newspaper Philadelphia,Pennsylvania,record_type,unclear,boundary/pending record requires manual record-type decision,hold_identity_resolution,unresolved Spanish-language newspaper candidate,hold_identity_resolution,Do not include until distinct current outlet is identified.
PA004,Impacto Latin Newspaper Philadelphia,Pennsylvania,activity_status,active_with_limited_or_uncertain_cadence,nonstandard activity wording requires review,unresolved,unresolved Spanish-language newspaper candidate,hold_identity_resolution,Do not include until distinct current outlet is identified.
PA015,Indonesian Lantern,Pennsylvania,media_format,unclear,no clear primary format found,Indonesian community media outlet,Indonesian community media outlet,verified_include_with_secondary_evidence,Include provisionally; confirm cadence and journalism format.
PA005,Inti Media,Pennsylvania,media_format,unclear,no clear primary format found,independent nonprofit Latine-led newsroom and production hub,independent nonprofit Latine-led newsroom and production hub,verified_include,Excellent core case; strong nonprofit/community-centered institutional model.
PA013,Korean Phila Times,Pennsylvania,media_format,unclear,no clear primary format found,Korean community news organization,Korean community news organization,verified_include_with_secondary_evidence,Likely distinct outlet; confirm direct site and relationship to Korea Times Philadelphia in next pass.
PA029,La Mega Nota - Pittsburgh distribution,Pennsylvania,media_format,unclear,no clear primary format found,Spanish-language print product within Ohio-based La Mega network,Spanish-language print product within Ohio-based La Mega network,multistate_market_case,Retain as market-serving product; avoid double counting with parent/network.
PA029,La Mega Nota - Pittsburgh distribution,Pennsylvania,activity_status,active_with_limited_or_uncertain_cadence,nonstandard activity wording requires review,likely_yes,Spanish-language print product within Ohio-based La Mega network,multistate_market_case,Retain as market-serving product; avoid double counting with parent/network.
PA021,La Mega Pittsburgh,Pennsylvania,activity_status,active_with_limited_or_uncertain_cadence,nonstandard activity wording requires review,likely_yes,Spanish-language radio service; Ohio-based parent network,multistate_market_case,Retain as Pittsburgh-market outlet but code host/state separately.
PA008,Metro Chinese Weekly,Pennsylvania,media_format,unclear,no clear primary format found,Chinese-language weekly within New Mainstream Media,Chinese-language weekly within New Mainstream Media,verified_include,Strong language-community outlet; parent/host should be linked separately.
PA010,Metro Korean News,Pennsylvania,record_type,unclear,boundary/pending record requires manual record-type decision,pending_deeper_verification,Korean-language publication within New Mainstream Media,pending_deeper_verification,Retain pending direct publication verification.
PA010,Metro Korean News,Pennsylvania,media_format,unclear,no clear primary format found,Korean-language publication within New Mainstream Media,Korean-language publication within New Mainstream Media,pending_deeper_verification,Retain pending direct publication verification.
PA010,Metro Korean News,Pennsylvania,activity_status,active_with_limited_or_uncertain_cadence,nonstandard activity wording requires review,likely_yes_via_parent,Korean-language publication within New Mainstream Media,pending_deeper_verification,Retain pending direct publication verification.
PA009,Metro Viet News,Pennsylvania,media_format,unclear,no clear primary format found,Vietnamese-language weekly within New Mainstream Media,Vietnamese-language weekly within New Mainstream Media,verified_include,Strong language-community outlet; parent/host should be linked separately.
PA007,Motivos Magazine,Pennsylvania,record_type,unclear,no deterministic record-type rule matched,comparison_or_exclude_core,bilingual Latino youth/community magazine,comparison_or_exclude_core,"Community-serving media, but not clearly sustained journalism/public-affairs enough for core frame."
PA011,New Mainstream Media / New Mainstream Press,Pennsylvania,media_format,unclear,no clear primary format found,multilingual Asian media parent/host organization,multilingual Asian media parent/host organization,classify_intermediary_host,Do not count as one outlet; add to host/network table.
PA014,Philadelphia Asian News,Pennsylvania,media_format,unclear,no clear primary format found,Vietnamese community news organization,Vietnamese community news organization,verified_include_with_secondary_evidence,Strong candidate; direct site needed for institutional-depth coding.
PA018,Philain Media,Pennsylvania,record_type,unclear,boundary/pending record requires manual record-type decision,pending_deeper_verification,Korean community media outlet,pending_deeper_verification,Retain pending current site and publication details.
PA018,Philain Media,Pennsylvania,media_format,unclear,no clear primary format found,Korean community media outlet,Korean community media outlet,pending_deeper_verification,Retain pending current site and publication details.
PA016,PhilaNewsNow,Pennsylvania,record_type,unclear,boundary/pending record requires manual record-type decision,pending_deeper_verification,Asian/community news organization,pending_deeper_verification,"Need language, audience and current publication details before core inclusion."
PA016,PhilaNewsNow,Pennsylvania,media_format,unclear,no clear primary format found,Asian/community news organization,Asian/community news organization,pending_deeper_verification,"Need language, audience and current publication details before core inclusion."
PA019,PhillyTalks.com,Pennsylvania,record_type,unclear,boundary/pending record requires manual record-type decision,pending_deeper_verification,Korean/English community digital news outlet,pending_deeper_verification,Retain; direct site/activity check still needed.
PA019,PhillyTalks.com,Pennsylvania,media_format,unclear,no clear primary format found,Korean/English community digital news outlet,Korean/English community digital news outlet,pending_deeper_verification,Retain; direct site/activity check still needed.
PA020,Pittsburgh Latino Magazine / PRESENTE Pittsburgh Media,Pennsylvania,media_format,print,print plus companion digital presence; verify whether digital is co-primary,bilingual Latino print/digital publication within Presente Pittsburgh Media LLC,bilingual Latino print/digital publication within Presente Pittsburgh Media LLC,verified_include,Strong Western Pennsylvania Latino media case.
PA027,Puerto Rican Panorama,Pennsylvania,record_type,unclear,boundary/pending record requires manual record-type decision,pending_verification,Latino/Puerto Rican public-affairs television program,pending_verification,Retain candidate pending current schedule.
PA027,Puerto Rican Panorama,Pennsylvania,activity_status,unclear,source activity value is explicitly uncertain,unclear_current_operation,Latino/Puerto Rican public-affairs television program,pending_verification,Retain candidate pending current schedule.
PA022,Radio Las Palmas,Pennsylvania,record_type,unclear,boundary/pending record requires manual record-type decision,pending_verification,Latino community radio operation,pending_verification,Retain candidate pending current schedule and journalism/public-affairs evidence.
PA022,Radio Las Palmas,Pennsylvania,activity_status,unclear,source activity value is explicitly uncertain,unclear_current_operation,Latino community radio operation,pending_verification,Retain candidate pending current schedule and journalism/public-affairs evidence.
PA025,Telemundo 62 / WWSI,Pennsylvania,record_type,network_affiliate_or_local_station,format/parent wording may require review,verified_include,Spanish-language local television newsroom; Telemundo/NBCUniversal,verified_include,Strong large-network comparison case.
PA012,The Korea Times Philadelphia,Pennsylvania,activity_status,active_with_limited_or_uncertain_cadence,nonstandard activity wording requires review,likely_yes,Korean-language community newspaper,verified_include_with_site_limit,Eligible; deeper ownership/staff coding still needed.
PA026,Univision 65 / WUVP,Pennsylvania,record_type,network_affiliate_or_local_station,format/parent wording may require review,verified_include,Spanish-language local television newsroom; TelevisaUnivision,verified_include,Strong network-affiliated local-news case.
PA024,WFMZ Edición en Español,Pennsylvania,media_format,unclear,no clear primary format found,Spanish-language local-news product within WFMZ,Spanish-language local-news product within WFMZ,verified_include_with_site_limit,Include as network-affiliated local Spanish-news comparison; verify staffing later.
RI001,Acontecer Latino,Rhode Island,media_format,unclear,no clear primary format found,Spanish-language digital news outlet,Spanish-language digital news outlet,verified_include,Strong current Latino digital-news case.
RI002,Noticias Rhode Island,Rhode Island,media_format,unclear,no clear primary format found,Spanish-language digital community news outlet,Spanish-language digital community news outlet,verified_include_mixed_format,Current and community-focused; deeper pass should document ownership/staff.
RI003,Providence en Español,Rhode Island,record_type,unclear,boundary/pending record requires manual record-type decision,pending_deeper_verification,long-running Latino newspaper/digital outlet,pending_deeper_verification,Do not count as current core until recent publishing cadence is verified.
RI003,Providence en Español,Rhode Island,media_format,print,print plus companion digital presence; verify whether digital is co-primary,long-running Latino newspaper/digital outlet,long-running Latino newspaper/digital outlet,pending_deeper_verification,Do not count as current core until recent publishing cadence is verified.
RI003,Providence en Español,Rhode Island,activity_status,unclear,source activity value is explicitly uncertain,site_active_but_recent_news_unclear,long-running Latino newspaper/digital outlet,pending_deeper_verification,Do not count as current core until recent publishing cadence is verified.
SC013,Activa Radio Greenville,South Carolina,activity_status,active_with_limited_or_uncertain_cadence,nonstandard activity wording requires review,current_listing,Spanish-language commercial radio network,verified_include_mixed_format,Eligible mixed-format case; direct news/public-affairs cadence should be coded later.
SC016,El Patrón 93.5,South Carolina,record_type,unclear,no deterministic record-type rule matched,comparison_or_exclude_core,Spanish-language iHeart commercial radio station,comparison_or_exclude_core,Not a strong core newsroom; retain as boundary/comparison Spanish-language media case.
SC019,Fortaleza Cristiana,South Carolina,record_type,unclear,boundary/pending record requires manual record-type decision,pending_verification,Christian Spanish-language newspaper,pending_verification,Retain candidate; verify current publication and journalism content.
SC019,Fortaleza Cristiana,South Carolina,activity_status,unclear,source activity value is explicitly uncertain,unclear_current_operation,Christian Spanish-language newspaper,pending_verification,Retain candidate; verify current publication and journalism content.
SC023,Guía Latina Charleston,South Carolina,media_format,unclear,no clear primary format found,Spanish-language community resource guide tied to Universal Latin News,Spanish-language community resource guide tied to Universal Latin News,classify_hosted_information_project,Do not count as independent newsroom; preserve as information infrastructure under Universal Latin News.
SC020,InSouth Magazine,South Carolina,record_type,unclear,boundary/pending record requires manual record-type decision,pending_verification,Latino/community magazine,pending_verification,Retain candidate pending current activity and journalism verification.
SC020,InSouth Magazine,South Carolina,activity_status,unclear,source activity value is explicitly uncertain,unclear_current_operation,Latino/community magazine,pending_verification,Retain candidate pending current activity and journalism verification.
SC004,La Isla Magazine,South Carolina,activity_status,active_with_limited_or_uncertain_cadence,nonstandard activity wording requires review,current_listing,bilingual/Spanish magazine-newspaper and online outlet,verified_include_with_secondary_evidence,Eligible; direct institutional details should be added later.
SC014,La Jefa 94.9 / 1070 AM,South Carolina,record_type,unclear,no deterministic record-type rule matched,comparison_or_mixed_format,Spanish-language commercial radio station,comparison_or_mixed_format,Keep as mixed-format comparison; sustained journalism not clearly established.
SC015,La KeBuena 1430,South Carolina,record_type,unclear,boundary/pending record requires manual record-type decision,pending_deeper_verification,Spanish-language commercial/community radio station,pending_deeper_verification,Retain; verify journalism/public-affairs content before core inclusion.
SC015,La KeBuena 1430,South Carolina,activity_status,active_with_limited_or_uncertain_cadence,nonstandard activity wording requires review,current_listing,Spanish-language commercial/community radio station,pending_deeper_verification,Retain; verify journalism/public-affairs content before core inclusion.
SC024,La Mega Nota SC market candidate,South Carolina,record_type,unclear,boundary/pending record requires manual record-type decision,hold_unresolved,unresolved Spanish-language regional media candidate,hold_unresolved,Retain candidate only until a specific current SC operation is identified.
SC024,La Mega Nota SC market candidate,South Carolina,media_format,unclear,no clear primary format found,unresolved Spanish-language regional media candidate,unresolved Spanish-language regional media candidate,hold_unresolved,Retain candidate only until a specific current SC operation is identified.
SC024,La Mega Nota SC market candidate,South Carolina,activity_status,active_with_limited_or_uncertain_cadence,nonstandard activity wording requires review,unresolved,unresolved Spanish-language regional media candidate,hold_unresolved,Retain candidate only until a specific current SC operation is identified.
SC005,La Nación Hispana,South Carolina,media_format,print,print plus companion digital presence; verify whether digital is co-primary,Spanish-language weekly newspaper/digital outlet,Spanish-language weekly newspaper/digital outlet,verified_include_with_secondary_evidence,Eligible provisionally; confirm 2026 cadence and ownership in deeper pass.
SC021,La Noticia - Rock Hill/SC market,South Carolina,media_format,unclear,no clear primary format found,North Carolina-based Spanish-language newsroom serving SC market,North Carolina-based Spanish-language newsroom serving SC market,multistate_market_case,Do not count as South Carolina-based; retain as market-serving cross-state outlet.
SC002,Latino Newspaper / Latino SC,South Carolina,activity_status,active_with_limited_or_uncertain_cadence,nonstandard activity wording requires review,current_listing,Spanish-language statewide newspaper and online outlet,verified_include_with_directory_evidence,"Strong candidate; deeper pass should add current ownership, staff and publication cadence."
SC007,LatinX Today News,South Carolina,record_type,unclear,boundary/pending record requires manual record-type decision,pending_deeper_verification,Latinx online news outlet,pending_deeper_verification,Retain; direct current newsroom/activity evidence still needed.
SC007,LatinX Today News,South Carolina,activity_status,active_with_limited_or_uncertain_cadence,nonstandard activity wording requires review,current_listing,Latinx online news outlet,pending_deeper_verification,Retain; direct current newsroom/activity evidence still needed.
SC006,Pasa La Voz Noticias,South Carolina,media_format,unclear,no clear primary format found,independent Spanish-language newsroom,independent Spanish-language newsroom,verified_include,Excellent core immigrant-serving case.
SC017,Radio Revive,South Carolina,record_type,unclear,boundary/pending record requires manual record-type decision,pending_verification,online Spanish-language radio,pending_verification,Retain pending direct evidence of sustained journalism/public-affairs programming.
SC017,Radio Revive,South Carolina,activity_status,active_with_limited_or_uncertain_cadence,nonstandard activity wording requires review,current_listing,online Spanish-language radio,pending_verification,Retain pending direct evidence of sustained journalism/public-affairs programming.
SC009,SC Live TV,South Carolina,activity_status,active_with_limited_or_uncertain_cadence,nonstandard activity wording requires review,current_listing,Latino online TV/media outlet,verified_include_mixed_format,Eligible as mixed-format Latino media; code journalism share separately.
SC018,Telemundo South Carolina / GrayTV Telemundo,South Carolina,record_type,network_affiliate_or_local_station,format/parent wording may require review,verified_include,Spanish-language local television newsroom within Gray Media,verified_include,Strong large-network local-news comparison case.
SC008,Universal Latin News Charleston,South Carolina,media_format,print,print plus companion digital presence; verify whether digital is co-primary,Spanish-language online newspaper/digital platform,Spanish-language online newspaper/digital platform,verified_include,Strong current Lowcountry case.
SC010,VaqueVA Revista,South Carolina,media_format,mixed_platform,multiple central formats detected; manual check recommended,Spanish-language magazine and online radio,Spanish-language magazine and online radio,verified_include_mixed_format,Eligible as mixed-format immigrant-serving media; direct website/current staff not established.
SC010,VaqueVA Revista,South Carolina,activity_status,active_with_limited_or_uncertain_cadence,nonstandard activity wording requires review,current_public_listing,Spanish-language magazine and online radio,verified_include_mixed_format,Eligible as mixed-format immigrant-serving media; direct website/current staff not established.
SD003,Que Pasa Sioux Falls,South Dakota,media_format,unclear,no clear primary format found,community nonprofit/information-news platform,community nonprofit/information-news platform,verified_include_mixed_format,Eligible as hybrid information/news infrastructure; deeper pass should assess original reporting frequency.
SD004,Sioux Falls Somali/refugee media lead,South Dakota,record_type,unclear,boundary/pending record requires manual record-type decision,hold_unresolved,unresolved refugee-language media lead,hold_unresolved,Retain for deeper community-radio/social-video search.
SD004,Sioux Falls Somali/refugee media lead,South Dakota,media_format,unclear,no clear primary format found,unresolved refugee-language media lead,unresolved refugee-language media lead,hold_unresolved,Retain for deeper community-radio/social-video search.
SD004,Sioux Falls Somali/refugee media lead,South Dakota,activity_status,active_with_limited_or_uncertain_cadence,nonstandard activity wording requires review,unresolved,unresolved refugee-language media lead,hold_unresolved,Retain for deeper community-radio/social-video search.
TN005,Dengê Kurdistan / Voice of Kurdistan,Tennessee,record_type,unclear,no deterministic record-type rule matched,history,weekly Kurdish community radio program hosted by WXNA and Kurdish Culture & Music Association,history,verified_include_hosted_program
TN006,El Crucero de Tennessee,Tennessee,record_type,unclear,boundary/pending record requires manual record-type decision,pending_verification,Spanish-language weekly newspaper,pending_verification,Retain pending current publication evidence.
TN007,La Prensa Latina,Tennessee,record_type,unclear,boundary/pending record requires manual record-type decision,pending_verification,Spanish-language Memphis newspaper,pending_verification,Retain candidate; avoid treating as active without current evidence.
TN003,Latino News Tennessee,Tennessee,record_type,unclear,no deterministic record-type rule matched,U.S.,Spanish-language digital news outlet,U.S.,verified_include_mixed_format
TN003,Latino News Tennessee,Tennessee,media_format,unclear,no clear primary format found,Spanish-language digital news outlet,Spanish-language digital news outlet,U.S.,verified_include_mixed_format
TN002,Nashville Noticias,Tennessee,media_format,unclear,no clear primary format found,Spanish-language digital local-news outlet,Spanish-language digital local-news outlet,verified_include,Strong current local Spanish-language case.
TN004,Que Pasa Nashville,Tennessee,media_format,unclear,no clear primary format found,hosted Hispanic-community public-affairs program on NewsChannel 5+,hosted Hispanic-community public-affairs program on NewsChannel 5+,verified_include_hosted_program,Strong hosted-program case.
TX030,African community media Houston candidate,Texas,record_type,unclear,boundary/pending record requires manual record-type decision,hold_unresolved,unresolved African-diaspora media candidate,hold_unresolved,Replace placeholder with named outlet(s) in a dedicated African-diaspora discovery pass.
TX030,African community media Houston candidate,Texas,media_format,unclear,no clear primary format found,unresolved African-diaspora media candidate,unresolved African-diaspora media candidate,hold_unresolved,Replace placeholder with named outlet(s) in a dedicated African-diaspora discovery pass.
TX030,African community media Houston candidate,Texas,activity_status,active_with_limited_or_uncertain_cadence,nonstandard activity wording requires review,unresolved,unresolved African-diaspora media candidate,hold_unresolved,Replace placeholder with named outlet(s) in a dedicated African-diaspora discovery pass.
TX022,Al Día Dallas,Texas,media_format,unclear,no clear primary format found,Spanish-language newsroom/product within Dallas Morning News,Spanish-language newsroom/product within Dallas Morning News,verified_include,Strong network-affiliated comparison case.
TX019,Dallas Chinese News Network,Texas,media_format,unclear,no clear primary format found,Chinese-language digital/video community news outlet,Chinese-language digital/video community news outlet,verified_include,Strong current Chinese-language digital-media case.
TX028,Dallas Weekly,Texas,media_format,unclear,no clear primary format found,Black/African-diaspora community newsroom,Black/African-diaspora community newsroom,verified_include_comparison,Include as a comparison/boundary case rather than core immigrant outlet; diaspora framing is explicit but mission is broader Black community journalism.
TX017,El Editor,Texas,record_type,unclear,boundary/pending record requires manual record-type decision,pending_verification,bilingual Hispanic community newspaper,pending_verification,Retain candidate; verify 2026 activity before inclusion.
TX017,El Editor,Texas,activity_status,unclear,source activity value is explicitly uncertain,unclear_current_operation,bilingual Hispanic community newspaper,pending_verification,Retain candidate; verify 2026 activity before inclusion.
TX021,El Hispano News,Texas,record_type,unclear,boundary/pending record requires manual record-type decision,pending_verification,Spanish-language community publication,pending_verification,Retain candidate pending current website and publication evidence.
TX021,El Hispano News,Texas,media_format,unclear,no clear primary format found,Spanish-language community publication,Spanish-language community publication,pending_verification,Retain candidate pending current website and publication evidence.
TX021,El Hispano News,Texas,activity_status,unclear,source activity value is explicitly uncertain,unclear_current_operation,Spanish-language community publication,pending_verification,Retain candidate pending current website and publication evidence.
TX018,El Mañana de Nuevo Laredo / border audience candidate,Texas,record_type,unclear,no deterministic record-type rule matched,exclude_non_us_based,Mexico-based cross-border Spanish-language newspaper,exclude_non_us_based,Exclude from U.S.-based sampling frame unless later protocol explicitly permits foreign-based outlets substantially serving U.S. audiences.
TX014,El Mundo Newspaper,Texas,activity_status,active_with_limited_or_uncertain_cadence,nonstandard activity wording requires review,likely_yes,Spanish-language community newspaper,verified_include_with_secondary_evidence,"Eligible, but replace secondary evidence with current outlet institutional page in next pass."
TX011,Houston Community Media,Texas,record_type,unclear,no deterministic record-type rule matched,classify_intermediary_not_outlet,multilingual ethnic-media network/intermediary,classify_intermediary_not_outlet,Do not count as one newsroom outlet. Retain in host/intermediary table because it is analytically important infrastructure.
TX011,Houston Community Media,Texas,media_format,unclear,no clear primary format found,multilingual ethnic-media network/intermediary,multilingual ethnic-media network/intermediary,classify_intermediary_not_outlet,Do not count as one newsroom outlet. Retain in host/intermediary table because it is analytically important infrastructure.
TX029,Houston Forward Times,Texas,record_type,unclear,no deterministic record-type rule matched,comparison_or_exclude_core,Black community newspaper,comparison_or_exclude_core,Keep outside core immigrant sampling frame unless later evidence shows sustained immigrant/diaspora service.
TX027,Houston Vietnamese News candidate,Texas,record_type,unclear,boundary/pending record requires manual record-type decision,hold_unresolved,unresolved Vietnamese print/digital candidate,hold_unresolved,Do not include until a unique current outlet is identified.
TX027,Houston Vietnamese News candidate,Texas,media_format,unclear,no clear primary format found,unresolved Vietnamese print/digital candidate,unresolved Vietnamese print/digital candidate,hold_unresolved,Do not include until a unique current outlet is identified.
TX027,Houston Vietnamese News candidate,Texas,activity_status,active_with_limited_or_uncertain_cadence,nonstandard activity wording requires review,unresolved,unresolved Vietnamese print/digital candidate,hold_unresolved,Do not include until a unique current outlet is identified.
TX007,Indo American News,Texas,media_format,mixed_platform,multiple central formats detected; manual check recommended,South Asian weekly newspaper and radio operation,South Asian weekly newspaper and radio operation,verified_include,"Excellent institutional case with print, web and radio."
TX020,Korea Times Texas,Texas,record_type,unclear,boundary/pending record requires manual record-type decision,pending_deeper_verification,Korean-language community newspaper,pending_deeper_verification,Retain as strong candidate pending direct 2026 local evidence.
TX020,Korea Times Texas,Texas,activity_status,active_with_limited_or_uncertain_cadence,nonstandard activity wording requires review,likely_yes,Korean-language community newspaper,pending_deeper_verification,Retain as strong candidate pending direct 2026 local evidence.
TX013,La Voz de Houston,Texas,media_format,unclear,no clear primary format found,Spanish-language Houston Chronicle publication,Spanish-language Houston Chronicle publication,verified_include,Strong network-affiliated comparison case rather than independent immigrant newsroom.
TX025,Pakistan Chronicle,Texas,record_type,unclear,boundary/pending record requires manual record-type decision,pending_verification,Pakistani community newspaper,pending_verification,Keep in candidate registry but do not place in active frame yet.
TX025,Pakistan Chronicle,Texas,activity_status,unclear,source activity value is explicitly uncertain,unclear_current_operation,Pakistani community newspaper,pending_verification,Keep in candidate registry but do not place in active frame yet.
TX016,San Antonio Hispano News candidate,Texas,record_type,unclear,boundary/pending record requires manual record-type decision,hold_unresolved,unresolved Spanish-language media candidate,hold_unresolved,Do not move into active frame until a distinct outlet and current operation are identified.
TX016,San Antonio Hispano News candidate,Texas,media_format,unclear,no clear primary format found,unresolved Spanish-language media candidate,unresolved Spanish-language media candidate,hold_unresolved,Do not move into active frame until a distinct outlet and current operation are identified.
TX016,San Antonio Hispano News candidate,Texas,activity_status,active_with_limited_or_uncertain_cadence,nonstandard activity wording requires review,unresolved,unresolved Spanish-language media candidate,hold_unresolved,Do not move into active frame until a distinct outlet and current operation are identified.
TX012,Semana News,Texas,record_type,unclear,boundary/pending record requires manual record-type decision,pending_deeper_verification,Spanish-language local/community news outlet,pending_deeper_verification,"Retain; confirm cadence, ownership and active newsroom structure."
TX012,Semana News,Texas,media_format,unclear,no clear primary format found,Spanish-language local/community news outlet,Spanish-language local/community news outlet,pending_deeper_verification,"Retain; confirm cadence, ownership and active newsroom structure."
TX012,Semana News,Texas,activity_status,active_with_limited_or_uncertain_cadence,nonstandard activity wording requires review,likely_yes,Spanish-language local/community news outlet,pending_deeper_verification,"Retain; confirm cadence, ownership and active newsroom structure."
TX023,Texas Latino News,Texas,record_type,unclear,boundary/pending record requires manual record-type decision,hold_unresolved,unresolved Latino digital-news candidate,hold_unresolved,"Do not include until identity, site and sustained journalism are verified."
TX023,Texas Latino News,Texas,media_format,unclear,no clear primary format found,unresolved Latino digital-news candidate,unresolved Latino digital-news candidate,hold_unresolved,"Do not include until identity, site and sustained journalism are verified."
TX023,Texas Latino News,Texas,activity_status,active_with_limited_or_uncertain_cadence,nonstandard activity wording requires review,unresolved,unresolved Latino digital-news candidate,hold_unresolved,"Do not include until identity, site and sustained journalism are verified."
TX003,The Chinese Times,Texas,record_type,unclear,boundary/pending record requires manual record-type decision,pending_deeper_verification,Chinese-language community newspaper,pending_deeper_verification,Retain as strong candidate; confirm current ownership/staff in institutional-depth pass.
TX003,The Chinese Times,Texas,activity_status,active_with_limited_or_uncertain_cadence,nonstandard activity wording requires review,likely_yes,Chinese-language community newspaper,pending_deeper_verification,Retain as strong candidate; confirm current ownership/staff in institutional-depth pass.
TX026,VIETV Network,Texas,media_format,mixed_platform,multiple central formats detected; manual check recommended,Vietnamese-language television/radio/media network,Vietnamese-language television/radio/media network,verified_include,Very strong networked diaspora-media case.
TX010,Voice of Asia,Texas,media_format,print,print plus companion digital presence; verify whether digital is co-primary,South Asian/Asian community newspaper/digital outlet,South Asian/Asian community newspaper/digital outlet,verified_include,Strong community-media candidate; institutional details need deeper pass.
TX010,Voice of Asia,Texas,activity_status,active_with_limited_or_uncertain_cadence,nonstandard activity wording requires review,likely_yes,South Asian/Asian community newspaper/digital outlet,verified_include,Strong community-media candidate; institutional details need deeper pass.
UT005,El Observador de Utah,Utah,record_type,unclear,boundary/pending record requires manual record-type decision,pending_verification,Spanish-language newspaper,pending_verification,Retain as historical/current-unclear candidate.
UT004,Punto de Encuentro,Utah,media_format,unclear,no clear primary format found,Spanish-language hosted public-affairs program on Avanza,Spanish-language hosted public-affairs program on Avanza,verified_include_hosted_program,Count at program level only if program-level cases are retained consistently.
UT006,The Salt Lake Tribune En Español,Utah,media_format,unclear,no clear primary format found,Spanish-language product within nonprofit statewide newsroom,Spanish-language product within nonprofit statewide newsroom,verified_include_hosted_language_product,Strong network/hosted comparison; parent newsroom is not immigrant-specific.
UT007,Utah Latino News / Latino community digital candidate,Utah,record_type,unclear,boundary/pending record requires manual record-type decision,hold_unresolved,unresolved Latino digital outlet candidate,hold_unresolved,Retain as discovery lead only.
UT007,Utah Latino News / Latino community digital candidate,Utah,activity_status,active_with_limited_or_uncertain_cadence,nonstandard activity wording requires review,unresolved,unresolved Latino digital outlet candidate,hold_unresolved,Retain as discovery lead only.
UT008,Utah Refugee & Immigrant community media programs,Utah,record_type,unclear,boundary/pending record requires manual record-type decision,hold_unresolved,program-level discovery lead,hold_unresolved,"Useful gap-search target for Arabic, Somali, Swahili, Dari/Pashto and other refugee-language media."
UT008,Utah Refugee & Immigrant community media programs,Utah,media_format,unclear,no clear primary format found,program-level discovery lead,program-level discovery lead,hold_unresolved,"Useful gap-search target for Arabic, Somali, Swahili, Dari/Pashto and other refugee-language media."
UT008,Utah Refugee & Immigrant community media programs,Utah,activity_status,active_with_limited_or_uncertain_cadence,nonstandard activity wording requires review,unresolved,program-level discovery lead,hold_unresolved,"Useful gap-search target for Arabic, Somali, Swahili, Dari/Pashto and other refugee-language media."
VT005,Independent Vermont Latino newsroom lead,Vermont,record_type,unclear,boundary/pending record requires manual record-type decision,hold_unresolved,unresolved independent Latino-media lead,hold_unresolved,Do not infer absence; retain for deeper directory/community search.
VT005,Independent Vermont Latino newsroom lead,Vermont,media_format,unclear,no clear primary format found,unresolved independent Latino-media lead,unresolved independent Latino-media lead,hold_unresolved,Do not infer absence; retain for deeper directory/community search.
VT005,Independent Vermont Latino newsroom lead,Vermont,activity_status,active_with_limited_or_uncertain_cadence,nonstandard activity wording requires review,unresolved,unresolved independent Latino-media lead,hold_unresolved,Do not infer absence; retain for deeper directory/community search.
VT004,Migrant Justice / Justicia Migrante media-information infrastructure,Vermont,media_format,unclear,no clear primary format found,worker-led immigrant rights organization with bilingual information channels,worker-led immigrant rights organization with bilingual information channels,classify_information_infrastructure_not_outlet,Useful community information intermediary; exclude from core outlet count.
VT003,Seven Days Spanish-translated immigration reporting,Vermont,record_type,unclear,no deterministic record-type rule matched,comparison_or_hosted_language_practice,general independent local newsroom with translated immigration stories,comparison_or_hosted_language_practice,Not immigrant-serving by primary mission; useful comparison for language-access practice.
VT003,Seven Days Spanish-translated immigration reporting,Vermont,media_format,unclear,no clear primary format found,general independent local newsroom with translated immigration stories,general independent local newsroom with translated immigration stories,comparison_or_hosted_language_practice,Not immigrant-serving by primary mission; useful comparison for language-access practice.
VT002,Vermont Public Spanish-language radio hour,Vermont,record_type,unclear,boundary/pending record requires manual record-type decision,pending_deeper_verification,Spanish-language hosted radio product within Vermont Public,pending_deeper_verification,Retain pending exact program identity and schedule.
VT002,Vermont Public Spanish-language radio hour,Vermont,activity_status,active_with_limited_or_uncertain_cadence,nonstandard activity wording requires review,announced_current,Spanish-language hosted radio product within Vermont Public,pending_deeper_verification,Retain pending exact program identity and schedule.
VA004,El Tiempo Latino - Virginia service,Virginia,record_type,unclear,no deterministic record-type rule matched,active 2026 local coverage and daily newsletter explicitly serving DC,Spanish-language regional newsroom based in Washington,active 2026 local coverage and daily newsletter explicitly serving DC,multistate_market_case
VA004,El Tiempo Latino - Virginia service,Virginia,media_format,unclear,no clear primary format found,Spanish-language regional newsroom based in Washington,Spanish-language regional newsroom based in Washington,active 2026 local coverage and daily newsletter explicitly serving DC,multistate_market_case
VA002,Korea Daily Washington,Virginia,media_format,unclear,no clear primary format found,Korean-language daily/news operation within Korea Daily network,Korean-language daily/news operation within Korea Daily network,verified_include_with_directory_evidence,Retain; deeper pass should verify current local edition/staff directly.
VA001,Korea Times Washington,Virginia,record_type,unclear,no deterministic record-type rule matched,local newsroom staff and Annandale base serving Korean-American diaspora,Korean-language daily newspaper within Korea Times network,local newsroom staff and Annandale base serving Korean-American diaspora,https://virginiahumanities.org/2023/05/a-korean-language-daily-bridges-the-gap-for-those-new-to-america/
VA008,Las Américas Newspaper,Virginia,record_type,unclear,no deterministic record-type rule matched,but strong current 2026 publication evidence not established,Spanish-language weekly newspaper,but strong current 2026 publication evidence not established,https://kiwix.thunderforge.net/content/wikipedia_en_all_maxi_2025-08/List_of_newspapers_in_Virginia
VA008,Las Américas Newspaper,Virginia,activity_status,unclear,source activity value is explicitly uncertain,unclear_current_operation,Spanish-language weekly newspaper,but strong current 2026 publication evidence not established,https://kiwix.thunderforge.net/content/wikipedia_en_all_maxi_2025-08/List_of_newspapers_in_Virginia
VA009,The Korean Weekly,Virginia,record_type,unclear,no deterministic record-type rule matched,but newsroom cadence/website not established,Korean-language weekly newspaper,but newsroom cadence/website not established,https://dc.koreaportal.com/yp/yp_list.php?index=9&mcode=med&scode=med_02
VA009,The Korean Weekly,Virginia,activity_status,unclear,source activity value is explicitly uncertain,unclear_current_operation,Korean-language weekly newspaper,but newsroom cadence/website not established,https://dc.koreaportal.com/yp/yp_list.php?index=9&mcode=med&scode=med_02
VA005,VATV / Viet Washington DC Radio,Virginia,record_type,unclear,no deterministic record-type rule matched,community news and political/economic coverage; Falls Church studio listed,Vietnamese-American radio/television/community media operation,community news and political/economic coverage; Falls Church studio listed,https://vietwdcradio.com/
VA005,VATV / Viet Washington DC Radio,Virginia,media_format,mixed_platform,multiple central formats detected; manual check recommended,Vietnamese-American radio/television/community media operation,Vietnamese-American radio/television/community media operation,community news and political/economic coverage; Falls Church studio listed,https://vietwdcradio.com/
VA007,VirginiaHispano.com,Virginia,record_type,unclear,no deterministic record-type rule matched,events and service information for Hispanic/Latino community,Spanish-language statewide directory/news portal,events and service information for Hispanic/Latino community,https://www.virginiahispano.com/index.php
VA007,VirginiaHispano.com,Virginia,media_format,unclear,no clear primary format found,Spanish-language statewide directory/news portal,Spanish-language statewide directory/news portal,events and service information for Hispanic/Latino community,https://www.virginiahispano.com/index.php
VA006,VirginiaLatino.com,Virginia,record_type,unclear,no deterministic record-type rule matched,events,Spanish-language community directory/news portal,events,embassies and community information
VA006,VirginiaLatino.com,Virginia,media_format,unclear,no clear primary format found,Spanish-language community directory/news portal,Spanish-language community directory/news portal,events,embassies and community information
WA015,Actitud Latina,Washington,record_type,unclear,boundary/pending record requires manual record-type decision,pending_verification,Spanish-language educational/informational television/media program,pending_verification,"Likely eligible as an informational program, but current production cadence should be verified."
WA015,Actitud Latina,Washington,activity_status,unclear,source activity value is explicitly uncertain,unclear_current_operation,Spanish-language educational/informational television/media program,pending_verification,"Likely eligible as an informational program, but current production cadence should be verified."
WA014,El Mundo Seattle,Washington,record_type,unclear,boundary/pending record requires manual record-type decision,pending_verification,Spanish-language community media,pending_verification,Retain candidate; need current direct outlet evidence.
WA014,El Mundo Seattle,Washington,media_format,unclear,no clear primary format found,Spanish-language community media,Spanish-language community media,pending_verification,Retain candidate; need current direct outlet evidence.
WA014,El Mundo Seattle,Washington,activity_status,unclear,source activity value is explicitly uncertain,unclear_current_operation,Spanish-language community media,pending_verification,Retain candidate; need current direct outlet evidence.
WA017,Ethiopian Community Media Association,Washington,record_type,unclear,boundary/pending record requires manual record-type decision,pending_verification,Ethiopian community media organization,pending_verification,Do not include yet; current journalism output and institutional form need direct verification.
WA017,Ethiopian Community Media Association,Washington,media_format,unclear,no clear primary format found,Ethiopian community media organization,Ethiopian community media organization,pending_verification,Do not include yet; current journalism output and institutional form need direct verification.
WA017,Ethiopian Community Media Association,Washington,activity_status,unclear,source activity value is explicitly uncertain,unclear,Ethiopian community media organization,pending_verification,Do not include yet; current journalism output and institutional form need direct verification.
WA011,Filipino American Herald,Washington,record_type,unclear,boundary/pending record requires manual record-type decision,pending_verification,Filipino community newspaper,pending_verification,Keep candidate. Need stronger current publication evidence before final active-frame inclusion.
WA011,Filipino American Herald,Washington,activity_status,unclear,source activity value is explicitly uncertain,unclear_current_operation,Filipino community newspaper,pending_verification,Keep candidate. Need stronger current publication evidence before final active-frame inclusion.
WA001,International Examiner,Washington,media_format,unclear,no clear primary format found,501(c)(3) nonprofit pan-Asian community newsroom,501(c)(3) nonprofit pan-Asian community newsroom,verified_include,Very strong institutional case; explicit nonprofit governance and current staff structure.
WA009,Korea Daily Seattle,Washington,media_format,unclear,no clear primary format found,Korean-language community news outlet,Korean-language community news outlet,verified_include_with_directory_evidence,"Eligible, but direct current local-site and ownership verification should be added in a later institutional-depth pass."
WA009,Korea Daily Seattle,Washington,activity_status,active_with_limited_or_uncertain_cadence,nonstandard activity wording requires review,likely_yes,Korean-language community news outlet,verified_include_with_directory_evidence,"Eligible, but direct current local-site and ownership verification should be added in a later institutional-depth pass."
WA010,Korea Times Seattle,Washington,activity_status,active_with_limited_or_uncertain_cadence,nonstandard activity wording requires review,likely_yes,Korean-language community newspaper,verified_include_with_directory_evidence,Eligible; direct local institutional page still needs deeper verification.
WA013,La Raza del Noroeste,Washington,media_format,unclear,no clear primary format found,Spanish-language commercial community publication; Black Press/Sound Publishing network,Spanish-language commercial community publication; Black Press/Sound Publishing network,verified_include,Strong network-affiliated comparison case.
WA002,Northwest Asian Weekly,Washington,media_format,print,print plus companion digital presence; verify whether digital is co-primary,Asian American digital community newspaper,Asian American digital community newspaper,verified_include,Strong fit. Print ended in 2023 but online publication remains active.
WA005,Northwest Vietnamese News,Washington,media_format,mixed_platform,multiple central formats detected; manual check recommended,Vietnamese community newspaper; independent branch of Nguoi Viet Daily,Vietnamese community newspaper; independent branch of Nguoi Viet Daily,verified_include,Excellent fit and strong institutional-detail case.
WA012,One Philippines,Washington,record_type,unclear,boundary/pending record requires manual record-type decision,pending_verification,Filipino community newspaper,pending_verification,Retain candidate; current website/activity not independently confirmed.
WA012,One Philippines,Washington,activity_status,unclear,source activity value is explicitly uncertain,unclear_current_operation,Filipino community newspaper,pending_verification,Retain candidate; current website/activity not independently confirmed.
WA007,Runta News,Washington,media_format,unclear,no clear primary format found,Somali/African/Muslim multimedia community outlet,Somali/African/Muslim multimedia community outlet,verified_include,Very strong immigrant-serving fit.
WA003,Seattle Chinese Post,Washington,media_format,unclear,no clear primary format found,Chinese-language digital community publication hosted by nonprofit,Chinese-language digital community publication hosted by nonprofit,verified_include,Strong hosted-media case; institutional change should be coded at host-organization level.
WA019,Seattle Chinese Radio,Washington,record_type,unclear,boundary/pending record requires manual record-type decision,pending_verification,Chinese-language radio outlet,pending_verification,"Candidate identity is clear, but current 2026 operation and news/public-affairs share need verification."
WA019,Seattle Chinese Radio,Washington,activity_status,unclear,source activity value is explicitly uncertain,unclear_current_operation,Chinese-language radio outlet,pending_verification,"Candidate identity is clear, but current 2026 operation and news/public-affairs share need verification."
WA004,Seattle Chinese Times,Washington,media_format,unclear,no clear primary format found,Chinese-language/bilingual community news outlet,Chinese-language/bilingual community news outlet,verified_include,Strong current community-news case.
WA018,Seattle Korean Weekly,Washington,record_type,unclear,boundary/pending record requires manual record-type decision,pending_verification,Korean community media outlet,pending_verification,Historical/current gap remains. Keep candidate until direct 2026 evidence is found.
WA018,Seattle Korean Weekly,Washington,media_format,unclear,no clear primary format found,Korean community media outlet,Korean community media outlet,pending_verification,Historical/current gap remains. Keep candidate until direct 2026 evidence is found.
WA006,Seattle Viet Times,Washington,activity_status,active_with_limited_or_uncertain_cadence,nonstandard activity wording requires review,likely_yes,Vietnamese weekly community newspaper,verified_include_with_directory_evidence,Current outlet identity supported by community-media directory; direct website not identified in this pass.
WA020,Somali community radio Seattle candidate,Washington,record_type,unclear,boundary/pending record requires manual record-type decision,hold_unresolved,unresolved Somali broadcast candidate,hold_unresolved,Do not promote to active frame until a distinct current outlet is identified.
WA020,Somali community radio Seattle candidate,Washington,activity_status,active_with_limited_or_uncertain_cadence,nonstandard activity wording requires review,unresolved,unresolved Somali broadcast candidate,hold_unresolved,Do not promote to active frame until a distinct current outlet is identified.
WV002,Charleston Gazette-Mail Spanish-language content,West Virginia,record_type,unclear,no deterministic record-type rule matched,exclude_current_definition,mainstream local/state newspaper with some Spanish-language content,exclude_current_definition,Boundary comparison only; direct Spanish vertical not established.
WV003,Nuevos Comienzos information network,West Virginia,media_format,unclear,no clear primary format found,immigrant-support ministry/community information network,immigrant-support ministry/community information network,classify_information_infrastructure_not_outlet,"Useful immigrant information infrastructure, not journalism outlet."
WV004,West Virginia immigrant/refugee community media lead,West Virginia,record_type,unclear,boundary/pending record requires manual record-type decision,hold_unresolved,unresolved refugee/diaspora media lead,hold_unresolved,"Retain for deeper community-radio, church/community bulletin and social-video search."
WV004,West Virginia immigrant/refugee community media lead,West Virginia,media_format,unclear,no clear primary format found,unresolved refugee/diaspora media lead,unresolved refugee/diaspora media lead,hold_unresolved,"Retain for deeper community-radio, church/community bulletin and social-video search."
WV004,West Virginia immigrant/refugee community media lead,West Virginia,activity_status,active_with_limited_or_uncertain_cadence,nonstandard activity wording requires review,unresolved,unresolved refugee/diaspora media lead,hold_unresolved,"Retain for deeper community-radio, church/community bulletin and social-video search."
WV001,West Virginia Latino/Spanish newsroom lead,West Virginia,record_type,unclear,boundary/pending record requires manual record-type decision,hold_unresolved,unresolved Latino-media lead,hold_unresolved,"State should be coded as no qualifying outlet identified after first-pass search, not as having no outlets."
WV001,West Virginia Latino/Spanish newsroom lead,West Virginia,media_format,unclear,no clear primary format found,unresolved Latino-media lead,unresolved Latino-media lead,hold_unresolved,"State should be coded as no qualifying outlet identified after first-pass search, not as having no outlets."
WV001,West Virginia Latino/Spanish newsroom lead,West Virginia,activity_status,active_with_limited_or_uncertain_cadence,nonstandard activity wording requires review,unresolved,unresolved Latino-media lead,hold_unresolved,"State should be coded as no qualifying outlet identified after first-pass search, not as having no outlets."
WI003,El Conquistador Latino Newspaper,Wisconsin,media_format,print,print plus companion digital presence; verify whether digital is co-primary,Spanish-language Latino newspaper/digital outlet,Spanish-language Latino newspaper/digital outlet,verified_include,Strong current Latino community outlet.
WI014,El Hispano Wisconsin,Wisconsin,record_type,unclear,boundary/pending record requires manual record-type decision,hold_unresolved,unresolved Spanish-language outlet candidate,hold_unresolved,Retain candidate until a distinct current outlet is established.
WI014,El Hispano Wisconsin,Wisconsin,media_format,unclear,no clear primary format found,unresolved Spanish-language outlet candidate,unresolved Spanish-language outlet candidate,hold_unresolved,Retain candidate until a distinct current outlet is established.
WI014,El Hispano Wisconsin,Wisconsin,activity_status,active_with_limited_or_uncertain_cadence,nonstandard activity wording requires review,unresolved,unresolved Spanish-language outlet candidate,hold_unresolved,Retain candidate until a distinct current outlet is established.
WI007,Hmong Community Journal,Wisconsin,record_type,unclear,boundary/pending record requires manual record-type decision,hold_unresolved,unresolved Hmong publication candidate,hold_unresolved,Retain candidate only until exact organization/site/current activity are verified.
WI007,Hmong Community Journal,Wisconsin,media_format,unclear,no clear primary format found,unresolved Hmong publication candidate,unresolved Hmong publication candidate,hold_unresolved,Retain candidate only until exact organization/site/current activity are verified.
WI007,Hmong Community Journal,Wisconsin,activity_status,active_with_limited_or_uncertain_cadence,nonstandard activity wording requires review,unresolved,unresolved Hmong publication candidate,hold_unresolved,Retain candidate only until exact organization/site/current activity are verified.
WI008,Hmong Times Wisconsin,Wisconsin,record_type,unclear,boundary/pending record requires manual record-type decision,hold_identity_resolution,possible Hmong publication/edition,hold_identity_resolution,Avoid conflating with Minnesota-based Hmong Times without direct evidence of Wisconsin edition.
WI008,Hmong Times Wisconsin,Wisconsin,media_format,unclear,no clear primary format found,possible Hmong publication/edition,possible Hmong publication/edition,hold_identity_resolution,Avoid conflating with Minnesota-based Hmong Times without direct evidence of Wisconsin edition.
WI008,Hmong Times Wisconsin,Wisconsin,activity_status,active_with_limited_or_uncertain_cadence,nonstandard activity wording requires review,unresolved,possible Hmong publication/edition,hold_identity_resolution,Avoid conflating with Minnesota-based Hmong Times without direct evidence of Wisconsin edition.
WI005,Spanish Journal Network,Wisconsin,media_format,print,print plus companion digital presence; verify whether digital is co-primary,bilingual/Spanish community newspaper and digital outlet,bilingual/Spanish community newspaper and digital outlet,verified_include,Strong current immigrant-serving/Latino-community case.
WI002,Suab Hmong News,Wisconsin,activity_status,active_with_limited_or_uncertain_cadence,nonstandard activity wording requires review,likely_yes,Hmong community TV/news operation,verified_include_with_secondary_evidence,Strong Hmong immigrant-media case; direct 2026 site/institutional details need deeper coding.
WI004,Wisconsin Latino News,Wisconsin,record_type,unclear,boundary/pending record requires manual record-type decision,pending_verification,Latino-focused statewide digital outlet,pending_verification,Retain candidate; verify current publication cadence and ownership.
WI004,Wisconsin Latino News,Wisconsin,activity_status,unclear,source activity value is explicitly uncertain,unclear_current_operation,Latino-focused statewide digital outlet,pending_verification,Retain candidate; verify current publication cadence and ownership.
WI012,WJYI Hmong Radio,Wisconsin,record_type,unclear,boundary/pending record requires manual record-type decision,hold_unresolved,unresolved Hmong radio candidate,hold_unresolved,Retain candidate pending exact call sign/ownership/program verification.
WI012,WJYI Hmong Radio,Wisconsin,activity_status,active_with_limited_or_uncertain_cadence,nonstandard activity wording requires review,unresolved,unresolved Hmong radio candidate,hold_unresolved,Retain candidate pending exact call sign/ownership/program verification.
WI010,WNRB-LP Hmong Radio,Wisconsin,record_type,unclear,boundary/pending record requires manual record-type decision,pending_deeper_verification,community radio licensed to Wausau Area Hmong Mutual Association,pending_deeper_verification,Retain; verify current programming schedule and journalism/public-affairs content.
WI011,WORT Hmong Radio,Wisconsin,record_type,unclear,boundary/pending record requires manual record-type decision,pending_deeper_verification,community-radio host with Hmong programming candidate,pending_deeper_verification,Do not count a Hmong program until its current identity/schedule are confirmed.
WY004,Independent Spanish-language newsroom gap lead,Wyoming,record_type,unclear,boundary/pending record requires manual record-type decision,hold_unresolved,gap-search lead,hold_unresolved,Documented gap; do not infer complete absence.
WY004,Independent Spanish-language newsroom gap lead,Wyoming,activity_status,active_with_limited_or_uncertain_cadence,nonstandard activity wording requires review,not_identified,gap-search lead,hold_unresolved,Documented gap; do not infer complete absence.
