outlet_id,outlet_name,jurisdiction,field,proposed_value,reason,source_value,institutional_form,eligibility_status,verification_notes
AL005,Alabama TV,Alabama,community_orientation,language_community,language-serving function explicit but narrower community orientation not established,yes_latino_listing | Spanish-language television outlet listed in Latino-media map | CUNY Latino Media Map lists Alabama TV; no sufficiently specific current outlet identity or institutional site confirmed,Spanish-language television outlet listed in Latino-media map,pending_verification,"Do not place in active verified frame yet. Needs exact current station identity, ownership, and journalism/public-affairs verification."
AL004,Hola Alabama Magazine,Alabama,community_orientation,unclear,community orientation not explicit enough for deterministic coding,"yes | bilingual Spanish-Portuguese monthly magazine within Hola Latino | monthly publication; local news; legal, health, business and family information; statewide Latino/New American audience",bilingual Spanish-Portuguese monthly magazine within Hola Latino,verified_include_hosted_program,Eligible as a program/publication within Hola Latino rather than a fully separate organization. Use host-organization linkage in master database.
AL002,LIDER News,Alabama,community_orientation,language_community,language-serving function explicit but narrower community orientation not established,yes | Spanish-language newspaper/radio/TV network; Horizon Entertainment Inc. d/b/a Lider News | current 2026 Alabama and migration coverage; Alabama Press Association listing; weekly print distribution; advertising-funded; radio/TV presence,Spanish-language newspaper/radio/TV network; Horizon Entertainment Inc. d/b/a Lider News,verified_include,Strong active fit. Institutional evidence supports a multi-platform Spanish-language community news operation.
AL002,LIDER News,Alabama,journalism_intensity,journalism_substantial_mixed_content,sustained journalism coexists with substantial non-journalism content,yes | Spanish-language newspaper/radio/TV network; Horizon Entertainment Inc. d/b/a Lider News | current 2026 Alabama and migration coverage; Alabama Press Association listing; weekly print distribution; advertising-funded; radio/TV presence,Spanish-language newspaper/radio/TV network; Horizon Entertainment Inc. d/b/a Lider News,verified_include,Strong active fit. Institutional evidence supports a multi-platform Spanish-language community news operation.
AL006,Vida em Alabama,Alabama,community_orientation,diaspora_national_origin,specific national-origin/diaspora community signal detected,yes | Portuguese-language Brazilian-immigrant initiative within Hola Latino | explicitly created for new Brazilian immigrants; Portuguese-language information/news; print/digital content; advertising structure,Portuguese-language Brazilian-immigrant initiative within Hola Latino,verified_include_hosted_program,"Eligible as a hosted immigrant-serving media program, not a separate parent organization. Link to Hola Latino as host."
AK003,Alaska Korean Community News,Alaska,community_orientation,diaspora_national_origin,specific national-origin/diaspora community signal detected,yes | Korean-language newspaper and digital outlet | Current September 2026 publication; 2026 merger retained distinct publication identities with alternating print schedule,Korean-language newspaper and digital outlet,verified_include_core_shared_operation,Retain distinct outlet identity while linking operational consolidation with AK002.
AK002,Anchorage Korean News,Alaska,community_orientation,diaspora_national_origin,specific national-origin/diaspora community signal detected,yes | bilingual Korean-English newspaper and digital outlet | Current September 2026 Alaska and Korean-community reporting; 2026 merger reporting says it now operates jointly with Alaska Korean Community News,bilingual Korean-English newspaper and digital outlet,verified_include_core,Count as distinct editorial product but note shared operation.
AK001,Sol de Medianoche,Alaska,community_orientation,unclear,community orientation not explicit enough for deterministic coding,yes | bilingual Latino newspaper and digital outlet | Official site identifies itself as Alaska's first bilingual newspaper and says it serves Latino information needs; current September 2026 reporting and print edition visible,bilingual Latino newspaper and digital outlet,verified_include_core,Strong core inclusion.
AZ012,Asian Media Network,Arizona,community_orientation,unclear,community orientation not explicit enough for deterministic coding,"yes | Arizona-based Asian media parent/intermediary | operates Chinese, Filipino and Vietnamese print/radio/TV affiliates",Arizona-based Asian media parent/intermediary,classify_intermediary_host,Do not count as one outlet; link subsidiary products to host.
AZ011,Asian Sun Magazine,Arizona,community_orientation,unclear,community orientation not explicit enough for deterministic coding,"yes | quarterly AAHPI community magazine published by Arizona Asian Chamber | current Summer 2026 edition; culture, business and current events; statewide community reach",quarterly AAHPI community magazine published by Arizona Asian Chamber,verified_include_mixed_format,Eligible mixed-format community publication; not a hard-news newsroom.
AZ007,AZ Chinese News,Arizona,community_orientation,unclear,community orientation not explicit enough for deterministic coding,yes | Chinese community news product under Asian Media Network | parent identifies AZ Chinese News among Chinese affiliate publications,Chinese community news product under Asian Media Network,verified_include_with_parent_evidence,Include provisionally; direct publication page and cadence should be verified later.
AZ014,El Semanario / The Weekly Issue Arizona market,Arizona,community_orientation,unclear,community orientation not explicit enough for deterministic coding,yes | Colorado-based bilingual weekly serving Arizona | publisher states Arizona is one of six national markets,Colorado-based bilingual weekly serving Arizona,multistate_market_case,Do not count as Arizona-based newsroom; retain as Arizona-serving market case.
AZ008,Filipino American Journal,Arizona,community_orientation,diaspora_national_origin,specific national-origin/diaspora community signal detected,yes | biweekly Filipino-American publication under Asian Media Network | parent explicitly lists Filipino American Journal as biweekly affiliate,biweekly Filipino-American publication under Asian Media Network,verified_include_with_parent_evidence,Strong Filipino diaspora candidate; deeper direct-site coding needed.
AZ013,La Estrella de Tucsón,Arizona,community_orientation,language_community,language-serving function explicit but narrower community orientation not established,yes | historic Spanish-language newsroom | Tucson Spotlight documents rise and decline of immigrant-led original Spanish journalism,historic Spanish-language newsroom,exclude_inactive_archive,"Preserve as historical ecosystem case, not active core unless current operation is independently established."
AZ003,La Voz Arizona,Arizona,community_orientation,language_community,language-serving function explicit but narrower community orientation not established,yes | Spanish-language digital product within The Arizona Republic/Gannett | active Arizona Spanish-language news product serving Hispanic audiences,Spanish-language digital product within The Arizona Republic/Gannett,verified_include_hosted_language_product,Hosted/network-affiliated comparison case.
AZ006,Next Weekly,Arizona,community_orientation,diaspora_national_origin,specific national-origin/diaspora community signal detected,yes | Chinese-language weekly newspaper | founded 2002; statewide east/west distribution; editorials plus local/Hong Kong/Taiwan news,Chinese-language weekly newspaper,verified_include,Excellent Chinese diaspora/community outlet.
AZ002,Prensa Arizona,Arizona,community_orientation,language_community,language-serving function explicit but narrower community orientation not established,yes | Spanish-language print/digital community outlet | identified as one of Arizona's surviving Spanish-language print publications; active current site,Spanish-language print/digital community outlet,verified_include_with_secondary_evidence,Strong Spanish-language community news case; deeper institutional coding needed.
AZ009,Saigon Nho / Little Saigon Magazine Arizona,Arizona,community_orientation,diaspora_national_origin,specific national-origin/diaspora community signal detected,yes | Vietnamese-language weekly magazine/media product | parent explicitly lists Saigon Nho Magazine as weekly Vietnamese affiliate,Vietnamese-language weekly magazine/media product,verified_include_mixed_format,Useful Vietnamese community-media case.
AZ004,Telemundo Arizona,Arizona,community_orientation,language_community,language-serving function explicit but narrower community orientation not established,yes | Spanish-language local television newsroom | Phoenix Magazine documents established local Spanish-language newsroom and community-centered newsgathering,Spanish-language local television newsroom,verified_include,Strong network-affiliated Spanish-language case.
AZ005,Univision Arizona,Arizona,community_orientation,language_community,language-serving function explicit but narrower community orientation not established,yes | Spanish-language local television newsroom/network affiliate | current local Arizona Spanish-language news presence,Spanish-language local television newsroom/network affiliate,verified_include,Strong network-affiliated case.
AZ010,VAATV - Vietnamese American Arizona Television,Arizona,community_orientation,diaspora_national_origin,specific national-origin/diaspora community signal detected,yes | Vietnamese-American television/community media product | parent lists VAATV as Vietnamese affiliate platform,Vietnamese-American television/community media product,pending_deeper_verification,Retain; verify current schedule and sustained journalism/public-affairs share.
AR001,Arkansas GRITA,Arkansas,community_orientation,mixed_orientation,multiple or insufficiently specific community signals detected,yes | community-led nonprofit-style investigative newsroom | About page identifies mission as amplifying migrant-neighbor voices and publishes recurring 2026 investigations on immigration enforcement; team and editorial independence standards publicly listed,community-led nonprofit-style investigative newsroom,verified_include_core,Strong immigrant-centered investigative newsroom.
AR002,Chikin Melele News,Arkansas,community_orientation,diaspora_national_origin,specific national-origin/diaspora community signal detected,yes | Marshallese diaspora newspaper/digital outlet | Official site says it shares news across U.S. and Central Pacific in English Marshallese and Chuukese; founded in Springdale and active with 2026 reporting,Marshallese diaspora newspaper/digital outlet,verified_include_core,Strong diaspora journalism case with translocal scope.
AR003,La Prensa Libre AR,Arkansas,community_orientation,language_community,language-serving function explicit but narrower community orientation not established,yes | Spanish-language weekly newspaper owned by Northwest Arkansas Newspapers LLC | NWA Media identifies it as a weekly publication; September 2026 profile documents active two-person newsroom producing 16-page Spanish newspaper with 19 stories in latest issue,Spanish-language weekly newspaper owned by Northwest Arkansas Newspapers LLC,verified_include_core,Website identity is less clear than print/app presence but current operation is strongly documented.
AR004,Telemundo Arkansas,Arkansas,community_orientation,language_community,language-serving function explicit but narrower community orientation not established,yes | Spanish-language television and digital newsroom | Current site publishes daily Arkansas local news in Spanish and community coverage,Spanish-language television and digital newsroom,verified_include_core,Core language-serving broadcast/digital outlet.
CA026,Al Enteshar Newspaper,California,community_orientation,diaspora_national_origin,specific national-origin/diaspora community signal detected,yes | independent Arabic-English community newspaper | active weekly issues; office; independent ownership claim,independent Arabic-English community newspaper,verified_include,Strong Arab-American community-media case.
CA016,Alhambra Source,California,community_orientation,unclear,community orientation not explicit enough for deterministic coding,historically_yes | former nonprofit community newsroom | closure documented,former nonprofit community newsroom,exclude_inactive,"Closed in 2020. Retain only in archival/inactive registry, not active sampling frame."
CA008,Asian Journal,California,community_orientation,diaspora_national_origin,specific national-origin/diaspora community signal detected,yes | Filipino American newspaper/digital newsroom | current California coverage; editorial/newsroom structure visible,Filipino American newspaper/digital newsroom,verified_include,Explicit Filipino-American community newspaper with active California coverage.
CA030,Crossings TV,California,community_orientation,unclear,community orientation not explicit enough for deterministic coding,yes | multilingual Asian television network | multi-language news/information; market coverage; advertising structure,multilingual Asian television network,verified_include,Eligible as a multi-market institutional comparison; not a small local newsroom.
CA025,El Informador del Valle,California,community_orientation,language_community,language-serving function explicit but narrower community orientation not established,yes | Spanish-language local community newspaper | current news; print edition; local mission; donation support,Spanish-language local community newspaper,verified_include,Strong local immigrant/Latino-market candidate.
CA024,El Popular,California,community_orientation,unclear,community orientation not explicit enough for deterministic coding,yes | independent veteran-owned Latino newspaper | ownership; corporation; ethics/corrections policy; bilingual standards,independent veteran-owned Latino newspaper,verified_include,Strong independent institutional case.
CA003,India Currents,California,community_orientation,diaspora_national_origin,specific national-origin/diaspora community signal detected,yes | 501(c)(3) nonprofit digital newsroom | staff; leadership; funding; annual reports; INN membership,501(c)(3) nonprofit digital newsroom,verified_include,Strong institutional visibility and explicit Indian-diaspora mission.
CA019,KBBF 89.1 FM,California,community_orientation,unclear,community orientation not explicit enough for deterministic coding,yes | nonprofit multilingual community radio | board; nonprofit status; local public affairs; indigenous languages,nonprofit multilingual community radio,verified_include,Strong community-radio case.
CA010,Korea Daily / JoongAng Ilbo LA,California,community_orientation,diaspora_national_origin,specific national-origin/diaspora community signal detected,yes | Korean American newspaper/media network | mission; LA headquarters; immigrant-service orientation; regional network,Korean American newspaper/media network,verified_include,Excellent fit for institutional scale variation.
CA013,La Opinión,California,community_orientation,language_community,language-serving function explicit but narrower community orientation not established,yes | large commercial Spanish-language newsroom | editorial team; ownership; local/immigration mission,large commercial Spanish-language newsroom,verified_include,"Strong fit, but should later be coded as large/networked comparison case."
CA027,Myanmar Gazette,California,community_orientation,diaspora_national_origin,specific national-origin/diaspora community signal detected,likely_yes | Burmese community media | directory evidence only in current pass,Burmese community media,pending_verification,Keep candidate; current website and active publication need direct verification.
CA027,Myanmar Gazette,California,journalism_intensity,unclear,journalism centrality not explicit enough for deterministic coding,pending | Burmese community media | directory evidence only in current pass,Burmese community media,pending_verification,Keep candidate; current website and active publication need direct verification.
CA006,Nguoi Viet Daily News,California,community_orientation,diaspora_national_origin,specific national-origin/diaspora community signal detected,yes | Vietnamese-language daily newspaper | current public listings; longstanding Vietnamese community publication,Vietnamese-language daily newspaper,verified_include_with_site_limit,Official county list identifies current outlet; site blocks automated fetch.
CA004,Nichi Bei News,California,community_orientation,diaspora_national_origin,specific national-origin/diaspora community signal detected,yes | nonprofit ethnic/community newspaper | nonprofit foundation; staff; board; membership; community mission,nonprofit ethnic/community newspaper,verified_include,"Strong fit, especially for Japanese American community journalism and institutional variation."
CA028,Pakistan Times USA,California,community_orientation,diaspora_national_origin,specific national-origin/diaspora community signal detected,likely_yes | Pakistani community publication | directory evidence only in current pass,Pakistani community publication,pending_verification,Keep candidate; current website and active publication need direct verification.
CA028,Pakistan Times USA,California,journalism_intensity,unclear,journalism centrality not explicit enough for deterministic coding,pending | Pakistani community publication | directory evidence only in current pass,Pakistani community publication,pending_verification,Keep candidate; current website and active publication need direct verification.
CA018,Radio Bilingüe,California,community_orientation,language_community,language-serving function explicit but narrower community orientation not established,yes | nonprofit Spanish-language public radio network | mission; stations; funders; immigrant/farmworker audiences,nonprofit Spanish-language public radio network,verified_include,Strong fit and large nonprofit network case.
CA020,Radio Indígena,California,community_orientation,mixed_orientation,multiple or insufficiently specific community signals detected,yes | Indigenous-language community radio hosted by nonprofit | host organization; current programming; journalism program,Indigenous-language community radio hosted by nonprofit,verified_include,Strong hosted-media case serving Indigenous immigrant/farmworker communities.
CA005,Rafu Shimpo,California,community_orientation,unclear,community orientation not explicit enough for deterministic coding,yes | bilingual Japanese-English community newspaper | current publication; bilingual identity; advertising/sponsors visible,bilingual Japanese-English community newspaper,verified_include,"Active current newsroom. About page is sparse, but site identifies publication clearly."
CA023,San Fernando Valley Sun / El Sol,California,community_orientation,unclear,community orientation not explicit enough for deterministic coding,yes | bilingual local community newspaper | ownership statement; ethics/corrections policy; active Spanish section,bilingual local community newspaper,verified_include,Eligible; strong bilingual community-news case.
CA029,The Armenian Observer,California,community_orientation,unclear,community orientation not explicit enough for deterministic coding,likely_yes | Armenian community publication | directory evidence only in current pass,Armenian community publication,pending_verification,Keep candidate; current activity and institutional structure need verification.
CA029,The Armenian Observer,California,journalism_intensity,unclear,journalism centrality not explicit enough for deterministic coding,pending | Armenian community publication | directory evidence only in current pass,Armenian community publication,pending_verification,Keep candidate; current activity and institutional structure need verification.
CA009,The Korea Times Los Angeles,California,community_orientation,language_community,language-serving function explicit but narrower community orientation not established,yes | Korean-language daily newspaper | active Los Angeles e-paper; local/state/news sections,Korean-language daily newspaper,verified_include,Current LA edition verified through e-paper service.
CA007,Viet Bao Daily News,California,community_orientation,language_community,language-serving function explicit but narrower community orientation not established,yes | Vietnamese-language daily newspaper | current public listings; CEO/editor named,Vietnamese-language daily newspaper,verified_include_with_site_limit,Official county list identifies outlet; site blocks automated fetch.
CA011,World Journal California,California,community_orientation,language_community,language-serving function explicit but narrower community orientation not established,yes | Chinese-language commercial news organization | California corporate entity; Chinese-language journalism; LA/SF offices,Chinese-language commercial news organization,verified_include,Strong fit; useful large commercial comparison.
CO005,Colorado Chinese News,Colorado,community_orientation,diaspora_national_origin,specific national-origin/diaspora community signal detected,yes | Chinese-language newspaper/digital outlet | Denver Public Library lists it as Colorado Chinese News; current June 2026 issues documented,Chinese-language newspaper/digital outlet,verified_include_with_secondary_evidence,Strong Chinese-language diaspora case; deeper pass should add ownership/staff.
CO007,Telemundo Colorado / KDEN,Colorado,community_orientation,language_community,language-serving function explicit but narrower community orientation not established,yes | Spanish-language local television newsroom owned by NBCUniversal | dedicated local newsroom; multiple daily newscasts; statewide Spanish-speaking audience; current 2026 staffing and mission documented,Spanish-language local television newsroom owned by NBCUniversal,verified_include,Strong large-network comparison case.
CO008,Univision Colorado / Denver coverage,Colorado,community_orientation,language_community,language-serving function explicit but narrower community orientation not established,"yes | Spanish-language network/local-market news presence | current Denver/Colorado reporting exists, but a distinct current Colorado newsroom/market page is less clearly documented in this pass",Spanish-language network/local-market news presence,pending_deeper_verification,"Retain; verify local station ownership, staffing and newsroom structure before counting as distinct core outlet."
CT005,Brazilian Times II - Connecticut circulation,Connecticut,community_orientation,unclear,community orientation not explicit enough for deterministic coding,yes | Brazilian Portuguese newspaper based in Massachusetts with Connecticut circulation | publisher identifies Connecticut as part of Brazilian Times II circulation,Brazilian Portuguese newspaper based in Massachusetts with Connecticut circulation,multistate_market_case,Do not count as Connecticut-based newsroom.
CT007,Connecticut Brazilian/Danbury community media lead,Connecticut,community_orientation,diaspora_national_origin,specific national-origin/diaspora community signal detected,likely_yes_if_found | unresolved Portuguese/Brazilian media lead | first-pass search did not establish a distinct current Danbury-based newsroom separate from regional Brazilian media,unresolved Portuguese/Brazilian media lead,hold_unresolved,Retain for deeper Portuguese radio/print/social-media search; do not infer absence.
CT007,Connecticut Brazilian/Danbury community media lead,Connecticut,journalism_intensity,unclear,journalism centrality not explicit enough for deterministic coding,unresolved | unresolved Portuguese/Brazilian media lead | first-pass search did not establish a distinct current Danbury-based newsroom separate from regional Brazilian media,unresolved Portuguese/Brazilian media lead,hold_unresolved,Retain for deeper Portuguese radio/print/social-media search; do not infer absence.
CT004,ConnecticutLatino.com,Connecticut,community_orientation,language_community,language-serving function explicit but narrower community orientation not established,yes | Spanish-language statewide information/news portal | current site provides Connecticut news services events and directories for Latino/Hispanic communities,Spanish-language statewide information/news portal,verified_include_mixed_format,Hybrid portal; assess original reporting share in deeper pass.
CT004,ConnecticutLatino.com,Connecticut,journalism_intensity,journalism_primary,core inclusion plus explicit newsroom/news-publication evidence,mixed_news_directory | Spanish-language statewide information/news portal | current site provides Connecticut news services events and directories for Latino/Hispanic communities,Spanish-language statewide information/news portal,verified_include_mixed_format,Hybrid portal; assess original reporting share in deeper pass.
CT003,CT Mirror en Español,Connecticut,community_orientation,language_community,language-serving function explicit but narrower community orientation not established,yes_language_service | Spanish-language local-news product within nonprofit CT Mirror | current Spanish coverage created in partnership with Identidad Latina Multimedia,Spanish-language local-news product within nonprofit CT Mirror,verified_include_hosted_language_product,Important collaborative/hosted language-access model.
CT006,Identidad Latina Radio,Connecticut,community_orientation,unclear,community orientation not explicit enough for deterministic coding,yes | radio product within Identidad Latina Multimedia | current parent homepage identifies Identidad Latina Radio as part of multimedia operation,radio product within Identidad Latina Multimedia,verified_include_hosted_program,Link to CT002 host; do not double-count organization.
CT001,La Voz Hispana de Connecticut,Connecticut,community_orientation,language_community,language-serving function explicit but narrower community orientation not established,yes | Spanish-language weekly newspaper/digital outlet | active Sept. 2026; 135000+ weekly readership claim; distribution across Hartford New Haven Waterbury Bridgeport Norwalk and Stamford,Spanish-language weekly newspaper/digital outlet,verified_include,Strong statewide Latino newspaper.
DE006,Delaware Spanish-language radio lead,Delaware,community_orientation,language_community,language-serving function explicit but narrower community orientation not established,likely_yes_if_found | unresolved Spanish-language broadcast lead | no distinct journalism-focused Spanish radio newsroom firmly verified in first pass,unresolved Spanish-language broadcast lead,hold_unresolved,Retain for deeper FCC/station-program search; do not infer absence.
DE006,Delaware Spanish-language radio lead,Delaware,journalism_intensity,unclear,journalism centrality not explicit enough for deterministic coding,unresolved | unresolved Spanish-language broadcast lead | no distinct journalism-focused Spanish radio newsroom firmly verified in first pass,unresolved Spanish-language broadcast lead,hold_unresolved,Retain for deeper FCC/station-program search; do not infer absence.
DE004,El Mundo (Wilmington),Delaware,community_orientation,language_community,language-serving function explicit but narrower community orientation not established,yes | historic Spanish-language weekly newspaper | Library of Congress records weekly Spanish publication beginning in 1960; no current operation established,historic Spanish-language weekly newspaper,exclude_inactive_archive,Historical ecosystem case.
DE002,El Tiempo Hispano,Delaware,community_orientation,unclear,community orientation not explicit enough for deterministic coding,yes | bilingual print/digital newspaper published by Hola Delaware LLC | active Apr. 2026; Spotlight Delaware identifies it as Delaware's bilingual biweekly print/online newspaper with statewide mission,bilingual print/digital newspaper published by Hola Delaware LLC,verified_include,Strong statewide Latino newsroom with collaboration infrastructure.
DE005,Hola Delaware LLC,Delaware,community_orientation,unclear,community orientation not explicit enough for deterministic coding,yes | parent/host organization for El Tiempo Hispano | publisher/host identity documented in newspaper masthead and business directories,parent/host organization for El Tiempo Hispano,classify_intermediary_host,Do not count separately from DE002.
DE001,HOY en Delaware,Delaware,community_orientation,language_community,language-serving function explicit but narrower community orientation not established,yes | Spanish-language/Hispanic print-digital publication | founded 1996; active Sept. 2026; covers all three Delaware counties; explicit mission around Latino immigrant communities and local information,Spanish-language/Hispanic print-digital publication,verified_include,Excellent statewide Latino publication.
DC001,El Tiempo Latino,District of Columbia,community_orientation,language_community,language-serving function explicit but narrower community orientation not established,yes | Latino-owned Spanish-language print and digital newsroom | active 2026 local reporting; company describes outlet as DMV Spanish-language newsroom covering housing health politics culture and community needs,Latino-owned Spanish-language print and digital newsroom,verified_include,Clear core outlet.
DC006,Ethiopian Yellow Pages,District of Columbia,community_orientation,diaspora_national_origin,specific national-origin/diaspora community signal detected,yes | Ethiopian diaspora community directory and information institution | official site describes more than three decades connecting Ethiopian community with businesses services and culturally relevant information,Ethiopian diaspora community directory and information institution,classify_information_infrastructure_not_outlet,Important ecosystem institution but exclude from core journalism count.
DC004,Ethiopique,District of Columbia,community_orientation,diaspora_national_origin,specific national-origin/diaspora community signal detected,yes | independent Amharic-language local newsroom | official site identifies newsroom founded in 2022 serving Amharic-speaking immigrants with local policy elections community affairs and public information across DC Maryland Virginia,independent Amharic-language local newsroom,verified_include,Strong diaspora-language core outlet.
DC003,Metro Latino USA,District of Columbia,community_orientation,language_community,language-serving function explicit but narrower community orientation not established,yes | Spanish-language digital newsroom | active September 2026 DMV and immigration reporting; site states it was founded in Washington area in 2007 as an informational digital outlet,Spanish-language digital newsroom,verified_include,Clear core digital outlet.
DC005,Tiempo News,District of Columbia,community_orientation,language_community,language-serving function explicit but narrower community orientation not established,yes_latino_audience | national Spanish-language political analysis brand headquartered in DC | company describes national political analysis from Washington for Spanish-speaking professionals across the United States,national Spanish-language political analysis brand headquartered in DC,verified_include_national_scope,Retain as DC-based national Latino media operation; distinguish from local DMV outlet DC001.
FL002,Island TV,Florida,community_orientation,diaspora_national_origin,specific national-origin/diaspora community signal detected,yes | Caribbean/Haitian television network | current 2026 Haitian Creole news,Caribbean/Haitian television network,local South Florida community reporting and Haiti-focused political/current-affairs programming,https://ondemand.islandtv.tv/news
FL001,Le Floridien,Florida,community_orientation,diaspora_national_origin,specific national-origin/diaspora community signal detected,yes | independent bilingual Haitian-American newspaper | founded 2001; twice-monthly; current Sept. 2026 editions; South Florida distribution and diaspora reporting,independent bilingual Haitian-American newspaper,verified_include,Excellent Haitian diaspora newsroom.
FL010,Radyo FANM / Vwa FANM,Florida,community_orientation,diaspora_national_origin,specific national-origin/diaspora community signal detected,yes | Haitian Creole community radio program hosted by Family Action Network Movement | 2026 Little Haiti Book Festival guide documents 28-year program on WLVQ 1320 AM covering health,Haitian Creole community radio program hosted by Family Action Network Movement,economic empowerment,verified_include_hosted_program
FL005,Radyo Lekol,Florida,community_orientation,unclear,community orientation not explicit enough for deterministic coding,yes | Haitian Creole hosted educational-news program on WLRN | weekday 25-minute Haitian Creole news/information program produced by Miami-Dade County Public Schools,Haitian Creole hosted educational-news program on WLRN,verified_include_hosted_program,Important hosted public-service language program.
FL009,The Haitian Times - Florida service,Florida,community_orientation,diaspora_national_origin,specific national-origin/diaspora community signal detected,yes | Haitian-American national/diaspora newsroom based outside Florida | substantial Haitian diaspora reporting relevant to South Florida; not Florida-based,Haitian-American national/diaspora newsroom based outside Florida,multistate_market_case,Do not count as Florida-based; retain as major Florida-serving diaspora outlet.
FL003,WQVN 1360,Florida,community_orientation,diaspora_national_origin,specific national-origin/diaspora community signal detected,yes | Haitian community radio station | current schedule includes talk,Haitian community radio station,health,verified_include_mixed_format
FL003,WQVN 1360,Florida,journalism_intensity,unclear,journalism centrality not explicit enough for deterministic coding,mixed_news_talk_entertainment | Haitian community radio station | current schedule includes talk,Haitian community radio station,health,verified_include_mixed_format
FL004,WSRF 1580 AM / 99.5 FM,Florida,community_orientation,diaspora_national_origin,specific national-origin/diaspora community signal detected,yes | Haitian-American radio station | over four decades; Creole/French programming; local/international news and community talk across Miami,Haitian-American radio station,Fort Lauderdale and Palm Beach,https://wsrf.com/about-lat/
GA007,Atlanta Burmese Voice,Georgia,community_orientation,diaspora_national_origin,specific national-origin/diaspora community signal detected,yes | Burmese diaspora podcast hosted by Georgia Asian Times | parent site identifies podcast for Burmese community in metro Atlanta and Southeast,Burmese diaspora podcast hosted by Georgia Asian Times,verified_include_hosted_program,Program-level case; link to GA002 host.
GA004,Atlanta Chosun Today,Georgia,community_orientation,diaspora_national_origin,specific national-origin/diaspora community signal detected,yes | Korean-language newspaper/digital newsroom | current operation; published six days per week; nearly 40 years serving Atlanta Korean-American community,Korean-language newspaper/digital newsroom,verified_include,Excellent Korean diaspora newsroom.
GA005,Atlanta K,Georgia,community_orientation,diaspora_national_origin,specific national-origin/diaspora community signal detected,yes | Korean-American digital/community media outlet | 2026 media kit describes local news and issues affecting Korean-Americans in Southeast,Korean-American digital/community media outlet,verified_include_with_media_kit_evidence,Strong Korean community-media case; deeper pass should document ownership/team.
GA006,Georgia Korean Podcast,Georgia,community_orientation,diaspora_national_origin,specific national-origin/diaspora community signal detected,yes | Korean diaspora podcast hosted by Georgia Asian Times | parent site identifies dedicated podcast for Korean-American community,Korean diaspora podcast hosted by Georgia Asian Times,verified_include_hosted_program,Program-level case; link to GA002 host.
GA003,Mundo Hispánico / MundoNow,Georgia,community_orientation,unclear,community orientation not explicit enough for deterministic coding,yes | Atlanta-founded bilingual Latino media outlet | founded as Georgia's first Spanish-language news outlet; long-running local-community role; now bilingual/national under MundoNow brand,Atlanta-founded bilingual Latino media outlet,verified_include_multiscale,Include with note that current scale extends beyond Georgia.
GA008,Usapang Pinoy,Georgia,community_orientation,diaspora_national_origin,specific national-origin/diaspora community signal detected,yes | Filipino diaspora podcast hosted by Georgia Asian Times | parent site identifies podcast for Filipino diaspora community in metro Atlanta and Southeast,Filipino diaspora podcast hosted by Georgia Asian Times,verified_include_hosted_program,Program-level case; link to GA002 host.
HI001,Hawaii Filipino Chronicle,Hawaii,community_orientation,diaspora_national_origin,specific national-origin/diaspora community signal detected,yes | Filipino community newspaper | Current 2026 editions and articles; subscription page describes statewide Filipino readership and twice-monthly distribution,Filipino community newspaper,verified_include_core,Strong core diaspora/community press case.
HI005,Hawaii Hochi / Hawaii Herald,Hawaii,community_orientation,diaspora_national_origin,specific national-origin/diaspora community signal detected,yes | historic Japanese/Japanese American newspaper | Hawaii Hochi and Hawaii Herald ceased publication in December 2023; successor is The San Times,historic Japanese/Japanese American newspaper,exclude_inactive_archival,Retain only as predecessor/archival linkage; do not count as active outlet.
HI002,The Fil-Am Courier,Hawaii,community_orientation,diaspora_national_origin,specific national-origin/diaspora community signal detected,yes | Filipino community monthly print/digital publication | Official site identifies itself as Hawaii's leading Filipino publication founded 1987 and advertises monthly statewide circulation with relevant Filipino-American content,Filipino community monthly print/digital publication,verified_include_core,Strong core inclusion.
HI004,The San Times,Hawaii,community_orientation,diaspora_national_origin,specific national-origin/diaspora community signal detected,yes | Japanese American online community journalism project | Zentoku Foundation identifies San Times as an active initiative created after Hawaii Herald closure to sustain Japanese American journalism and cover Oahu Maui Kauai and Big Island,Japanese American online community journalism project,verified_include_core,Successor project to Hawaii Herald.
ID001,IdahoLatino.com,Idaho,community_orientation,language_community,language-serving function explicit but narrower community orientation not established,yes | Spanish-language Latino information portal | Current site provides statewide Latino information and a Noticias en Idaho section but first pass does not establish a sufficiently clear original-reporting cadence,Spanish-language Latino information portal,hold_borderline_information_portal,Retain for deeper editorial-content review; do not yet count as core newsroom.
ID002,Mosaics,Idaho,community_orientation,mixed_orientation,refugee orientation coexists with another explicit community orientation,yes | hosted refugee/immigrant public-affairs podcast | Active through July 2026 with recurring episodes centered on refugee and immigrant lived experience; presented by Idaho Office for Refugees and produced with SB Studios,hosted refugee/immigrant public-affairs podcast,verified_include_hosted_program,Strong hosted media product but parent is a service organization rather than newsroom.
IL020,Arab American News Chicago-area candidate,Illinois,community_orientation,diaspora_national_origin,specific national-origin/diaspora community signal detected,yes | Arab-American media candidate | no distinct current Illinois newsroom established; avoid conflating with Michigan-based Arab American News,Arab-American media candidate,hold_unresolved,Retain only as unresolved discovery lead.
IL020,Arab American News Chicago-area candidate,Illinois,journalism_intensity,unclear,journalism centrality not explicit enough for deterministic coding,unresolved | Arab-American media candidate | no distinct current Illinois newsroom established; avoid conflating with Michigan-based Arab American News,Arab-American media candidate,hold_unresolved,Retain only as unresolved discovery lead.
IL001,Borderless Magazine,Illinois,community_orientation,mixed_orientation,multiple or insufficiently specific community signals detected,yes | independent nonprofit immigration newsroom | 501(c)(3); English/Spanish; immigrant-centered mission; staff/programs/funding visible,independent nonprofit immigration newsroom,verified_include,Excellent core immigrant-journalism case.
IL008,Chicago Chinese News / Chicago Chinese Times,Illinois,community_orientation,diaspora_national_origin,specific national-origin/diaspora community signal detected,yes | Chinese-language weekly/digital newspaper | current 2026 publication; Chinese community reporting; app/digital editions; Chicago-area operation,Chinese-language weekly/digital newspaper,verified_include,Strong Chinese-language diaspora case.
IL015,Chicago Shimpo,Illinois,community_orientation,diaspora_national_origin,specific national-origin/diaspora community signal detected,yes | nonprofit Japanese-English digital newspaper | founded 1945; transitioned online 2022; 501(c)(3); explicit Nikkei/U.S.-Japan community mission,nonprofit Japanese-English digital newspaper,verified_include,Strong Japanese diaspora/community case.
IL005,Chinatown Spotlight,Illinois,community_orientation,unclear,community orientation not explicit enough for deterministic coding,yes | Chinese community outlet candidate | no sufficiently specific current outlet identity confirmed,Chinese community outlet candidate,hold_unresolved,Retain candidate only.
IL005,Chinatown Spotlight,Illinois,journalism_intensity,unclear,journalism centrality not explicit enough for deterministic coding,unresolved | Chinese community outlet candidate | no sufficiently specific current outlet identity confirmed,Chinese community outlet candidate,hold_unresolved,Retain candidate only.
IL014,Draugas,Illinois,community_orientation,diaspora_national_origin,specific national-origin/diaspora community signal detected,yes | Lithuanian-language newspaper with English-language sister publication | continuous Lithuanian publication since 1909; current Chicago editorial office; active 2026 institutional support,Lithuanian-language newspaper with English-language sister publication,verified_include,Strong diaspora newspaper case.
IL009,Dziennik Związkowy,Illinois,community_orientation,diaspora_national_origin,specific national-origin/diaspora community signal detected,yes | Polish-language newspaper/digital outlet | continuous publication since 1908; current 2026 Chicago/Illinois coverage; editorial contact and print/digital presence,Polish-language newspaper/digital outlet,verified_include,Strong Polish diaspora newsroom.
IL006,El Día Newspaper,Illinois,community_orientation,language_community,language-serving function explicit but narrower community orientation not established,yes | Spanish-language publication | site identity exists but current Chicago operation not sufficiently verified,Spanish-language publication,pending_verification,Retain pending direct evidence.
IL010,India Bulletin,Illinois,community_orientation,diaspora_national_origin,specific national-origin/diaspora community signal detected,yes | Indian-American community publication | publication identity known but current 2026 activity not confirmed,Indian-American community publication,pending_verification,Retain candidate.
IL011,India Tribune,Illinois,community_orientation,diaspora_national_origin,specific national-origin/diaspora community signal detected,yes | Indian-American biweekly newspaper/digital outlet | founded 1977 in Chicago; current 2026 publication; publisher/team/contact disclosed; national Indian-American readership,Indian-American biweekly newspaper/digital outlet,verified_include,Strong Indian diaspora news case.
IL013,Korea Times Chicago,Illinois,community_orientation,diaspora_national_origin,specific national-origin/diaspora community signal detected,yes | Korean-American print and digital newsroom | operating since 1971; current Chicago office; print/e-paper; Korean-American community mission,Korean-American print and digital newsroom,verified_include,Strong Korean diaspora case.
IL004,La Voz Chicago,Illinois,community_orientation,language_community,language-serving function explicit but narrower community orientation not established,yes | Spanish-language local/community outlet | candidate identity clear but current 2026 newsroom activity not firmly established,Spanish-language local/community outlet,pending_verification,Retain pending current cadence and ownership verification.
IL018,LATINEXT,Illinois,community_orientation,unclear,community orientation not explicit enough for deterministic coding,yes | bilingual news collaborative of The Chicago Reporter and Univision Chicago | active site; public-service journalism for Chicagoland Latinx communities; English/Spanish original reporting,bilingual news collaborative of The Chicago Reporter and Univision Chicago,verified_include_hosted_collaboration,Include as hosted collaborative; code parent organizations separately.
IL019,Nuevo Siglo,Illinois,community_orientation,language_community,language-serving function explicit but narrower community orientation not established,yes | Spanish-language community newspaper candidate | candidate appears in Chicago ethnic-media directories; current operation not verified,Spanish-language community newspaper candidate,pending_verification,Retain candidate.
IL016,Polish News,Illinois,community_orientation,language_community,language-serving function explicit but narrower community orientation not established,likely_yes | Polish-language outlet candidate | could overlap with other Polish publications; distinct current operation not established,Polish-language outlet candidate,hold_identity_resolution,Do not double-count without distinct evidence.
IL016,Polish News,Illinois,journalism_intensity,unclear,journalism centrality not explicit enough for deterministic coding,unresolved | Polish-language outlet candidate | could overlap with other Polish publications; distinct current operation not established,Polish-language outlet candidate,hold_identity_resolution,Do not double-count without distinct evidence.
IL017,Romanian Tribune,Illinois,community_orientation,mixed_orientation,multiple or insufficiently specific community signals detected,yes | Romanian-language community newspaper | archive confirms independent Chicago Romanian publication; current publication status unclear,Romanian-language community newspaper,pending_verification,Retain historical/current-unclear candidate.
IL012,Sanghamam,Illinois,community_orientation,unclear,community orientation not explicit enough for deterministic coding,likely_yes | South Asian community media candidate | exact current outlet identity/site not established,South Asian community media candidate,hold_unresolved,Retain candidate only.
IL012,Sanghamam,Illinois,journalism_intensity,unclear,journalism centrality not explicit enough for deterministic coding,unresolved | South Asian community media candidate | exact current outlet identity/site not established,South Asian community media candidate,hold_unresolved,Retain candidate only.
IN005,Desi.Net Indianapolis,Indiana,community_orientation,unclear,community orientation not explicit enough for deterministic coding,yes | local South Asian digital news vertical within Desi.Net network | active Sept. 2026 original local summaries focused on Sikh Punjabi and South Asian community developments,local South Asian digital news vertical within Desi.Net network,verified_include_network_local_vertical,Useful emerging network-local model; deeper pass should document ownership/editorial workflow.
IN006,Indiana Latino Institute media/information products,Indiana,community_orientation,unclear,community orientation not explicit enough for deterministic coding,yes | Latino service/advocacy organization information channel | produces community information but not a sustained independent newsroom,Latino service/advocacy organization information channel,classify_information_infrastructure_not_outlet,Keep as intermediary/context not core outlet.
IN001,La Voz de Indiana,Indiana,community_orientation,mixed_orientation,multiple or insufficiently specific community signals detected,yes | bilingual Latino newspaper/digital outlet | founded 1999 by immigrant/Latino publishers; active Aug. 2026 edition; statewide distribution; explicit Latino integration/information mission,bilingual Latino newspaper/digital outlet,verified_include,Excellent long-running statewide Latino case.
IN004,Macedonian Tribune,Indiana,community_orientation,diaspora_national_origin,specific national-origin/diaspora community signal detected,yes | diaspora newspaper published by Macedonian Patriotic Organization | founded 1927 by Macedono-Bulgarian immigrants and continues as MPO publication,diaspora newspaper published by Macedonian Patriotic Organization,verified_include_with_secondary_evidence,Important long-duration diaspora press case; verify 2026 publication cadence directly in deeper pass.
IN003,Telemundo Indy,Indiana,community_orientation,language_community,language-serving function explicit but narrower community orientation not established,yes | Spanish-language local television/digital newsroom | active Aug-Sept. 2026 local newscasts and immigration reporting,Spanish-language local television/digital newsroom,verified_include,Strong network/local newsroom case.
IA003,Common Thread Iowa,Iowa,community_orientation,mixed_orientation,multiple or insufficiently specific community signals detected,yes | social-first immigrant/refugee reporting project within New Day Iowa | launched July 2026 to cover Iowa refugee and immigrant communities overlooked by mainstream coverage,social-first immigrant/refugee reporting project within New Day Iowa,verified_include_hosted_program,Important emerging immigrant-focused newsroom/program; verify direct site/social channels in deeper pass.
IA004,Hola America / Quad Cities Iowa market,Iowa,community_orientation,unclear,community orientation not explicit enough for deterministic coding,yes | bilingual Latino newspaper/media group based in Quad Cities | founded 2000; explicitly serves western Illinois and eastern Iowa Latino communities,bilingual Latino newspaper/media group based in Quad Cities,multistate_market_case,Retain as Iowa-serving market case; avoid double-counting with Illinois.
IA002,Hola Iowa,Iowa,community_orientation,unclear,community orientation not explicit enough for deterministic coding,yes | bilingual Latino digital/news brand within Hola America Media Group | active Sept. 2026 Iowa reporting; parent group describes mission to inform and uplift Latino communities across Iowa and the Midwest,bilingual Latino digital/news brand within Hola America Media Group,verified_include,Strong statewide Latino news case.
IA001,La Prensa Iowa,Iowa,community_orientation,language_community,language-serving function explicit but narrower community orientation not established,yes | independent Spanish-language print/digital newspaper | founded 2006 by Nicaraguan immigrant journalist Lorena López; biweekly print plus digital; explicit focus on Spanish-speaking and Hispanic communities,independent Spanish-language print/digital newspaper,verified_include,Excellent immigrant-founded rural/local journalism case.
KS006,Informativo Hispano Americano,Kansas,community_orientation,unclear,community orientation not explicit enough for deterministic coding,yes | historic bilingual local newspaper | Kansas Reflector reported print publication ended during COVID-19 period though Facebook remained active,historic bilingual local newspaper,exclude_inactive_archive,"Historical ecosystem case, not active core."
KS005,KC Hispanic News,Kansas,community_orientation,unclear,community orientation not explicit enough for deterministic coding,"yes | bilingual weekly newspaper based in Kansas City, Missouri | current 2026 weekly includes Kansas City, Kansas community coverage","bilingual weekly newspaper based in Kansas City, Missouri",multistate_market_case,Market-serving but not Kansas-based.
KS002,KWCH Spanish-language news program,Kansas,community_orientation,language_community,language-serving function explicit but narrower community orientation not established,yes | Spanish-language local television news program within KWCH | KWCH journalist bio states Ana Valdez launched the station's Spanish-language news program,Spanish-language local television news program within KWCH,verified_include_hosted_program,Strong hosted/network newsroom case; identify program title/schedule in deeper pass.
KS007,La Estrella,Kansas,community_orientation,language_community,language-serving function explicit but narrower community orientation not established,yes | Spanish-language weekly associated with Dodge City Daily Globe | historical Kansas Press documentation confirms publication; current 2026 status not established,Spanish-language weekly associated with Dodge City Daily Globe,pending_verification,Retain pending current verification.
KS003,La Grande 1340 AM,Kansas,journalism_intensity,unclear,journalism centrality not explicit enough for deterministic coding,"mixed_news_entertainment | Spanish-language commercial/community radio | station states mission to serve Latino community and includes local news, community events and Spanish-language sports alongside music",Spanish-language commercial/community radio,verified_include_mixed_format,Eligible mixed-format case.
KS008,La Semana,Kansas,community_orientation,language_community,language-serving function explicit but narrower community orientation not established,yes | Spanish-language edition of Garden City Telegram | historical research documents La Semana as Spanish-language version; current 2026 operation not established,Spanish-language edition of Garden City Telegram,pending_verification,Retain as historical/current-unclear.
KS001,Planeta Venus,Kansas,community_orientation,unclear,community orientation not explicit enough for deterministic coding,"yes | bilingual/Spanish digital and print newsroom | statewide digital reach and print distribution in Wichita, Emporia, Great Bend, Coffeyville, Garden City, Dodge City, Liberal and other Latino communities; independent reporting and fact-checking",bilingual/Spanish digital and print newsroom,verified_include,Excellent statewide Latino journalism case.
KS009,Wichita Journalism Collaborative,Kansas,community_orientation,mixed_orientation,multiple or insufficiently specific community signals detected,partly | journalism collaborative/intermediary | current collaborative publishes partner work including Planeta Venus and other local outlets,journalism collaborative/intermediary,classify_intermediary_host,Important infrastructure layer; do not count as immigrant outlet.
KY002,El Kentubano,Kentucky,community_orientation,diaspora_national_origin,specific national-origin/diaspora community signal detected,yes | Cuban/Hispanic community publication with print/digital/radio elements | active Sept. 2026 edition; nearly 17 years and 200+ editions; explicit mission to serve Louisville and Lexington Hispanic community,Cuban/Hispanic community publication with print/digital/radio elements,verified_include_mixed_format,Strong Cuban diaspora/Hispanic community-media case.
KY004,Kentucky New Americans Media,Kentucky,journalism_intensity,unclear,journalism centrality not explicit enough for deterministic coding,unresolved | community-media discovery lead | Louisville immigrant-affairs materials reference KY New Americans Media but current newsroom identity/site not firmly established,community-media discovery lead,hold_unresolved,Retain for deeper identity verification.
KY003,La Voz de Kentucky,Kentucky,community_orientation,unclear,community orientation not explicit enough for deterministic coding,yes | historic bilingual Spanish-English newspaper | published biweekly from 2001 to 2019; UK Libraries preserves 185 digitized issues,historic bilingual Spanish-English newspaper,exclude_inactive_archive,Important historical ecosystem case.
LA008,Crocodile Broadcasting / Mayavision,Louisiana,community_orientation,language_community,language-serving function explicit but narrower community orientation not established,yes | Spanish-language broadcast parent/host organization | operates Telemundo New Orleans Telemundo Baton Rouge Tropical 105.7 and Latino Mix 97.5; documented as major Spanish-language broadcast owner serving southeast Louisiana,Spanish-language broadcast parent/host organization,classify_host_infrastructure_not_outlet,Use as parent/host record and do not double-count separately as an outlet.
LA005,New Orleans Mới,Louisiana,community_orientation,diaspora_national_origin,specific national-origin/diaspora community signal detected,yes | Vietnamese-language nonprofit digital community news site | site states it covers New Orleans U.S. Vietnam world affairs economy culture and Vietnamese community activity and operates as a nonprofit community service,Vietnamese-language nonprofit digital community news site,verified_include_core,Strong Vietnamese-language diaspora case; organizational details beyond self-description remain thin.
LA006,Qué Pasa Newspaper,Louisiana,community_orientation,language_community,language-serving function explicit but narrower community orientation not established,yes | Spanish-language print/digital community publication | 2026 issues publicly available; publication describes focus as art culture and entertainment in New Orleans and Lake Charles,Spanish-language print/digital community publication,borderline_retain_not_core,Retain in frame but do not count as core journalism until sustained news/public-affairs production is established.
LA006,Qué Pasa Newspaper,Louisiana,journalism_intensity,unclear,journalism centrality not explicit enough for deterministic coding,mixed | Spanish-language print/digital community publication | 2026 issues publicly available; publication describes focus as art culture and entertainment in New Orleans and Lake Charles,Spanish-language print/digital community publication,borderline_retain_not_core,Retain in frame but do not count as core journalism until sustained news/public-affairs production is established.
LA007,Saigon Nhỏ - New Orleans edition,Louisiana,community_orientation,diaspora_national_origin,specific national-origin/diaspora community signal detected,yes | Vietnamese-language local edition/site linked to Vietnamese-American publication | site contains New Orleans Vietnamese community material and was updated at least into 2026 for classifieds; first-pass search did not establish current sustained original-news cadence,Vietnamese-language local edition/site linked to Vietnamese-American publication,pending_verification,Possible multistate/local-edition case; retain for deeper review before core inclusion.
LA003,Tropical 105.7 FM / KGLA,Louisiana,community_orientation,language_community,language-serving function explicit but narrower community orientation not established,yes | Spanish-language commercial radio station | weekday schedule includes local New Orleans news national news sports and talk/public-affairs programs; station serves Hispanic communities of southeast Louisiana,Spanish-language commercial radio station,verified_include_core,Radio case with sustained scheduled journalism; ownership linked to Crocodile Broadcasting.
LA004,VIVA NOLA Magazine,Louisiana,community_orientation,unclear,community orientation not explicit enough for deterministic coding,yes | bilingual Latino/Hispanic print and digital publication | self-described print/digital bilingual publication; Latino/Hispanic perspective; active 2026 news/community coverage; independently documented as bi-monthly print outlet,bilingual Latino/Hispanic print and digital publication,verified_include_core,Journalism is mixed with lifestyle/culture and promotional content but sustained community reporting is visible.
ME002,Maine Public News Connect,Maine,community_orientation,language_community,language-serving function explicit but narrower community orientation not established,yes_language_service | multilingual news initiative within Maine Public | weekly translated stories/newsletters designed with immigrant-rights and Congolese/Angolan community partners,multilingual news initiative within Maine Public,verified_include_hosted_language_product,Strong hosted language-access journalism model.
ME004,Maine Public News Connect - French,Maine,community_orientation,language_community,language-serving function explicit but narrower community orientation not established,yes | French-language product within Maine Public News Connect | current subscription page offers weekly French news bulletins,French-language product within Maine Public News Connect,verified_include_hosted_program,Product-level case; link to ME002.
ME005,Maine Public News Connect - Portuguese,Maine,community_orientation,language_community,language-serving function explicit but narrower community orientation not established,yes | Portuguese-language product within Maine Public News Connect | current subscription page offers weekly Portuguese news,Portuguese-language product within Maine Public News Connect,verified_include_hosted_program,Product-level case; link to ME002.
ME003,Maine Public News Connect - Somali,Maine,community_orientation,language_community,language-serving function explicit but narrower community orientation not established,yes | Somali-language product within Maine Public News Connect | current subscription page offers weekly Somali newscasts/newsletters,Somali-language product within Maine Public News Connect,verified_include_hosted_program,Product-level case; link to ME002.
ME006,Maine Public News Connect - Spanish,Maine,community_orientation,language_community,language-serving function explicit but narrower community orientation not established,yes | Spanish-language product within Maine Public News Connect | current subscription page offers weekly Spanish news,Spanish-language product within Maine Public News Connect,verified_include_hosted_program,Product-level case; link to ME002.
ME007,Twin Cities Media,Maine,community_orientation,unclear,community orientation not explicit enough for deterministic coding,"claims_yes | claimed multilingual local-news outlet | recent reporting raised substantial questions about fabricated staff, AI-generated content and false multilingual claims",claimed multilingual local-news outlet,exclude_unverified_authenticity,Do not include in active sampling frame without independent verification of real newsroom operation.
MD005,Brazilian Times II - Maryland circulation,Maryland,community_orientation,diaspora_national_origin,specific national-origin/diaspora community signal detected,yes | Brazilian Portuguese newspaper based in Massachusetts with Maryland circulation | publisher states Brazilian Times II expanded to Maryland in 2019,Brazilian Portuguese newspaper based in Massachusetts with Maryland circulation,multistate_market_case,Do not count as Maryland-based; useful Brazilian diaspora market case.
MD004,El Tiempo Latino - Maryland service,Maryland,community_orientation,language_community,language-serving function explicit but narrower community orientation not established,yes | Spanish-language regional newsroom based in Washington DC | current 2026 coverage explicitly serves DC Maryland and Virginia and includes Maryland state/local reporting,Spanish-language regional newsroom based in Washington DC,multistate_market_case,Major Maryland-serving outlet but not Maryland-based.
MD003,Latin Opinion,Maryland,community_orientation,language_community,language-serving function explicit but narrower community orientation not established,yes | Baltimore-based Spanish-language media network | WYPR interviewed founder Erick Oribio in July 2026 and identified Latin Opinion as a Baltimore-based Spanish-language media network,Baltimore-based Spanish-language media network,verified_include_with_secondary_evidence,Promising core case; direct website
MD006,Maryland Ethiopian/Amharic media lead,Maryland,community_orientation,diaspora_national_origin,specific national-origin/diaspora community signal detected,likely_yes_if_found | unresolved diaspora-media lead | first-pass searches did not establish a distinct current Maryland-based Ethiopian/Amharic newsroom,unresolved diaspora-media lead,hold_unresolved,Retain for deeper community-radio satellite TV and diaspora-directory search; do not infer absence.
MD006,Maryland Ethiopian/Amharic media lead,Maryland,journalism_intensity,unclear,journalism centrality not explicit enough for deterministic coding,unresolved | unresolved diaspora-media lead | first-pass searches did not establish a distinct current Maryland-based Ethiopian/Amharic newsroom,unresolved diaspora-media lead,hold_unresolved,Retain for deeper community-radio satellite TV and diaspora-directory search; do not infer absence.
MD002,MarylandHispano.com,Maryland,community_orientation,language_community,language-serving function explicit but narrower community orientation not established,yes | Spanish-language statewide community portal | explicitly serves Latino/Hispanic communities across Maryland cities and counties with news,Spanish-language statewide community portal,services and events,https://www.marylandhispano.com/noticias/
MD002,MarylandHispano.com,Maryland,journalism_intensity,unclear,journalism centrality not explicit enough for deterministic coding,mixed_news_directory | Spanish-language statewide community portal | explicitly serves Latino/Hispanic communities across Maryland cities and counties with news,Spanish-language statewide community portal,services and events,https://www.marylandhispano.com/noticias/
MD001,Washington Hispanic,Maryland,community_orientation,language_community,language-serving function explicit but narrower community orientation not established,yes | Spanish-language weekly/digital newspaper | company headquarters documented in Silver Spring; founded 1994; serves Spanish-speaking DMV communities,Spanish-language weekly/digital newspaper,verified_include_with_directory_evidence,Strong Maryland-based Latino newspaper; deeper pass should use current outlet contact/about page if available.
MD007,Washington Hispanic DMV products,Maryland,community_orientation,unclear,community orientation not explicit enough for deterministic coding,yes | supplement/digital products within Washington Hispanic | host publishes related community information products under same organization,supplement/digital products within Washington Hispanic,classify_hosted_product_or_duplicate,Do not double-count separately from MD001 unless product-level analysis requires it.
MA006,Boston Orange,Massachusetts,community_orientation,diaspora_national_origin,specific national-origin/diaspora community signal detected,yes | Chinese-language community reporting publication/blog | active Sept. 2026 original reporting from Massachusetts Chinese-American community events and institutions,Chinese-language community reporting publication/blog,verified_include_mixed_format,Useful community-reporting case; deeper pass should document ownership and publication cadence.
MA003,Brazilian Times,Massachusetts,community_orientation,diaspora_national_origin,specific national-origin/diaspora community signal detected,yes | Brazilian Portuguese print/digital/radio media organization | founded 1988; Somerville headquarters; twice-weekly New England print plus digital/radio; explicit Brazilian diaspora mission,Brazilian Portuguese print/digital/radio media organization,verified_include,Excellent Brazilian diaspora newsroom.
MA002,El Mundo Boston,Massachusetts,community_orientation,language_community,language-serving function explicit but narrower community orientation not established,yes | long-running Spanish-language print/digital newspaper | active Sept. 2026 weekly print editions and local/community reporting; operating since 1972,long-running Spanish-language print/digital newspaper,verified_include,Excellent longstanding Latino press case.
MA001,El Planeta,Massachusetts,community_orientation,language_community,language-serving function explicit but narrower community orientation not established,yes | Latino/family-owned Spanish-language local newsroom within Tiempo Company | 20+ years; local focus on immigration education business and Latino empowerment; current digital/print reach statewide,Latino/family-owned Spanish-language local newsroom within Tiempo Company,verified_include,Excellent core Latino newsroom.
MA005,Khmer Post USA,Massachusetts,community_orientation,diaspora_national_origin,specific national-origin/diaspora community signal detected,yes | Cambodian-American digital news/community outlet | active Sept. 2026 reporting on Lowell Cambodian community; UMass Lowell identifies Khmer Post USA as archive/community partner,Cambodian-American digital news/community outlet,verified_include,Strong refugee/diaspora community case.
MA008,Massachusetts multicultural radio/TV outlets,Massachusetts,journalism_intensity,unclear,journalism centrality not explicit enough for deterministic coding,mixed | state-listed multicultural media cluster | Massachusetts Governor's Office maintains current multicultural-media list including Haitian Creole Spanish Vietnamese Chinese Korean Brazilian Portuguese and other outlets,state-listed multicultural media cluster,classify_discovery_cluster_not_single_outlet,Use this as discovery source; verify individual outlets before counting.
MA007,The Boston Korea,Massachusetts,community_orientation,language_community,language-serving function explicit but narrower community orientation not established,yes | Korean-language news organization | listed as registered news organization by Massachusetts Supreme Judicial Court with Allston location,Korean-language news organization,verified_include_with_directory_evidence,Strong lead; direct current website and newsroom structure should be added later.
MI006,Bangla Shangbad,Michigan,community_orientation,diaspora_national_origin,specific national-origin/diaspora community signal detected,"yes | Bangladeshi community newspaper | New Michigan Media identifies publisher Iqbal Hussein, circulation 7,000 and readership over 20,000; listed as current 2026 partner",Bangladeshi community newspaper,verified_include_with_directory_evidence,Include provisionally; locate direct current site and staff/contact details in deeper pass.
MI007,Chaldean News,Michigan,community_orientation,diaspora_national_origin,specific national-origin/diaspora community signal detected,yes | English-language monthly/digital Chaldean community news publication owned by Chaldean Community Foundation | current Sept. 2026 issue; publication of record since 2004; community foundation ownership; staff reporting; Michigan/Iraq diaspora coverage,English-language monthly/digital Chaldean community news publication owned by Chaldean Community Foundation,verified_include,Excellent Iraqi-Chaldean diaspora case; host organization is publicly visible.
MI009,MI Asian,Michigan,community_orientation,unclear,community orientation not explicit enough for deterministic coding,yes | Asian/Korean publication associated with Michigan Korean Weekly | New Michigan Media names same publisher for Michigan Korean Weekly and MI Asian; distinct editorial structure not established,Asian/Korean publication associated with Michigan Korean Weekly,classify_related_product_pending,Do not double-count until a distinct sustained publication/newsroom is confirmed.
MI012,Michigan Chronicle,Michigan,community_orientation,diaspora_national_origin,specific national-origin/diaspora community signal detected,unclear_as_immigrant_serving | historic Black community newspaper | active 2026 Detroit journalism; New Michigan Media partner,historic Black community newspaper,comparison_or_exclude_core,Keep outside core immigrant frame unless sustained immigrant/diaspora service is demonstrated.
MI005,Michigan Korean Weekly,Michigan,community_orientation,diaspora_national_origin,specific national-origin/diaspora community signal detected,yes | Korean-language weekly/digital newsroom | current Sept. 2026 Michigan,Korean-language weekly/digital newsroom,immigration and U.S. reporting; publisher/editor named; local address and contact; Korean-community mission,https://michigankoreans.com/about
MI010,New Michigan Media,Michigan,community_orientation,mixed_orientation,multiple or insufficiently specific community signals detected,yes | nonprofit ethnic/minority media network and intermediary | current 2026 network; 140+ ethnic/minority media connections; board of major publishers; journalism initiatives,nonprofit ethnic/minority media network and intermediary,grants,classify_intermediary_host
MI014,Polish Media Center,Michigan,community_orientation,unclear,community orientation not explicit enough for deterministic coding,yes | host portal within Polish Institute of Culture & Research | The Polish Weekly is described as central pillar of the Polish Media Center; shared editorial infrastructure,host portal within Polish Institute of Culture & Research,classify_intermediary_host,Do not double-count separately from The Polish Weekly; use as host organization/infrastructure.
MI013,Sada Al-Watan,Michigan,community_orientation,diaspora_national_origin,specific national-origin/diaspora community signal detected,"yes | Arabic-language edition/brand of The Arab American News | same Dearborn address, contact and weekly distribution structure as The Arab American News",Arabic-language edition/brand of The Arab American News,classify_duplicate_language_edition,Do not count separately from MI001; preserve as Arabic-language product/edition.
MI001,The Arab American News,Michigan,community_orientation,diaspora_national_origin,specific national-origin/diaspora community signal detected,yes | bilingual Arabic-English weekly newspaper | founded 1984; weekly; Dearborn headquarters; English/Arabic; current 2026 reporting; explicit Arab American audience,bilingual Arabic-English weekly newspaper,verified_include,Strong core diaspora/immigrant-serving outlet and one of Michigan's major ethnic news institutions.
MI011,The Detroit Jewish News,Michigan,community_orientation,diaspora_national_origin,specific national-origin/diaspora community signal detected,partly | Jewish community newspaper/digital outlet | current community journalism and New Michigan Media membership,Jewish community newspaper/digital outlet,boundary_comparison,Diaspora/community comparison case
MI008,The Polish Weekly / Tygodnik Polski,Michigan,community_orientation,diaspora_national_origin,specific national-origin/diaspora community signal detected,yes | bilingual Polish-English digital publication within Polish Media Center | current 2026 publication; continuous tradition from Detroit Polish press; editor/staff identified; Polish Institute host,bilingual Polish-English digital publication within Polish Media Center,verified_include_hosted_program,Strong Polish diaspora case; code Polish Media Center/Polish Institute as host infrastructure.
MI002,The Yemeni American,Michigan,community_orientation,diaspora_national_origin,specific national-origin/diaspora community signal detected,yes | Yemeni American bilingual newspaper/digital outlet | current 2026 local/community reporting; Dearborn/Hamtramck coverage; Yemeni American focus; English/Arabic publication history,Yemeni American bilingual newspaper/digital outlet,verified_include,Excellent core case with highly specific immigrant/diaspora public.
MN021,3HMONGTV / Hmong Broadcasting Company,Minnesota Verification Batch1,community_orientation,diaspora_national_origin,specific national-origin/diaspora community signal detected,yes | community television/digital media network | history; mission; community journalism; active news output,community television/digital media network,verified_include,Active Hmong media network with current news and community journalism.
MN019,Hmong Radio Broadcast,Minnesota Verification Batch1,community_orientation,diaspora_national_origin,specific national-origin/diaspora community signal detected,yes | commercial radio station | woman-owned; commercial; news/community education mission,commercial radio station,verified_include,Explicit Hmong community news and education mission; serves Twin Cities and western Wisconsin.
MN003,Hmong Times,Minnesota Verification Batch1,community_orientation,diaspora_national_origin,specific national-origin/diaspora community signal detected,yes | community newspaper | active site; Hmong community news,community newspaper,verified_include,Active Hmong American newspaper; institutional structure needs deeper coding.
MN006,KALY Somali American Radio,Minnesota Verification Batch1,community_orientation,diaspora_national_origin,specific national-origin/diaspora community signal detected,yes | community radio program hosted by Somali American Community | mission; host organization; underwriting sponsors,community radio program hosted by Somali American Community,verified_include,Somali-language radio explicitly serving Somali and East African immigrants.
MN004,Korean Quarterly,Minnesota Verification Batch1,community_orientation,unclear,community orientation not explicit enough for deterministic coding,yes | 501(c)(3) nonprofit publication | staff; nonprofit status; donations; advertising; subscriptions,501(c)(3) nonprofit publication,verified_include,Strong institutional visibility on staff page.
MN002,Somali Media of Minnesota,Minnesota Verification Batch1,community_orientation,diaspora_national_origin,specific national-origin/diaspora community signal detected,yes | nonprofit digital newsroom | mission; immigrant-serving orientation; multilingual/home-language focus,nonprofit digital newsroom,verified_include,Founded in 2023; explicit nonprofit digital newsroom for Horn of Africa immigrants.
MN009,The Somali American,Minnesota Verification Batch1,community_orientation,diaspora_national_origin,specific national-origin/diaspora community signal detected,yes | print/digital community publication | media kit; circulation; Somali community orientation,print/digital community publication,verified_include,Current website active; media kit documents print/online publication serving Somali community.
MS005,El Pueblo media programs,Mississippi,community_orientation,mixed_orientation,multiple or insufficiently specific community signals detected,yes | immigrant-service organization with Spanish media activity | director has created Spanish radio programs and publishes La Noticias de MS; organization itself is service/advocacy infrastructure rather than newsroom,immigrant-service organization with Spanish media activity,classify_information_infrastructure_not_outlet,Link to MS001; do not double-count organization as outlet.
MS002,La Costa Latina - Mississippi Gulf Coast service,Mississippi,community_orientation,language_community,language-serving function explicit but narrower community orientation not established,yes | regional Spanish-language newspaper serving Gulf Coast markets | regional outlet provides Spanish-language coverage to Mississippi Gulf Coast but is based outside Mississippi,regional Spanish-language newspaper serving Gulf Coast markets,multistate_market_case,Do not count as Mississippi-based newsroom; retain as market-serving outlet.
MS003,Mississippi Today en Español,Mississippi,community_orientation,language_community,language-serving function explicit but narrower community orientation not established,yes_language_service | Spanish-language translated stories within statewide nonprofit newsroom | Mississippi Today maintains En Español archive and published 2026 Spanish translation of immigration-enforcement coverage,Spanish-language translated stories within statewide nonprofit newsroom,verified_include_hosted_language_product,Hosted language-access product; parent newsroom is general-interest.
MS004,Vietnamese Gulf Coast community media lead,Mississippi,community_orientation,diaspora_national_origin,specific national-origin/diaspora community signal detected,likely_yes_if_found | gap-search lead | first-pass search found substantial Vietnamese-community reporting but no distinct current Vietnamese-language newsroom,gap-search lead,hold_unresolved,Retain for deeper community/FCC/social search.
MO003,Red Latina STL,Missouri,community_orientation,unclear,community orientation not explicit enough for deterministic coding,yes | bilingual Latino digital/news-magazine platform | 25-year St. Louis Latino media organization; active 2026 daily/biweekly reporting on immigration education public affairs and community life,bilingual Latino digital/news-magazine platform,verified_include_mixed_format,Strong St. Louis Latino media case.
MO007,Reyes Media Group,Missouri,community_orientation,language_community,language-serving function explicit but narrower community orientation not established,yes | Spanish-language media parent/host organization | parent organization for Dos Mundos and related Spanish-language media products,Spanish-language media parent/host organization,classify_intermediary_host,Do not double-count as an outlet.
MO006,Sehara Tribune,Missouri,community_orientation,language_community,language-serving function explicit but narrower community orientation not established,yes | historic Bosnian-language newspaper | launched in 2009 as St. Louis Bosnian biweekly; current 2026 operation not established,historic Bosnian-language newspaper,pending_verification,Retain as historical/current-unclear candidate.
MO005,St. Louis Bosnian,Missouri,community_orientation,unclear,community orientation not explicit enough for deterministic coding,yes | digital archive/community-history platform | preserves Bosnian community stories and links to contemporary/historical articles; original newsroom structure not clearly established,digital archive/community-history platform,comparison_or_information_platform,Useful Bosnian community information infrastructure but not yet a clearly verified newsroom.
MO005,St. Louis Bosnian,Missouri,journalism_intensity,unclear,journalism centrality not explicit enough for deterministic coding,mixed_archive_curated_news | digital archive/community-history platform | preserves Bosnian community stories and links to contemporary/historical articles; original newsroom structure not clearly established,digital archive/community-history platform,comparison_or_information_platform,Useful Bosnian community information infrastructure but not yet a clearly verified newsroom.
MO004,St. Louis Chinese American News,Missouri,community_orientation,diaspora_national_origin,specific national-origin/diaspora community signal detected,yes | weekly bilingual Chinese-American newspaper | founded 1990; 6000 weekly copies; broad St. Louis metro distribution; explicit Chinese/Asian community mission,weekly bilingual Chinese-American newspaper,verified_include,Excellent Chinese diaspora/community case.
MT003,Independent non-English newsroom gap lead,Montana,community_orientation,unclear,community orientation not explicit enough for deterministic coding,likely_if_found | gap-search lead | LOR Foundation statewide media landscape inventory reported no Spanish-language or other non-English news and information outlets,gap-search lead,hold_unresolved,Documented first-pass gap; do not interpret as proof of total absence.
MT002,Montana Latino News / HDN Noticias Latinas,Montana,community_orientation,language_community,language-serving function explicit but narrower community orientation not established,yes_language_target | Spanish-language digital site | site is active in 2026 but visible homepage is dominated by national/international syndicated and PR content with weak evidence of sustained Montana reporting,Spanish-language digital site,pending_verification,Retain candidate; deeper content sampling needed before inclusion.
MT001,Noticias Montaña,Montana,community_orientation,language_community,language-serving function explicit but narrower community orientation not established,yes | independent Spanish-language digital newspaper | 2021 Telemundo/NBC profile identifies Samantha Suazo as founder in 2020 and describes it as Montana's only Spanish-language local/regional news publication,independent Spanish-language digital newspaper,pending_verification,Retain as strong historical/recent lead but do not count as active core until 2026 cadence is verified.
NE003,Hola Nebraska,Nebraska,community_orientation,unclear,community orientation not explicit enough for deterministic coding,"yes | fully bilingual digital news platform | active 2026 Nebraska news; explicitly dedicated to Latino voices, stories and contributions statewide",fully bilingual digital news platform,verified_include,Strong current bilingual case.
NE006,KZUM en Español,Nebraska,community_orientation,language_community,language-serving function explicit but narrower community orientation not established,yes | Spanish-language hosted public-radio/news partnership | KZUM explicitly partners with programmers and Mundo Latino so Spanish-speaking communities can stay informed,Spanish-language hosted public-radio/news partnership,verified_include_hosted_program,Strong hosted/community-radio case.
NE002,Mundo Latino Network,Nebraska,community_orientation,diaspora_national_origin,specific national-origin/diaspora community signal detected,yes | immigrant-founded Spanish-language community media outlet | founded in 1999 by Mexican immigrant communications professional; explicit mission to provide locally relevant information beyond translated news,immigrant-founded Spanish-language community media outlet,verified_include,Strong immigrant-founded institutional case.
NE007,Mundo Latino on KZUM,Nebraska,community_orientation,language_community,language-serving function explicit but narrower community orientation not established,yes | hosted Spanish-language information/news partnership | partnership is public and current; organizational identity overlaps with NE002,hosted Spanish-language information/news partnership,classify_hosted_program_or_duplicate,Do not double-count separately from Mundo Latino unless program-level analysis requires it.
NE005,Radio Lobo,Nebraska,community_orientation,language_community,language-serving function explicit but narrower community orientation not established,yes | Spanish-language radio service within Flood Communications | shares Spanish-language media infrastructure with Telemundo Nebraska; journalism/public-affairs share not fully documented in first pass,Spanish-language radio service within Flood Communications,pending_deeper_verification,Retain and code program mix later.
NE005,Radio Lobo,Nebraska,journalism_intensity,unclear,journalism centrality not explicit enough for deterministic coding,mixed_news_entertainment | Spanish-language radio service within Flood Communications | shares Spanish-language media infrastructure with Telemundo Nebraska; journalism/public-affairs share not fully documented in first pass,Spanish-language radio service within Flood Communications,pending_deeper_verification,Retain and code program mix later.
NE004,Telemundo Nebraska,Nebraska,community_orientation,language_community,language-serving function explicit but narrower community orientation not established,yes | Spanish-language local television newsroom within Flood Communications | state's first network affiliate delivering local Spanish news; weekday 5PM and 10PM local newscasts; statewide/multimarket reach,Spanish-language local television newsroom within Flood Communications,verified_include,Strong network-affiliated comparison case.
NV010,El Mundo Las Vegas,Nevada,community_orientation,language_community,language-serving function explicit but narrower community orientation not established,yes | historic Spanish-language weekly | Nevada Independent reported print ceased in 2025 after 45 years,historic Spanish-language weekly,exclude_inactive_archive,"Keep as historical ecosystem case, not active-frame outlet."
NV002,El Nuevo Mundo,Nevada,community_orientation,language_community,language-serving function explicit but narrower community orientation not established,yes | Spanish-language newspaper/digital outlet | active Sept. 2026 print/digital issues; local reporting; explicit tagline serving Hispanics in Southern Nevada,Spanish-language newspaper/digital outlet,verified_include,Strong current Spanish-language community newsroom.
NV003,Entérate Vegas,Nevada,community_orientation,language_community,language-serving function explicit but narrower community orientation not established,yes | Spanish-language digital local-news outlet | current local Spanish reporting; explicitly positions itself as filling Las Vegas Spanish-news gap after El Tiempo and El Mundo print closures,Spanish-language digital local-news outlet,verified_include,Strong emerging digital Spanish-language case.
NV008,K-LasVegas / Las Vegas Korean Magazine,Nevada,community_orientation,diaspora_national_origin,specific national-origin/diaspora community signal detected,"yes | Korean-American monthly magazine run by nonprofit media foundation | current Sept. 2026 issue; nonprofit Korean media foundation; community profiles, columns and local information",Korean-American monthly magazine run by nonprofit media foundation,verified_include_mixed_format,Useful institutional contrast with Korean newspapers; code journalism share separately.
NV005,Las Vegas Chinese Daily News,Nevada,community_orientation,diaspora_national_origin,specific national-origin/diaspora community signal detected,yes | Chinese community newspaper/digital outlet | current Sept. 2026 site; describes itself as leading Chinese community newspaper in Las Vegas; dedicated reporters and local distribution,Chinese community newspaper/digital outlet,verified_include,Strong Chinese diaspora/local-news case.
NV006,Las Vegas Korean News,Nevada,community_orientation,diaspora_national_origin,specific national-origin/diaspora community signal detected,"yes | Korean-language community newspaper | issue 1569 dated Sept. 14-27, 2026; extensive current print/digital publication",Korean-language community newspaper,verified_include_with_secondary_evidence,Strong current Korean-community newspaper; direct primary website/ownership should be added later.
NV012,Nevada Immigrant Coalition News,Nevada,community_orientation,mixed_orientation,multiple or insufficiently specific community signals detected,yes | immigrant advocacy coalition information channel | active 2026 news/press releases and immigrant information; organizational advocacy rather than newsroom,immigrant advocacy coalition information channel,classify_information_infrastructure_not_outlet,Do not count in core outlet frame; useful intermediary/information infrastructure later.
NV001,Philippine Times of Southern Nevada,Nevada,community_orientation,diaspora_national_origin,specific national-origin/diaspora community signal detected,yes | bilingual English-Tagalog Filipino-American newspaper/digital outlet | current Sept. 2026 issues; biweekly publication; local team; Filipino-American audience; print/digital subscriptions,bilingual English-Tagalog Filipino-American newspaper/digital outlet,verified_include,Excellent Filipino diaspora/community-news case.
NV011,PHLV Radio,Nevada,community_orientation,diaspora_national_origin,specific national-origin/diaspora community signal detected,yes | Filipino-American radio/digital media outlet | recognized as trusted voice for Las Vegas Filipino community; current brand/activity referenced by Philippine Times,Filipino-American radio/digital media outlet,verified_include_mixed_format,Retain as mixed-format Filipino community media; deeper pass should code news/public-affairs share.
NV011,PHLV Radio,Nevada,journalism_intensity,unclear,journalism centrality not explicit enough for deterministic coding,mixed_news_entertainment | Filipino-American radio/digital media outlet | recognized as trusted voice for Las Vegas Filipino community; current brand/activity referenced by Philippine Times,Filipino-American radio/digital media outlet,verified_include_mixed_format,Retain as mixed-format Filipino community media; deeper pass should code news/public-affairs share.
NV007,The Las Vegas Times / Korean Las Vegas Times,Nevada,community_orientation,diaspora_national_origin,specific national-origin/diaspora community signal detected,"yes | Korean-language biweekly newspaper | current 2026 issues identify Las Vegas office/contact, publisher and biweekly publication schedule",Korean-language biweekly newspaper,verified_include_with_secondary_evidence,Strong Korean diaspora case; direct website may need technical verification.
NV009,VietLasVegas.com,Nevada,community_orientation,diaspora_national_origin,specific national-origin/diaspora community signal detected,yes | Vietnamese-language community information/news site | active 2026 archive and Vietnamese Las Vegas news/events/announcements,Vietnamese-language community information/news site,verified_include_mixed_format,Eligible as community information/news platform; deeper pass should assess original reporting share.
NV009,VietLasVegas.com,Nevada,journalism_intensity,journalism_primary,core inclusion plus explicit newsroom/news-publication evidence,mixed_news_information | Vietnamese-language community information/news site | active 2026 archive and Vietnamese Las Vegas news/events/announcements,Vietnamese-language community information/news site,verified_include_mixed_format,Eligible as community information/news platform; deeper pass should assess original reporting share.
NH005,New Hampshire independent Latino media lead,New Hampshire,community_orientation,language_community,language-serving function explicit but narrower community orientation not established,likely_yes_if_found | unresolved independent Latino-media lead | first-pass search did not identify a distinct current independent newsroom beyond NHPR's Spanish-language initiative,unresolved independent Latino-media lead,hold_unresolved,Do not interpret as absence; retain for directory/community search.
NH005,New Hampshire independent Latino media lead,New Hampshire,journalism_intensity,unclear,journalism centrality not explicit enough for deterministic coding,unresolved | unresolved independent Latino-media lead | first-pass search did not identify a distinct current independent newsroom beyond NHPR's Spanish-language initiative,unresolved independent Latino-media lead,hold_unresolved,Do not interpret as absence; retain for directory/community search.
NH004,Rumbo - New Hampshire market,New Hampshire,community_orientation,language_community,language-serving function explicit but narrower community orientation not established,"yes | Spanish-language weekly based in Lawrence, Massachusetts | historically served Nashua and Manchester; current 2026 operation not established in first pass","Spanish-language weekly based in Lawrence, Massachusetts",pending_verification,Retain as historical/multistate market case pending current evidence.
NJ006,Central Desi,New Jersey,community_orientation,unclear,community orientation not explicit enough for deterministic coding,yes | community-run South Asian news platform | launched in 2022 specifically to tell nuanced stories of New Jersey's South Asian communities,community-run South Asian news platform,verified_include,Excellent community-focused South Asian journalism case.
NJ008,Desi.Net Edison,New Jersey,community_orientation,unclear,community orientation not explicit enough for deterministic coding,yes | local South Asian digital news vertical within Desi.Net network | active 2026 original local summaries focused on Edison South Asian community,local South Asian digital news vertical within Desi.Net network,verified_include_network_local_vertical,Useful social/digital network-local model.
NJ010,Korea Daily / Korea Times NJ market,New Jersey,community_orientation,diaspora_national_origin,specific national-origin/diaspora community signal detected,yes | regional Korean-language dailies serving New Jersey | strong New Jersey audience/coverage but newsroom-base identity unresolved in this pass,regional Korean-language dailies serving New Jersey,multistate_market_case,Retain for location-resolution; avoid double-counting regional NY/NJ editions.
NJ003,Korean Bergen News,New Jersey,community_orientation,diaspora_national_origin,specific national-origin/diaspora community signal detected,yes | local Korean-language print/digital newspaper | publisher states weekly publication since 1996 and exclusive Bergen County Korean-community focus,local Korean-language print/digital newspaper,verified_include,Excellent local Korean diaspora newsroom.
NJ005,News India Times,New Jersey,community_orientation,diaspora_national_origin,specific national-origin/diaspora community signal detected,yes | Indian-American newspaper within Parikh Worldwide Media | publisher headquartered in Edison; active Sept. 2026 New Jersey community coverage alongside national diaspora reporting,Indian-American newspaper within Parikh Worldwide Media,verified_include_multiscale,Strong South Asian diaspora newsroom; national scale should be coded separately.
NJ004,NJ Information Magazine,New Jersey,community_orientation,diaspora_national_origin,specific national-origin/diaspora community signal detected,yes | Korean-American monthly magazine/community-media product | current Sept. 2026 issue; Fort Lee and Palisades Park offices; Korean-American community focus,Korean-American monthly magazine/community-media product,verified_include_mixed_format,Eligible mixed-format Korean community publication.
NJ004,NJ Information Magazine,New Jersey,journalism_intensity,unclear,journalism centrality not explicit enough for deterministic coding,mixed_articles_information | Korean-American monthly magazine/community-media product | current Sept. 2026 issue; Fort Lee and Palisades Park offices; Korean-American community focus,Korean-American monthly magazine/community-media product,verified_include_mixed_format,Eligible mixed-format Korean community publication.
NJ009,NJ Spotlight News en Español,New Jersey,community_orientation,language_community,language-serving function explicit but narrower community orientation not established,yes_language_service | Spanish-language vertical within general nonprofit/state public-media newsroom | NJ PBS documents recurring Spanish translations and distribution partnerships including Reporte Hispano,Spanish-language vertical within general nonprofit/state public-media newsroom,verified_include_hosted_language_product,Hosted language-access product rather than immigrant-specific parent newsroom.
NJ007,Panjab Express,New Jersey,community_orientation,diaspora_national_origin,specific national-origin/diaspora community signal detected,yes | Punjabi-English digital newspaper published by BKS TIMES LLC | publisher based in Avenel; covers New Jersey U.S. Punjab and diaspora affairs; editorial and corrections policies public,Punjabi-English digital newspaper published by BKS TIMES LLC,verified_include,Strong Punjabi diaspora case with visible editorial infrastructure.
NJ001,Radio Jornalera NJ,New Jersey,community_orientation,mixed_orientation,multiple or insufficiently specific community signals detected,yes | grassroots immigrant-worker radio/digital outlet launched by Resistencia en Acción | active 2026 on-the-ground reporting; eight shows; Spanish-speaking immigrant-worker audience; volunteer/community journalism model,grassroots immigrant-worker radio/digital outlet launched by Resistencia en Acción,verified_include_with_secondary_evidence,Excellent immigrant-led grassroots media case; direct website/social metadata should be added later.
NJ002,Reporte Hispano,New Jersey,community_orientation,language_community,language-serving function explicit but narrower community orientation not established,yes | Spanish-language print/digital news outlet | active Sept. 2026 local New Jersey immigration health economy and community reporting,Spanish-language print/digital news outlet,verified_include,Strong current statewide Latino newsroom.
NM004,Camino Real,New Mexico,community_orientation,language_community,language-serving function explicit but narrower community orientation not established,yes | Spanish-language print outlet/market publication | recognized in New Mexico statute as official Spanish newspaper; ecosystem report identifies Camino Real print in El Paso,Spanish-language print outlet/market publication,multistate_or_location_resolution,Do not count as New Mexico-based until office/publication base is resolved.
NM006,El Hispano,New Mexico,community_orientation,language_community,language-serving function explicit but narrower community orientation not established,yes | Spanish-language newspaper | recognized by state statute as official Spanish-language newspaper but current journalism operation not established,Spanish-language newspaper,pending_verification,"Statutory recognition is useful discovery evidence, not sufficient alone for active-frame inclusion."
NM005,El Semanario / The Weekly Issue New Mexico market,New Mexico,community_orientation,unclear,community orientation not explicit enough for deterministic coding,yes | Colorado-based bilingual weekly serving New Mexico market | publisher lists New Mexico among six markets; corporate office in Colorado,Colorado-based bilingual weekly serving New Mexico market,multistate_market_case,Market-serving but not New Mexico-based; avoid double counting.
NM009,El Semanario de Nuevo Mexico,New Mexico,community_orientation,language_community,language-serving function explicit but narrower community orientation not established,yes | Spanish-language newspaper identity | state statute recognizes title; relationship to The Weekly Issue/El Semanario unresolved,Spanish-language newspaper identity,hold_identity_resolution,Resolve whether this is same as multistate El Semanario before counting.
NM003,KMVR-FM,New Mexico,community_orientation,language_community,language-serving function explicit but narrower community orientation not established,yes | Spanish-language local radio news outlet | 2025 ecosystem study identifies KMVR-FM as one of four outlets providing local news in Spanish,Spanish-language local radio news outlet,verified_include_with_ecosystem_evidence,Important non-metro Spanish-language radio case; deeper programming/ownership coding needed.
NM007,Más New Mexico,New Mexico,community_orientation,language_community,language-serving function explicit but narrower community orientation not established,yes | Spanish-language newspaper | recognized by New Mexico statute as official Spanish-language newspaper; current activity not established,Spanish-language newspaper,pending_verification,Retain pending current newsroom verification.
NM010,Navajo-language local news outlets,New Mexico,community_orientation,mixed_orientation,multiple or insufficiently specific community signals detected,no_under_immigrant_definition | Indigenous-language local news outlets | 2025 ecosystem study identifies three Navajo-language local outlets,Indigenous-language local news outlets,exclude_core_indigenous_not_immigrant,Important for broader language-access context but outside immigrant-journalism core sample.
NM008,Santa Fe New Mexican Spanish-language product,New Mexico,community_orientation,diaspora_national_origin,specific national-origin/diaspora community signal detected,"partly | mainstream local newsroom with statutory Spanish legal-notice role | active 2026 newsroom; statute recognizes paper for Spanish legal notices, but sustained immigrant-serving Spanish journalism not demonstrated",mainstream local newsroom with statutory Spanish legal-notice role,comparison_or_exclude_core,Do not count as immigrant-serving core on legal-notice status alone.
NM001,Telemundo Nuevo México,New Mexico,community_orientation,language_community,language-serving function explicit but narrower community orientation not established,yes | Spanish-language local television newsroom | 2025 statewide ecosystem study identifies Telemundo TV as one of only four outlets providing local news in Spanish,Spanish-language local television newsroom,verified_include_with_ecosystem_evidence,Strong Spanish local-news case; add station call sign/ownership/direct site in deeper pass.
NM002,Univision Nuevo México,New Mexico,community_orientation,language_community,language-serving function explicit but narrower community orientation not established,yes | Spanish-language local television newsroom | 2025 statewide ecosystem study identifies Univision TV among only four local Spanish-news outlets,Spanish-language local television newsroom,verified_include_with_ecosystem_evidence,Strong local Spanish-news case; direct local station metadata should be added later.
NY003,Africa in Harlem,New York,community_orientation,diaspora_national_origin,specific national-origin/diaspora community signal detected,yes | multilingual African immigrant/diaspora community news site | founder; explicit African immigrant/African Diaspora mission; Harlem focus,multilingual African immigrant/diaspora community news site,verified_include,Very strong core case.
NY010,Akhon Samoy,New York,community_orientation,diaspora_national_origin,specific national-origin/diaspora community signal detected,yes | Bangladeshi/Bengali community weekly | widely listed as New York Bangla community newspaper; direct institutional page not verified,Bangladeshi/Bengali community weekly,pending_deeper_verification,"Retain; verify active site, ownership and cadence."
NY031,AKTINA FM / AKTINA TV,New York,community_orientation,unclear,community orientation not explicit enough for deterministic coding,yes | Greek/Cypriot nonprofit broadcast programming | Greek/Cypriot community mission; radio/TV programming,Greek/Cypriot nonprofit broadcast programming,pending_deeper_verification,Retain; verify current 2026 schedule and journalism/public-affairs share.
NY025,Alhawadeth for Arab Americans,New York,community_orientation,diaspora_national_origin,specific national-origin/diaspora community signal detected,yes | Arabic-English Arab-American newspaper/site | Arab-American community-media identity; current publication cadence not firmly verified,Arabic-English Arab-American newspaper/site,pending_verification,Keep candidate; obtain current 2026 activity before inclusion.
NY011,Bangla Patrika,New York,community_orientation,diaspora_national_origin,specific national-origin/diaspora community signal detected,yes | Bangladeshi community newspaper | Bangla diaspora publication identity clear; direct current institutional evidence incomplete,Bangladeshi community newspaper,pending_deeper_verification,Retain candidate pending direct 2026 verification.
NY012,Bangladesh Pratidin USA,New York,community_orientation,diaspora_national_origin,specific national-origin/diaspora community signal detected,yes | Bengali-language diaspora edition | U.S./New York Bangla edition identity; current institutional structure not fully verified,Bengali-language diaspora edition,pending_deeper_verification,Retain candidate; verify local edition and staff.
NY041,Black Star News,New York,community_orientation,diaspora_national_origin,specific national-origin/diaspora community signal detected,partly | Black/African diaspora-oriented news outlet | African and Black diaspora coverage; broader Black politics/news mission,Black/African diaspora-oriented news outlet,boundary_comparison,Potential African-diaspora comparison; not clearly immigrant-serving as primary mission.
NY040,BronxNet community immigrant-language programming,New York,community_orientation,mixed_orientation,multiple or insufficiently specific community signals detected,yes_at_program_level | community access media host/platform | multilingual/community programming; Bronx nonprofit media infrastructure,community access media host/platform,classify_host_program_level,Important host infrastructure. Identify individual sustained immigrant-language journalism programs before counting outlets.
NY034,Caribbean American Weekly,New York,community_orientation,diaspora_national_origin,specific national-origin/diaspora community signal detected,yes | Caribbean diaspora publication | known Caribbean-community title; current site/cadence not verified,Caribbean diaspora publication,pending_verification,Retain candidate pending current direct evidence.
NY033,Caribbean Life,New York,community_orientation,diaspora_national_origin,specific national-origin/diaspora community signal detected,yes | Caribbean community newspaper/digital outlet | current Caribbean/NY local coverage; diaspora audience; network ownership visible,Caribbean community newspaper/digital outlet,verified_include,Strong Caribbean diaspora community case.
NY036,Caribbean People,New York,community_orientation,unclear,community orientation not explicit enough for deterministic coding,yes | Caribbean community media outlet | directory-level candidate only,Caribbean community media outlet,pending_verification,Retain candidate; verify exact outlet identity and current publication.
NY035,Caribbean Times,New York,community_orientation,mixed_orientation,multiple or insufficiently specific community signals detected,yes | Caribbean community newspaper | candidate identity exists in ethnic-media directories; current operation unclear,Caribbean community newspaper,pending_verification,Do not include until 2026 activity is confirmed.
NY016,Desi Talk New York,New York,community_orientation,diaspora_national_origin,specific national-origin/diaspora community signal detected,yes | Indian-American weekly within Parikh Worldwide Media | explicit NY-NJ-CT edition; shared parent/staff; weekly publication,Indian-American weekly within Parikh Worldwide Media,move_to_new_jersey_or_multistate,Serve New York strongly but parent/corporate base is New Jersey. Preserve as NY-market outlet with NJ host.
NY045,Diario Las Américas New York presence candidate,New York,community_orientation,language_community,language-serving function explicit but narrower community orientation not established,yes_latino | Spanish-language newspaper based in Florida | no distinct New York-based operation established,Spanish-language newspaper based in Florida,exclude_from_new_york,Do not count in New York state frame absent a distinct NY operation.
NY001,Documented,New York,community_orientation,mixed_orientation,multiple or insufficiently specific community signals detected,yes | independent nonprofit immigrant newsroom | nonprofit; team; board; supporters; ethics/editorial policies; multilingual reporting,independent nonprofit immigrant newsroom,verified_include,Excellent core case: explicitly reports with and for immigrant communities in NYC.
NY008,El Correo NY,New York,community_orientation,language_community,language-serving function explicit but narrower community orientation not established,yes | Spanish-language local outlet | candidate appears conflated with Noticia Long Island in discovery,Spanish-language local outlet,hold_identity_resolution,Resolve whether this is a distinct outlet or duplicate/legacy name before inclusion.
NY005,El Diario / La Prensa,New York,community_orientation,language_community,language-serving function explicit but narrower community orientation not established,yes | large commercial Spanish-language multimedia newsroom; ImpreMedia | editorial guidelines; newsroom; NY office; local/immigration mission; network affiliation,large commercial Spanish-language multimedia newsroom; ImpreMedia,verified_include,Strong networked commercial comparison; local and immigration information explicitly core.
NY004,Feet in 2 Worlds,New York,community_orientation,mixed_orientation,multiple or insufficiently specific community signals detected,yes | independent nonprofit immigrant-journalist news/training organization | mission; INN/LION membership; podcasts/digital stories; donor disclosure; editorial independence,independent nonprofit immigrant-journalist news/training organization,verified_include,Strong hybrid newsroom/training case centered on immigrant journalists and stories.
NY026,ForumDaily,New York,community_orientation,diaspora_national_origin,specific national-origin/diaspora community signal detected,yes | Russian-language digital newsroom | Brooklyn legal address; journalists in multiple U.S. cities; Russian-speaking America mission; immigration and U.S. news,Russian-language digital newsroom,verified_include,Very strong Russian-speaking immigrant/diaspora case.
NY037,Forward,New York,community_orientation,diaspora_national_origin,specific national-origin/diaspora community signal detected,partly | nonprofit Jewish news organization | nonprofit newsroom; Jewish community/diaspora coverage; English/Yiddish heritage,nonprofit Jewish news organization,boundary_comparison,"Not primarily immigrant-serving today; retain as diaspora/boundary comparison, not core frame."
NY032,French Morning,New York,community_orientation,diaspora_national_origin,specific national-origin/diaspora community signal detected,yes | French-language digital news/media network | active U.S. Francophone news; New York origin/presence; multi-city reach,French-language digital news/media network,verified_include,Strong Francophone diaspora/expatriate case.
NY038,Jewish Telegraphic Agency,New York,community_orientation,diaspora_national_origin,specific national-origin/diaspora community signal detected,partly | nonprofit Jewish global news service | sustained journalism; Jewish/diaspora focus; global network,nonprofit Jewish global news service,boundary_comparison,Important diaspora-media comparator but not clearly immigrant-serving under core inclusion rule.
NY020,K-Radio AM 1660,New York,community_orientation,diaspora_national_origin,specific national-origin/diaspora community signal detected,yes | Korean-American radio station | Korean-language community broadcast identity; news/public-affairs share requires deeper check,Korean-American radio station,pending_deeper_verification,"Retain; verify current ownership, schedule and journalism share."
NY014,Khasokhas,New York,community_orientation,diaspora_national_origin,specific national-origin/diaspora community signal detected,yes | Nepali community news portal/weekly | ownership; weekly frequency; Queens-centered immigrant audience; explicit U.S. Nepali community mission,Nepali community news portal/weekly,verified_include,Excellent core immigrant-media case.
NY018,Korea Daily New York,New York,community_orientation,diaspora_national_origin,specific national-origin/diaspora community signal detected,yes | Korean-language community daily/edition | NY headquarters/address; explicit immigrant-life information mission; Korean-community advocacy,Korean-language community daily/edition,verified_include,Strong Korean immigrant-serving case.
NY019,Korea Times New York,New York,community_orientation,diaspora_national_origin,specific national-origin/diaspora community signal detected,yes | Korean-language metropolitan daily/edition | established New York edition; Korean-community readership; direct local institutional detail limited,Korean-language metropolitan daily/edition,verified_include_with_secondary_evidence,Include with later deeper institutional coding.
NY028,Kurier Plus,New York,community_orientation,diaspora_national_origin,specific national-origin/diaspora community signal detected,yes | Polish-language weekly newspaper | current 2026 weekly issues; New York/Polonia coverage,Polish-language weekly newspaper,verified_include,Strong active Polish diaspora case.
NY042,New York Amsterdam News,New York,community_orientation,diaspora_national_origin,specific national-origin/diaspora community signal detected,unclear | historic Black community newspaper | active Harlem/Black community journalism,historic Black community newspaper,comparison_or_exclude_core,Keep outside core immigrant frame unless sustained immigrant/diaspora service is demonstrated.
NY015,News India Times,New York,community_orientation,diaspora_national_origin,specific national-origin/diaspora community signal detected,yes | Indian-American weekly within Parikh Worldwide Media | editor/staff; weekly; national Indian-American audience; NY office; corporate HQ now New Jersey,Indian-American weekly within Parikh Worldwide Media,move_to_new_jersey_or_multistate,"Do not count as New York-based in strict state frame; parent corporate office is in New Jersey, though it serves NY and has a NY office."
NY044,Noticia Long Island,New York,community_orientation,language_community,language-serving function explicit but narrower community orientation not established,yes | Spanish-language Long Island community newspaper/digital outlet | Latino local-news identity; Long Island community focus,Spanish-language Long Island community newspaper/digital outlet,pending_deeper_verification,Strong candidate; verify current ownership/cadence and resolve duplication with NY008.
NY029,Nowy Dziennik / Polish Weekly,New York,community_orientation,diaspora_national_origin,specific national-origin/diaspora community signal detected,yes | Polish-language weekly serving New York metro | active Polish diaspora news; current publisher/headquarters reported in New Jersey,Polish-language weekly serving New York metro,move_to_new_jersey_or_multistate,Do not count as strictly New York-based if state coding follows current institutional headquarters; preserve as NY-market outlet.
NY017,Parikh Worldwide Media,New York,community_orientation,diaspora_national_origin,specific national-origin/diaspora community signal detected,"yes | Indian-American media parent/group | owns/publishes News India Times, Desi Talk, Gujarat Times and other properties",Indian-American media parent/group,classify_intermediary_host,"Do not count as an outlet. Add to host/network table, based in New Jersey."
NY043,Queens Latino,New York,community_orientation,language_community,language-serving function explicit but narrower community orientation not established,likely_yes | unresolved Spanish-language local candidate | exact current outlet identity not established,unresolved Spanish-language local candidate,hold_unresolved,Do not include until a distinct current organization is verified.
NY043,Queens Latino,New York,journalism_intensity,unclear,journalism centrality not explicit enough for deterministic coding,unresolved | unresolved Spanish-language local candidate | exact current outlet identity not established,unresolved Spanish-language local candidate,hold_unresolved,Do not include until a distinct current organization is verified.
NY027,Russian Bazaar,New York,community_orientation,diaspora_national_origin,specific national-origin/diaspora community signal detected,yes | Russian-language community newspaper | active brand/site; longstanding Brooklyn Russian-speaking readership,Russian-language community newspaper,pending_deeper_verification,Retain; current institutional page/ownership needs verification.
NY021,Sing Tao Daily New York,New York,community_orientation,diaspora_national_origin,specific national-origin/diaspora community signal detected,yes | Chinese-language daily/community edition | longstanding NY operation; local/international news; immigrant Chinese readership,Chinese-language daily/community edition,verified_include_with_secondary_evidence,Strong diaspora case; update with direct 2026 institutional page later.
NY023,SinoVision,New York,community_orientation,language_community,language-serving function explicit but narrower community orientation not established,yes | former Chinese-language television network | historical NYC Chinese-language network; television network reported closed Sept. 2024,former Chinese-language television network,exclude_inactive,Retain in archival registry only unless a successor digital newsroom is separately verified.
NY002,The Haitian Times,New York,community_orientation,diaspora_national_origin,specific national-origin/diaspora community signal detected,yes | Haitian diaspora newsroom | current reporting; donation-supported journalism; newsroom by/for Haitians; diaspora coverage,Haitian diaspora newsroom,verified_include,Strong core diaspora case; current site blocked on some pages but active publication is clear.
NY030,The National Herald,New York,community_orientation,diaspora_national_origin,specific national-origin/diaspora community signal detected,yes | Greek-American newspaper/digital newsroom | Greek diaspora news; English/Greek coverage; NYC institutional presence,Greek-American newspaper/digital newsroom,verified_include,Strong Greek-American diaspora case.
NY013,Weekly Thikana,New York,community_orientation,diaspora_national_origin,specific national-origin/diaspora community signal detected,yes | Bangladeshi diaspora multi-platform media group | founded in NY; newspaper/IPTV/digital; diaspora mission; government/community campaigns,Bangladeshi diaspora multi-platform media group,verified_include,Very strong Bangladeshi diaspora institutional case.
NY022,World Journal New York,New York,community_orientation,language_community,language-serving function explicit but narrower community orientation not established,yes | large Chinese-language commercial newspaper/network | NY headquarters; daily Chinese-language journalism; multi-city network,large Chinese-language commercial newspaper/network,verified_include,Strong large-network comparison.
NC005,Alianza NC,North Carolina,community_orientation,unclear,community orientation not explicit enough for deterministic coding,yes | student-led bilingual newspaper | founded 2025; monthly academic-year issues; editors listed; explicit migrant Latiné mission,student-led bilingual newspaper,verified_include,Eligible despite small/student-led structure; analytically valuable emerging-newsroom case.
NC007,Asian Herald,North Carolina,community_orientation,diaspora_national_origin,specific national-origin/diaspora community signal detected,yes | multilingual Asian community newspaper | City of Charlotte documents Korean/Vietnamese/Chinese/English publication history and large regional reach,multilingual Asian community newspaper,pending_verification,Historically important; current publication activity was not firmly established in this pass.
NC006,El Faro (Beacon Media NC),North Carolina,community_orientation,language_community,language-serving function explicit but narrower community orientation not established,yes | Spanish-language hosted public-affairs/news program within Beacon Media | named hosts/producers; immigration and state-politics episodes; partnerships with journalists/community organizations,Spanish-language hosted public-affairs/news program within Beacon Media,verified_include_hosted_program,Include as a hosted program and link to Beacon Media as parent/intermediary.
NC012,Hola News,North Carolina,community_orientation,language_community,language-serving function explicit but narrower community orientation not established,yes | Spanish-language digital news outlet | active 2026 Charlotte/Carolinas coverage; immigration and local community reporting,Spanish-language digital news outlet,verified_include,"Strong current outlet; verify ownership and relationship, if any, to other regional Spanish-media groups in deeper pass."
NC011,La Conexión USA,North Carolina,community_orientation,language_community,language-serving function explicit but narrower community orientation not established,"yes | Spanish-language digital/community news outlet | active 2026 local North Carolina news; immigration, politics, education and community sections",Spanish-language digital/community news outlet,verified_include,Strong current Spanish-language local-news candidate; ownership/staff need deeper coding.
NC008,Latino Communications / Qué Pasa Media Network,North Carolina,community_orientation,unclear,community orientation not explicit enough for deterministic coding,yes | corporate/organizational identity associated with Qué Pasa Media | BBB identifies Latino Communications LLC as alternate name for Qué Pasa Media Network,corporate/organizational identity associated with Qué Pasa Media,classify_host_or_duplicate,Do not double-count as a separate outlet from Qué Pasa/Acción Hispana without evidence of a distinct newsroom.
NC009,Mi Gente Newspaper,North Carolina,journalism_intensity,unclear,journalism centrality not explicit enough for deterministic coding,unresolved | unresolved Latino community newspaper candidate | no sufficiently specific current 2026 evidence identified,unresolved Latino community newspaper candidate,hold_unresolved,Retain in candidate registry only until current identity/site/activity are established.
NC010,Proyecto Mariposa,North Carolina,community_orientation,language_community,language-serving function explicit but narrower community orientation not established,"yes | Spanish-language community information hub created by Acción Hispana/Qué Pasa | resources, alerts, news links, courses and multimedia; launched as outreach/information project",Spanish-language community information hub created by Acción Hispana/Qué Pasa,classify_hosted_information_project,Do not count as an independent outlet; preserve as hosted information infrastructure under Acción Hispana.
NC003,Qué Pasa / Acción Hispana,North Carolina,community_orientation,language_community,language-serving function explicit but narrower community orientation not established,yes | Spanish-language weekly newspaper and digital platform run by Acción Hispana | founded 1994; three weekly print editions; first-generation immigrant staff; daily digital content; grants/partnerships visible,Spanish-language weekly newspaper and digital platform run by Acción Hispana,verified_include,Very strong core case; institutional infrastructure is unusually well documented.
ND001,Fargo-area Somali community media lead,North Dakota,community_orientation,diaspora_national_origin,specific national-origin/diaspora community signal detected,likely_yes_if_found | unresolved community-media lead | searches did not identify a distinct current North Dakota-based Somali newsroom,unresolved community-media lead,hold_unresolved,Do not infer absence of Somali media from this result; retain for deeper directory/community search.
ND001,Fargo-area Somali community media lead,North Dakota,journalism_intensity,unclear,journalism centrality not explicit enough for deterministic coding,unresolved | unresolved community-media lead | searches did not identify a distinct current North Dakota-based Somali newsroom,unresolved community-media lead,hold_unresolved,Do not infer absence of Somali media from this result; retain for deeper directory/community search.
ND002,Fargo-area Spanish/Latino media lead,North Dakota,community_orientation,language_community,language-serving function explicit but narrower community orientation not established,likely_yes_if_found | unresolved Spanish-language media lead | no distinct current North Dakota-based Spanish-language newsroom identified in first pass,unresolved Spanish-language media lead,hold_unresolved,"State status should be 'no qualifying outlet identified after systematic first-pass search,' not 'none exist.'"
ND002,Fargo-area Spanish/Latino media lead,North Dakota,journalism_intensity,unclear,journalism centrality not explicit enough for deterministic coding,unresolved | unresolved Spanish-language media lead | no distinct current North Dakota-based Spanish-language newsroom identified in first pass,unresolved Spanish-language media lead,hold_unresolved,"State status should be 'no qualifying outlet identified after systematic first-pass search,' not 'none exist.'"
ND004,North Dakota Monitor,North Dakota,community_orientation,diaspora_national_origin,specific national-origin/diaspora community signal detected,no_primary_mission | statewide nonprofit newsroom | covers immigration and farmworker issues but does not primarily serve immigrant/diaspora communities,statewide nonprofit newsroom,exclude_current_definition,"Comparison/context source, not core outlet."
OH013,Al-Sahafa,Ohio,community_orientation,diaspora_national_origin,specific national-origin/diaspora community signal detected,yes | Arabic community newspaper candidate | known as Arabic community media lead; no strong current 2026 publication evidence,Arabic community newspaper candidate,pending_verification,Retain candidate as historical/current-unclear.
OH012,ApnaOhio,Ohio,community_orientation,unclear,community orientation not explicit enough for deterministic coding,yes | South Asian community media candidate | exact current site/outlet identity not established,South Asian community media candidate,hold_unresolved,Retain candidate only.
OH012,ApnaOhio,Ohio,journalism_intensity,unclear,journalism centrality not explicit enough for deterministic coding,unresolved | South Asian community media candidate | exact current site/outlet identity not established,South Asian community media candidate,hold_unresolved,Retain candidate only.
OH002,Danjir News / Radio,Ohio,community_orientation,unclear,community orientation not explicit enough for deterministic coding,yes | Somali news/radio candidate | no sufficiently specific current 2026 evidence identified in this pass,Somali news/radio candidate,hold_unresolved,Retain candidate only.
OH002,Danjir News / Radio,Ohio,journalism_intensity,unclear,journalism centrality not explicit enough for deterministic coding,unresolved | Somali news/radio candidate | no sufficiently specific current 2026 evidence identified in this pass,Somali news/radio candidate,hold_unresolved,Retain candidate only.
OH003,DZM News,Ohio,community_orientation,unclear,community orientation not explicit enough for deterministic coding,yes | Somali/East African media candidate | exact current outlet identity and active newsroom not established,Somali/East African media candidate,hold_unresolved,Retain candidate only.
OH003,DZM News,Ohio,journalism_intensity,unclear,journalism centrality not explicit enough for deterministic coding,unresolved | Somali/East African media candidate | exact current outlet identity and active newsroom not established,Somali/East African media candidate,hold_unresolved,Retain candidate only.
OH008,La Villa Cleveland,Ohio,community_orientation,unclear,community orientation not explicit enough for deterministic coding,yes | neighborhood storytelling/community platform | current Clark-Fulton community stories and user/community submissions; journalism structure not clearly established,neighborhood storytelling/community platform,comparison_or_information_platform,Keep as community storytelling infrastructure
OH011,Lazo Cultural,Ohio,community_orientation,unclear,community orientation not explicit enough for deterministic coding,yes | Latino cultural/community publication candidate | current journalism role and institutional operation not established,Latino cultural/community publication candidate,pending_verification,Retain candidate.
OH010,OCA AsiaTown Voice / IMAGE TV Ohio,Ohio,community_orientation,unclear,community orientation not explicit enough for deterministic coding,yes | Asian community media candidate | candidate identity known but direct current newsroom/program evidence not established,Asian community media candidate,pending_verification,Retain candidate pending direct evidence.
OH004,Ohio in Arabic,Ohio,community_orientation,diaspora_national_origin,specific national-origin/diaspora community signal detected,yes | nonprofit Arabic-language media and service organization | founded as independent Arabic newspaper in 2019; nonprofit foundation since 2022; immigrant family founders; explicit newcomer information mission,nonprofit Arabic-language media and service organization,verified_include,Excellent Arabic immigrant-serving media case.
OH009,Onumba / Fawol Africa Media,Ohio,community_orientation,diaspora_national_origin,specific national-origin/diaspora community signal detected,yes | Nigerian/African diaspora online news and commentary outlet | founded 2003; Columbus address; Nigerian immigrant editor; current 2026 reporting/commentary; explicit African diaspora mission,Nigerian/African diaspora online news and commentary outlet,verified_include,Strong African diaspora case with clear local Ohio base and transnational scope.
OH001,Somali Link Newspaper,Ohio,community_orientation,diaspora_national_origin,specific national-origin/diaspora community signal detected,yes | Somali community newspaper hosted by Somali Community Link | current host site explicitly names Somali Link Newspaper,Somali community newspaper hosted by Somali Community Link,shared CEO/contact/address,verified_include_hosted_program
OK002,El Latino American,Oklahoma,community_orientation,unclear,community orientation not explicit enough for deterministic coding,yes | bilingual Spanish-English newspaper and digital outlet | active September 2026 local Oklahoma reporting plus digital newspaper archive; states service to Spanish-speaking population since 1994,bilingual Spanish-English newspaper and digital outlet,verified_include,Clear active core outlet.
OK001,El Nacional de Oklahoma,Oklahoma,community_orientation,diaspora_national_origin,specific national-origin/diaspora community signal detected,yes | Spanish-language commercial newspaper/digital newsroom | current 2026 Oklahoma news coverage including immigrant-community policing and Mexican community events; longstanding Hispanic-owned outlet,Spanish-language commercial newspaper/digital newsroom,verified_include,Clear active core outlet.
OK001,El Nacional de Oklahoma,Oklahoma,journalism_intensity,journalism_substantial_mixed_content,sustained journalism coexists with substantial non-journalism content,yes | Spanish-language commercial newspaper/digital newsroom | current 2026 Oklahoma news coverage including immigrant-community policing and Mexican community events; longstanding Hispanic-owned outlet,Spanish-language commercial newspaper/digital newsroom,verified_include,Clear active core outlet.
OK006,Huellas Latinas,Oklahoma,community_orientation,unclear,community orientation not explicit enough for deterministic coding,yes | Latino-focused digital/video project | Oklahoma Historical Society identifies it as a channel focused on stories about Latino communities in Oklahoma,Latino-focused digital/video project,pending_verification,Retain for deeper platform-specific review.
OK005,KZUE La Tremenda,Oklahoma,community_orientation,language_community,language-serving function explicit but narrower community orientation not established,yes | Spanish-language commercial radio station | longstanding Spanish-language radio service documented in Oklahoma Latino media history; first pass did not establish sustained original journalism,Spanish-language commercial radio station,comparison_or_media_infrastructure,Do not count as core journalism outlet until news/public-affairs cadence is verified.
OK003,OK VIETIMES,Oklahoma,community_orientation,diaspora_national_origin,specific national-origin/diaspora community signal detected,yes | Vietnamese-language community newspaper | directory references identify Vietnamese weekly but first-pass search did not establish a current first-party publishing cadence,Vietnamese-language community newspaper,pending_verification,Retain for deeper direct/social/community verification.
OK004,Oklahoma Chinese Times,Oklahoma,community_orientation,language_community,language-serving function explicit but narrower community orientation not established,yes | Chinese-language community publication | listed in community/media directories but current publication evidence was not firmly established,Chinese-language community publication,pending_verification,Retain for deeper verification.
OR013,Azteca Oregon 37,Oregon,community_orientation,language_community,language-serving function explicit but narrower community orientation not established,yes_spanish_audience | Spanish-language television affiliate/brand | broadcast listings indicate Spanish-language channel in market; local journalism structure unclear,Spanish-language television affiliate/brand,pending_verification,"Keep as comparison candidate; verify current station identity, ownership and locally produced news."
OR010,Elemento Latino,Oregon,community_orientation,unclear,community orientation not explicit enough for deterministic coding,yes | Latino news/interview program within multimedia company | current site; CEO/host; reporting/interviews/news; sponsors and clients,Latino news/interview program within multimedia company,verified_include,Eligible; useful commercial/multimedia case.
OR011,Noticias Latinas! Latin News,Oregon,community_orientation,language_community,language-serving function explicit but narrower community orientation not established,yes | Spanish-language newspaper within Latin Media Northwest LLC | current site; print distribution; publisher/editor structure; Oregon/Washington reach,Spanish-language newspaper within Latin Media Northwest LLC,verified_include,Strong community-newspaper case; institutional structure is publicly visible.
OR002,Noticias Noroeste,Oregon,community_orientation,language_community,language-serving function explicit but narrower community orientation not established,yes | independent Spanish-language digital newsroom | mission; founder/editor; weekday newscast; immigration and local-news categories,independent Spanish-language digital newsroom,verified_include,Very strong fit. Created after Univision Portland closure to serve Spanish-speaking Latino communities.
OR006,Oregon Hispano,Oregon,community_orientation,language_community,language-serving function explicit but narrower community orientation not established,yes | Spanish-language statewide digital news/community-information site | current 2026 news; statewide Latino/Hispanic mission; directory and service infrastructure,Spanish-language statewide digital news/community-information site,verified_include,Eligible; institutional form appears commercial/digital and needs later ownership coding.
OR009,Radio Movimiento,Oregon,community_orientation,language_community,language-serving function explicit but narrower community orientation not established,historically_yes | former Spanish-language farmworker community radio hosted by PCUN | PCUN history; community radio mission; station last aired 2019,former Spanish-language farmworker community radio hosted by PCUN,exclude_inactive,Historically important but no longer active as KPCN-LP; retain in archival registry only.
OR005,The Great Radio 1040 AM,Oregon,community_orientation,mixed_orientation,multiple or insufficiently specific community signals detected,yes | Slavic/Eastern European community radio within media group | community radio; host company; information/news orientation; immigrant audience,Slavic/Eastern European community radio within media group,verified_include,Eligible as a hosted radio case; deeper content coding can distinguish news/public affairs from general programming.
OR015,The Immigrant Story,Oregon,community_orientation,mixed_orientation,multiple or insufficiently specific community signals detected,yes | volunteer-run nonprofit multimedia storytelling organization | nonprofit; founder; 60+ volunteers; immigrant/refugee reporting; podcasts and documentary storytelling,volunteer-run nonprofit multimedia storytelling organization,verified_include,Strong fit despite not being a conventional newsroom; explicitly reports and publishes immigrant/refugee stories.
OR008,Tilde Noticias,Oregon,community_orientation,unclear,community orientation not explicit enough for deterministic coding,likely_yes | Latino news outlet | current national community-media directory listing; direct site not verified in this pass,Latino news outlet,pending_verification,Retain as candidate. Need current website and institutional verification before inclusion.
PA006,2Puntos Platform,Pennsylvania,community_orientation,unclear,community orientation not explicit enough for deterministic coding,yes | community-led Latine media platform | identified through community-media funding ecosystem; direct current institutional page not verified,community-led Latine media platform,pending_verification,Retain candidate pending current direct evidence and clarification of newsroom function.
PA028,Barrio Latino WRCT,Pennsylvania,community_orientation,language_community,language-serving function explicit but narrower community orientation not established,yes | Spanish-language community radio program hosted by WRCT | 2026 station page says program is entering 25th year; weekly Thursday 6 p.m. slot,Spanish-language community radio program hosted by WRCT,verified_include_hosted_program,Strong hosted-program case; code host station separately and assess journalism/public-affairs share in deeper pass.
PA017,ChineseInUS.org,Pennsylvania,community_orientation,unclear,community orientation not explicit enough for deterministic coding,yes | Chinese community digital media outlet | named leader in Philadelphia Asian-media coalition; Chinese-community orientation,Chinese community digital media outlet,pending_deeper_verification,Retain; verify sustained Philadelphia-focused journalism.
PA002,El Hispano,Pennsylvania,community_orientation,language_community,language-serving function explicit but narrower community orientation not established,yes | Spanish-language weekly/community newspaper | longstanding regional Latino newspaper identity; current site/activity not sufficiently verified in this pass,Spanish-language weekly/community newspaper,pending_verification,Retain candidate until current 2026 operation is confirmed.
PA003,El Sol Latino Newspaper,Pennsylvania,community_orientation,language_community,language-serving function explicit but narrower community orientation not established,yes | Spanish-language community newspaper | directory-level evidence only in this pass,Spanish-language community newspaper,pending_verification,"Need current website, cadence and ownership evidence."
PA030,Epoch Times Philadelphia edition/presence,Pennsylvania,community_orientation,diaspora_national_origin,specific national-origin/diaspora community signal detected,partly | national multilingual news organization with Chinese-diaspora roots | Philadelphia-area Asian media participation; no distinct local immigrant-serving Philadelphia newsroom established,national multilingual news organization with Chinese-diaspora roots,boundary_or_exclude_core,Do not count as core Pennsylvania immigrant outlet absent distinct local immigrant-serving operation.
PA004,Impacto Latin Newspaper Philadelphia,Pennsylvania,community_orientation,language_community,language-serving function explicit but narrower community orientation not established,likely_yes | unresolved Spanish-language newspaper candidate | possible legacy/duplicate identity; current PA operation not established,unresolved Spanish-language newspaper candidate,hold_identity_resolution,Do not include until distinct current outlet is identified.
PA004,Impacto Latin Newspaper Philadelphia,Pennsylvania,journalism_intensity,unclear,journalism centrality not explicit enough for deterministic coding,unresolved | unresolved Spanish-language newspaper candidate | possible legacy/duplicate identity; current PA operation not established,unresolved Spanish-language newspaper candidate,hold_identity_resolution,Do not include until distinct current outlet is identified.
PA015,Indonesian Lantern,Pennsylvania,community_orientation,unclear,community orientation not explicit enough for deterministic coding,yes | Indonesian community media outlet | identified with named leader in Philadelphia Asian-media coalition,Indonesian community media outlet,verified_include_with_secondary_evidence,Include provisionally; confirm cadence and journalism format.
PA005,Inti Media,Pennsylvania,community_orientation,unclear,community orientation not explicit enough for deterministic coding,yes | independent nonprofit Latine-led newsroom and production hub | founded 2024; multilingual newsroom; staff; community-centered reporting; immigration/social-issues coverage,independent nonprofit Latine-led newsroom and production hub,verified_include,Excellent core case; strong nonprofit/community-centered institutional model.
PA013,Korean Phila Times,Pennsylvania,community_orientation,diaspora_national_origin,specific national-origin/diaspora community signal detected,yes | Korean community news organization | named newsroom leaders in 2024 Philadelphia Asian-media coalition,Korean community news organization,verified_include_with_secondary_evidence,Likely distinct outlet; confirm direct site and relationship to Korea Times Philadelphia in next pass.
PA029,La Mega Nota - Pittsburgh distribution,Pennsylvania,community_orientation,language_community,language-serving function explicit but narrower community orientation not established,yes | Spanish-language print product within Ohio-based La Mega network | distributed in Pittsburgh market; parent organization based outside Pennsylvania,Spanish-language print product within Ohio-based La Mega network,multistate_market_case,Retain as market-serving product; avoid double counting with parent/network.
PA021,La Mega Pittsburgh,Pennsylvania,community_orientation,language_community,language-serving function explicit but narrower community orientation not established,yes | Spanish-language radio service; Ohio-based parent network | Pittsburgh service identity; community/news role mixed with entertainment; parent outside Pennsylvania,Spanish-language radio service; Ohio-based parent network,multistate_market_case,Retain as Pittsburgh-market outlet but code host/state separately.
PA021,La Mega Pittsburgh,Pennsylvania,journalism_intensity,unclear,journalism centrality not explicit enough for deterministic coding,mixed_news_entertainment | Spanish-language radio service; Ohio-based parent network | Pittsburgh service identity; community/news role mixed with entertainment; parent outside Pennsylvania,Spanish-language radio service; Ohio-based parent network,multistate_market_case,Retain as Pittsburgh-market outlet but code host/state separately.
PA008,Metro Chinese Weekly,Pennsylvania,community_orientation,language_community,language-serving function explicit but narrower community orientation not established,yes | Chinese-language weekly within New Mainstream Media | 64-page weekly; publisher identified; Asian media coalition; parent-company structure,Chinese-language weekly within New Mainstream Media,verified_include,Strong language-community outlet; parent/host should be linked separately.
PA010,Metro Korean News,Pennsylvania,community_orientation,diaspora_national_origin,specific national-origin/diaspora community signal detected,yes | Korean-language publication within New Mainstream Media | parent company publishes multilingual Asian community media; direct current publication evidence weaker than Chinese/Vietnamese titles,Korean-language publication within New Mainstream Media,pending_deeper_verification,Retain pending direct publication verification.
PA009,Metro Viet News,Pennsylvania,community_orientation,diaspora_national_origin,specific national-origin/diaspora community signal detected,yes | Vietnamese-language weekly within New Mainstream Media | 32-page weekly; publisher identified; Asian media coalition; parent-company structure,Vietnamese-language weekly within New Mainstream Media,verified_include,Strong language-community outlet; parent/host should be linked separately.
PA007,Motivos Magazine,Pennsylvania,community_orientation,unclear,community orientation not explicit enough for deterministic coding,"yes | bilingual Latino youth/community magazine | English/Spanish print magazine; youth, college, career and culture orientation",bilingual Latino youth/community magazine,comparison_or_exclude_core,"Community-serving media, but not clearly sustained journalism/public-affairs enough for core frame."
PA011,New Mainstream Media / New Mainstream Press,Pennsylvania,community_orientation,unclear,community orientation not explicit enough for deterministic coding,yes | multilingual Asian media parent/host organization | publishes Metro Chinese Weekly and Metro Viet News; operates WeChat channel and advertising network,multilingual Asian media parent/host organization,classify_intermediary_host,Do not count as one outlet; add to host/network table.
PA014,Philadelphia Asian News,Pennsylvania,community_orientation,diaspora_national_origin,specific national-origin/diaspora community signal detected,yes | Vietnamese community news organization | identified with named leader in Philadelphia Asian-media coalition,Vietnamese community news organization,verified_include_with_secondary_evidence,Strong candidate; direct site needed for institutional-depth coding.
PA018,Philain Media,Pennsylvania,community_orientation,diaspora_national_origin,specific national-origin/diaspora community signal detected,yes | Korean community media outlet | named leader in Philadelphia Asian-media coalition,Korean community media outlet,pending_deeper_verification,Retain pending current site and publication details.
PA016,PhilaNewsNow,Pennsylvania,community_orientation,unclear,community orientation not explicit enough for deterministic coding,yes | Asian/community news organization | identified with named leader in Philadelphia Asian-media coalition,Asian/community news organization,pending_deeper_verification,"Need language, audience and current publication details before core inclusion."
PA019,PhillyTalks.com,Pennsylvania,community_orientation,diaspora_national_origin,specific national-origin/diaspora community signal detected,yes | Korean/English community digital news outlet | named leader in Philadelphia Asian-media coalition; Korean/English orientation,Korean/English community digital news outlet,pending_deeper_verification,Retain; direct site/activity check still needed.
PA027,Puerto Rican Panorama,Pennsylvania,community_orientation,unclear,community orientation not explicit enough for deterministic coding,yes | Latino/Puerto Rican public-affairs television program | long-running community public-affairs identity; current 2026 production not firmly verified,Latino/Puerto Rican public-affairs television program,pending_verification,Retain candidate pending current schedule.
PA025,Telemundo 62 / WWSI,Pennsylvania,community_orientation,language_community,language-serving function explicit but narrower community orientation not established,yes | Spanish-language local television newsroom; Telemundo/NBCUniversal | active 2026 local coverage; dedicated local newsroom; immigration/community reporting; news standards,Spanish-language local television newsroom; Telemundo/NBCUniversal,verified_include,Strong large-network comparison case.
PA012,The Korea Times Philadelphia,Pennsylvania,community_orientation,diaspora_national_origin,specific national-origin/diaspora community signal detected,yes | Korean-language community newspaper | current local Korean/Pennsylvania publication identity; direct institutional detail limited,Korean-language community newspaper,verified_include_with_site_limit,Eligible; deeper ownership/staff coding still needed.
PA026,Univision 65 / WUVP,Pennsylvania,community_orientation,language_community,language-serving function explicit but narrower community orientation not established,yes | Spanish-language local television newsroom; TelevisaUnivision | active 2026 local news; dedicated newsroom team; explicit Delaware Valley Hispanic-service mission,Spanish-language local television newsroom; TelevisaUnivision,verified_include,Strong network-affiliated local-news case.
PA024,WFMZ Edición en Español,Pennsylvania,community_orientation,language_community,language-serving function explicit but narrower community orientation not established,yes | Spanish-language local-news product within WFMZ | local Spanish-news product known; site access limited during verification,Spanish-language local-news product within WFMZ,verified_include_with_site_limit,Include as network-affiliated local Spanish-news comparison; verify staffing later.
RI001,Acontecer Latino,Rhode Island,community_orientation,language_community,language-serving function explicit but narrower community orientation not established,yes | Spanish-language digital news outlet | active 2026 local Rhode Island reporting; about page explicitly centers Hispanic communities and local/state news,Spanish-language digital news outlet,verified_include,Strong current Latino digital-news case.
RI002,Noticias Rhode Island,Rhode Island,community_orientation,language_community,language-serving function explicit but narrower community orientation not established,yes | Spanish-language digital community news outlet | active Sept. 2026; founded in 2016 to fill information gap among Spanish-speaking Rhode Islanders,Spanish-language digital community news outlet,verified_include_mixed_format,Current and community-focused; deeper pass should document ownership/staff.
RI005,Nuevos Horizontes,Rhode Island,community_orientation,unclear,community orientation not explicit enough for deterministic coding,yes | historic Latino newspaper | archived issues preserved by Rhode Island Latino History Community Archives,historic Latino newspaper,exclude_inactive_archive,Historical ecosystem case.
RI004,Presencia,Rhode Island,community_orientation,unclear,community orientation not explicit enough for deterministic coding,yes | historic Latino newspaper | archived issues preserved by Rhode Island Latino History Community Archives,historic Latino newspaper,exclude_inactive_archive,Historical ecosystem case.
RI003,Providence en Español,Rhode Island,community_orientation,unclear,community orientation not explicit enough for deterministic coding,"yes | long-running Latino newspaper/digital outlet | about page describes daily digital Latino news mission, but visible indexed articles are largely older; current newsroom activity not firmly established",long-running Latino newspaper/digital outlet,pending_deeper_verification,Do not count as current core until recent publishing cadence is verified.
RI006,Providence Journal Página Latina,Rhode Island,community_orientation,language_community,language-serving function explicit but narrower community orientation not established,partly | historic Spanish-language hosted product in mainstream newspaper | archived Spanish-language pages documented by Rhode Island Latino History Community Archives,historic Spanish-language hosted product in mainstream newspaper,exclude_inactive_archive,Useful historical hosted-language comparison.
SC013,Activa Radio Greenville,South Carolina,community_orientation,language_community,language-serving function explicit but narrower community orientation not established,yes | Spanish-language commercial radio network | South Carolina DPH lists active Upstate service across multiple frequencies,Spanish-language commercial radio network,verified_include_mixed_format,Eligible mixed-format case; direct news/public-affairs cadence should be coded later.
SC013,Activa Radio Greenville,South Carolina,journalism_intensity,unclear,journalism centrality not explicit enough for deterministic coding,mixed_news_entertainment | Spanish-language commercial radio network | South Carolina DPH lists active Upstate service across multiple frequencies,Spanish-language commercial radio network,verified_include_mixed_format,Eligible mixed-format case; direct news/public-affairs cadence should be coded later.
SC016,El Patrón 93.5,South Carolina,community_orientation,language_community,language-serving function explicit but narrower community orientation not established,yes | Spanish-language iHeart commercial radio station | active Myrtle Beach Spanish station; programming heavily music-oriented with some community-information posts,Spanish-language iHeart commercial radio station,comparison_or_exclude_core,Not a strong core newsroom; retain as boundary/comparison Spanish-language media case.
SC016,El Patrón 93.5,South Carolina,journalism_intensity,unclear,journalism centrality not explicit enough for deterministic coding,mostly_music | Spanish-language iHeart commercial radio station | active Myrtle Beach Spanish station; programming heavily music-oriented with some community-information posts,Spanish-language iHeart commercial radio station,comparison_or_exclude_core,Not a strong core newsroom; retain as boundary/comparison Spanish-language media case.
SC019,Fortaleza Cristiana,South Carolina,community_orientation,language_community,language-serving function explicit but narrower community orientation not established,yes | Christian Spanish-language newspaper | state minority-affairs report identifies publication; current direct activity not verified,Christian Spanish-language newspaper,pending_verification,Retain candidate; verify current publication and journalism content.
SC023,Guía Latina Charleston,South Carolina,community_orientation,language_community,language-serving function explicit but narrower community orientation not established,yes | Spanish-language community resource guide tied to Universal Latin News | 2026 local reporting documents current guide and connection to Universal Latin News,Spanish-language community resource guide tied to Universal Latin News,classify_hosted_information_project,Do not count as independent newsroom; preserve as information infrastructure under Universal Latin News.
SC004,La Isla Magazine,South Carolina,community_orientation,unclear,community orientation not explicit enough for deterministic coding,yes | bilingual/Spanish magazine-newspaper and online outlet | listed by South Carolina DPH; Harvard Spanish-media study identifies monthly print and daily digital operation,bilingual/Spanish magazine-newspaper and online outlet,verified_include_with_secondary_evidence,Eligible; direct institutional details should be added later.
SC014,La Jefa 94.9 / 1070 AM,South Carolina,community_orientation,language_community,language-serving function explicit but narrower community orientation not established,yes | Spanish-language commercial radio station | current Spanish-language regional Mexican/contemporary station serving Upstate market,Spanish-language commercial radio station,comparison_or_mixed_format,Keep as mixed-format comparison; sustained journalism not clearly established.
SC014,La Jefa 94.9 / 1070 AM,South Carolina,journalism_intensity,unclear,journalism centrality not explicit enough for deterministic coding,mostly_music_with_community_info | Spanish-language commercial radio station | current Spanish-language regional Mexican/contemporary station serving Upstate market,Spanish-language commercial radio station,comparison_or_mixed_format,Keep as mixed-format comparison; sustained journalism not clearly established.
SC015,La KeBuena 1430,South Carolina,community_orientation,language_community,language-serving function explicit but narrower community orientation not established,yes | Spanish-language commercial/community radio station | South Carolina DPH lists active Lowcountry coverage,Spanish-language commercial/community radio station,pending_deeper_verification,Retain; verify journalism/public-affairs content before core inclusion.
SC024,La Mega Nota SC market candidate,South Carolina,community_orientation,language_community,language-serving function explicit but narrower community orientation not established,likely_yes | unresolved Spanish-language regional media candidate | no distinct South Carolina operation established in this pass,unresolved Spanish-language regional media candidate,hold_unresolved,Retain candidate only until a specific current SC operation is identified.
SC024,La Mega Nota SC market candidate,South Carolina,journalism_intensity,unclear,journalism centrality not explicit enough for deterministic coding,unresolved | unresolved Spanish-language regional media candidate | no distinct South Carolina operation established in this pass,unresolved Spanish-language regional media candidate,hold_unresolved,Retain candidate only until a specific current SC operation is identified.
SC005,La Nación Hispana,South Carolina,community_orientation,language_community,language-serving function explicit but narrower community orientation not established,yes | Spanish-language weekly newspaper/digital outlet | Harvard Spanish-media study identifies weekly print/digital operation in South Carolina,Spanish-language weekly newspaper/digital outlet,verified_include_with_secondary_evidence,Eligible provisionally; confirm 2026 cadence and ownership in deeper pass.
SC021,La Noticia - Rock Hill/SC market,South Carolina,community_orientation,language_community,language-serving function explicit but narrower community orientation not established,yes | North Carolina-based Spanish-language newsroom serving SC market | active regional Spanish-language newsroom; institutional base is North Carolina,North Carolina-based Spanish-language newsroom serving SC market,multistate_market_case,Do not count as South Carolina-based; retain as market-serving cross-state outlet.
SC011,La Raza Charleston,South Carolina,community_orientation,language_community,language-serving function explicit but narrower community orientation not established,yes | Spanish-language commercial radio station within Norsan Media | active regional Mexican station serving Charleston; parent/network ownership documented,Spanish-language commercial radio station within Norsan Media,verified_include_market_case,Include as market-serving Spanish radio; journalism/public-affairs share should be coded separately.
SC011,La Raza Charleston,South Carolina,journalism_intensity,journalism_primary,core inclusion plus explicit newsroom/news-publication evidence,mixed_news_entertainment | Spanish-language commercial radio station within Norsan Media | active regional Mexican station serving Charleston; parent/network ownership documented,Spanish-language commercial radio station within Norsan Media,verified_include_market_case,Include as market-serving Spanish radio; journalism/public-affairs share should be coded separately.
SC012,La Raza Columbia,South Carolina,community_orientation,language_community,language-serving function explicit but narrower community orientation not established,yes | Spanish-language commercial radio station within Norsan Media | active Columbia Spanish-language station; Norsan ownership/network structure documented,Spanish-language commercial radio station within Norsan Media,verified_include_market_case,Include as market-serving Spanish radio; avoid double-counting parent network.
SC012,La Raza Columbia,South Carolina,journalism_intensity,unclear,journalism centrality not explicit enough for deterministic coding,mixed_news_entertainment | Spanish-language commercial radio station within Norsan Media | active Columbia Spanish-language station; Norsan ownership/network structure documented,Spanish-language commercial radio station within Norsan Media,verified_include_market_case,Include as market-serving Spanish radio; avoid double-counting parent network.
SC002,Latino Newspaper / Latino SC,South Carolina,community_orientation,language_community,language-serving function explicit but narrower community orientation not established,yes | Spanish-language statewide newspaper and online outlet | listed by South Carolina DPH as newspaper/online outlet serving Greenville and statewide,Spanish-language statewide newspaper and online outlet,verified_include_with_directory_evidence,"Strong candidate; deeper pass should add current ownership, staff and publication cadence."
SC007,LatinX Today News,South Carolina,community_orientation,unclear,community orientation not explicit enough for deterministic coding,yes | Latinx online news outlet | listed by South Carolina DPH as online media outlet serving Lowcountry/statewide,Latinx online news outlet,pending_deeper_verification,Retain; direct current newsroom/activity evidence still needed.
SC022,Norsan Media South Carolina,South Carolina,community_orientation,language_community,language-serving function explicit but narrower community orientation not established,yes | Spanish-language media parent/network | owns/operates La Raza radio properties and other Spanish-language media,Spanish-language media parent/network,classify_intermediary_host,Do not count as one outlet; add to host/network table.
SC017,Radio Revive,South Carolina,community_orientation,language_community,language-serving function explicit but narrower community orientation not established,yes | online Spanish-language radio | South Carolina DPH lists current statewide online radio service,online Spanish-language radio,pending_verification,Retain pending direct evidence of sustained journalism/public-affairs programming.
SC009,SC Live TV,South Carolina,community_orientation,unclear,community orientation not explicit enough for deterministic coding,"yes | Latino online TV/media outlet | South Carolina Commission for Minority Affairs describes entertainment, music, shows and breaking news; statewide Latino-media role",Latino online TV/media outlet,verified_include_mixed_format,Eligible as mixed-format Latino media; code journalism share separately.
SC009,SC Live TV,South Carolina,journalism_intensity,journalism_primary,core inclusion plus explicit newsroom/news-publication evidence,"mixed_news_entertainment | Latino online TV/media outlet | South Carolina Commission for Minority Affairs describes entertainment, music, shows and breaking news; statewide Latino-media role",Latino online TV/media outlet,verified_include_mixed_format,Eligible as mixed-format Latino media; code journalism share separately.
SC018,Telemundo South Carolina / GrayTV Telemundo,South Carolina,community_orientation,language_community,language-serving function explicit but narrower community orientation not established,yes | Spanish-language local television newsroom within Gray Media | active 2026 local South Carolina Spanish-language news operation,Spanish-language local television newsroom within Gray Media,verified_include,Strong large-network local-news comparison case.
SC008,Universal Latin News Charleston,South Carolina,community_orientation,language_community,language-serving function explicit but narrower community orientation not established,yes | Spanish-language online newspaper/digital platform | current 2026 local reporting; publisher identified; local media profile documents Spanish-language information-hub role,Spanish-language online newspaper/digital platform,verified_include,Strong current Lowcountry case.
SD003,Que Pasa Sioux Falls,South Dakota,journalism_intensity,journalism_primary,core inclusion plus explicit newsroom/news-publication evidence,"mixed_news_resources | community nonprofit/information-news platform | explicit mission to provide essential news, resources and opportunities in Spanish for Hispanic and immigrant community",community nonprofit/information-news platform,verified_include_mixed_format,Eligible as hybrid information/news infrastructure; deeper pass should assess original reporting frequency.
SD004,Sioux Falls Somali/refugee media lead,South Dakota,community_orientation,diaspora_national_origin,specific national-origin/diaspora community signal detected,likely_yes_if_found | unresolved refugee-language media lead | no distinct sustained newsroom verified in first pass,unresolved refugee-language media lead,hold_unresolved,Retain for deeper community-radio/social-video search.
SD004,Sioux Falls Somali/refugee media lead,South Dakota,journalism_intensity,unclear,journalism centrality not explicit enough for deterministic coding,unresolved | unresolved refugee-language media lead | no distinct sustained newsroom verified in first pass,unresolved refugee-language media lead,hold_unresolved,Retain for deeper community-radio/social-video search.
TN005,Dengê Kurdistan / Voice of Kurdistan,Tennessee,community_orientation,unclear,community orientation not explicit enough for deterministic coding,yes | weekly Kurdish community radio program hosted by WXNA and Kurdish Culture & Music Association | launched Apr. 2026; weekly discussion of Kurdish culture,weekly Kurdish community radio program hosted by WXNA and Kurdish Culture & Music Association,history,verified_include_hosted_program
TN005,Dengê Kurdistan / Voice of Kurdistan,Tennessee,journalism_intensity,journalism_substantial_mixed_content,sustained journalism coexists with substantial non-journalism content,yes_public_affairs | weekly Kurdish community radio program hosted by WXNA and Kurdish Culture & Music Association | launched Apr. 2026; weekly discussion of Kurdish culture,weekly Kurdish community radio program hosted by WXNA and Kurdish Culture & Music Association,history,verified_include_hosted_program
TN006,El Crucero de Tennessee,Tennessee,community_orientation,language_community,language-serving function explicit but narrower community orientation not established,yes | Spanish-language weekly newspaper | local government records document long-running Spanish-language weekly founded in 1999; current 2026 publication not firmly established,Spanish-language weekly newspaper,pending_verification,Retain pending current publication evidence.
TN007,La Prensa Latina,Tennessee,community_orientation,language_community,language-serving function explicit but narrower community orientation not established,yes | Spanish-language Memphis newspaper | documented in Tennessee public-notice records and media listings; current operation not established in this pass,Spanish-language Memphis newspaper,pending_verification,Retain candidate; avoid treating as active without current evidence.
TN003,Latino News Tennessee,Tennessee,community_orientation,language_community,language-serving function explicit but narrower community orientation not established,yes | Spanish-language digital news outlet | active 2026 site with Tennessee,Spanish-language digital news outlet,U.S.,verified_include_mixed_format
TX030,African community media Houston candidate,Texas,community_orientation,diaspora_national_origin,specific national-origin/diaspora community signal detected,"yes | unresolved African-diaspora media candidate | Houston ethnic-media ecosystem includes West African outlets, but this placeholder does not identify one distinct organization",unresolved African-diaspora media candidate,hold_unresolved,Replace placeholder with named outlet(s) in a dedicated African-diaspora discovery pass.
TX030,African community media Houston candidate,Texas,journalism_intensity,unclear,journalism centrality not explicit enough for deterministic coding,"unresolved | unresolved African-diaspora media candidate | Houston ethnic-media ecosystem includes West African outlets, but this placeholder does not identify one distinct organization",unresolved African-diaspora media candidate,hold_unresolved,Replace placeholder with named outlet(s) in a dedicated African-diaspora discovery pass.
TX022,Al Día Dallas,Texas,community_orientation,language_community,language-serving function explicit but narrower community orientation not established,yes | Spanish-language newsroom/product within Dallas Morning News | current Spanish-language general and local news; institutional parent visible,Spanish-language newsroom/product within Dallas Morning News,verified_include,Strong network-affiliated comparison case.
TX006,Arab Voices,Texas,community_orientation,diaspora_national_origin,specific national-origin/diaspora community signal detected,yes | independent syndicated Arab-American radio talk show | weekly production since 2002; immigration/civil-rights/news agenda; Houston KPFT carriage,independent syndicated Arab-American radio talk show,verified_include,Very strong immigrant/diaspora public-affairs case.
TX019,Dallas Chinese News Network,Texas,community_orientation,language_community,language-serving function explicit but narrower community orientation not established,yes | Chinese-language digital/video community news outlet | current 2026 North Texas news; Chinese-language mission; local reporting/video,Chinese-language digital/video community news outlet,verified_include,Strong current Chinese-language digital-media case.
TX028,Dallas Weekly,Texas,community_orientation,diaspora_national_origin,specific national-origin/diaspora community signal detected,partly | Black/African-diaspora community newsroom | current 2026 newsroom; explicitly identifies African diaspora and growing Black immigrant readership,Black/African-diaspora community newsroom,verified_include_comparison,Include as a comparison/boundary case rather than core immigrant outlet; diaspora framing is explicit but mission is broader Black community journalism.
TX021,El Hispano News,Texas,community_orientation,language_community,language-serving function explicit but narrower community orientation not established,"yes | Spanish-language community publication | candidate identity supported by Latino-media discovery, but current operation not verified",Spanish-language community publication,pending_verification,Retain candidate pending current website and publication evidence.
TX014,El Mundo Newspaper,Texas,community_orientation,language_community,language-serving function explicit but narrower community orientation not established,yes | Spanish-language community newspaper | longstanding Austin/San Antonio distribution; Latino readership,Spanish-language community newspaper,verified_include_with_secondary_evidence,"Eligible, but replace secondary evidence with current outlet institutional page in next pass."
TX011,Houston Community Media,Texas,community_orientation,mixed_orientation,multiple or insufficiently specific community signals detected,"yes | multilingual ethnic-media network/intermediary | launched 2022; network of multilingual/multiracial outlets; training, advocacy and collaborative editorial role",multilingual ethnic-media network/intermediary,classify_intermediary_not_outlet,Do not count as one newsroom outlet. Retain in host/intermediary table because it is analytically important infrastructure.
TX029,Houston Forward Times,Texas,community_orientation,diaspora_national_origin,specific national-origin/diaspora community signal detected,unclear_as_immigrant_serving | Black community newspaper | active historic Black press outlet; no clear sustained immigrant-serving mission identified,Black community newspaper,comparison_or_exclude_core,Keep outside core immigrant sampling frame unless later evidence shows sustained immigrant/diaspora service.
TX027,Houston Vietnamese News candidate,Texas,community_orientation,unclear,community orientation not explicit enough for deterministic coding,yes | unresolved Vietnamese print/digital candidate | no distinct outlet established beyond VIETV and known Vietnamese ecosystem,unresolved Vietnamese print/digital candidate,hold_unresolved,Do not include until a unique current outlet is identified.
TX027,Houston Vietnamese News candidate,Texas,journalism_intensity,unclear,journalism centrality not explicit enough for deterministic coding,unresolved | unresolved Vietnamese print/digital candidate | no distinct outlet established beyond VIETV and known Vietnamese ecosystem,unresolved Vietnamese print/digital candidate,hold_unresolved,Do not include until a unique current outlet is identified.
TX008,HUM FM 103.5,Texas,community_orientation,unclear,community orientation not explicit enough for deterministic coding,yes | South Asian multilingual commercial radio station | 24/7 English/Urdu/Hindi service; locally owned; community information and media enterprise,South Asian multilingual commercial radio station,verified_include,"Eligible, but code journalism/public-affairs share separately from entertainment programming."
TX024,India Herald,Texas,community_orientation,unclear,community orientation not explicit enough for deterministic coding,yes | South Asian weekly community newspaper | current 2026 issues; publisher/editor identified; established 1995; weekly publishing,South Asian weekly community newspaper,verified_include,Strong independent South Asian community-paper case.
TX007,Indo American News,Texas,community_orientation,unclear,community orientation not explicit enough for deterministic coding,yes | South Asian weekly newspaper and radio operation | 2026 weekly editions; 45-year publication history; Texas readership; local/global South Asian news,South Asian weekly newspaper and radio operation,verified_include,"Excellent institutional case with print, web and radio."
TX020,Korea Times Texas,Texas,community_orientation,diaspora_national_origin,specific national-origin/diaspora community signal detected,yes | Korean-language community newspaper | Texas/Korean community publication identity; current local institutional page not verified,Korean-language community newspaper,pending_deeper_verification,Retain as strong candidate pending direct 2026 local evidence.
TX015,La Prensa Texas,Texas,community_orientation,unclear,community orientation not explicit enough for deterministic coding,yes | Latina-owned bilingual community newspaper | current 2026 weekly editions; ownership; bilingual mission; print/digital distribution,Latina-owned bilingual community newspaper,verified_include,Very strong institutional case; current owner and community mission publicly documented.
TX013,La Voz de Houston,Texas,community_orientation,language_community,language-serving function explicit but narrower community orientation not established,yes | Spanish-language Houston Chronicle publication | current Spanish local/news product; Hearst/Houston Chronicle institutional support,Spanish-language Houston Chronicle publication,verified_include,Strong network-affiliated comparison case rather than independent immigrant newsroom.
TX009,Masala Radio 98.7 FM,Texas,community_orientation,unclear,community orientation not explicit enough for deterministic coding,yes | Indian/South Asian commercial radio station | active 98.7 service; Indian community orientation; news/current-affairs among entertainment programming,Indian/South Asian commercial radio station,verified_include,Eligible mixed-format outlet; deeper coding should distinguish news/public-affairs share.
TX025,Pakistan Chronicle,Texas,community_orientation,diaspora_national_origin,specific national-origin/diaspora community signal detected,yes | Pakistani community newspaper | City of Houston historical media-publication listing; no strong 2026 publication evidence found,Pakistani community newspaper,pending_verification,Keep in candidate registry but do not place in active frame yet.
TX002,Que Onda Magazine,Texas,community_orientation,mixed_orientation,multiple or insufficiently specific community signals detected,yes | family-owned bilingual Hispanic magazine/news network | current 2026 editions; immigrant-founded; print/digital; advertising and newsroom activity,family-owned bilingual Hispanic magazine/news network,verified_include,Strong immigrant-founded Latino media case.
TX016,San Antonio Hispano News candidate,Texas,community_orientation,language_community,language-serving function explicit but narrower community orientation not established,likely_yes | unresolved Spanish-language media candidate | exact current outlet identity not established,unresolved Spanish-language media candidate,hold_unresolved,Do not move into active frame until a distinct outlet and current operation are identified.
TX016,San Antonio Hispano News candidate,Texas,journalism_intensity,unclear,journalism centrality not explicit enough for deterministic coding,unresolved | unresolved Spanish-language media candidate | exact current outlet identity not established,unresolved Spanish-language media candidate,hold_unresolved,Do not move into active frame until a distinct outlet and current operation are identified.
TX012,Semana News,Texas,community_orientation,language_community,language-serving function explicit but narrower community orientation not established,yes | Spanish-language local/community news outlet | current outlet identity and Houston Latino focus; institutional details need deeper verification,Spanish-language local/community news outlet,pending_deeper_verification,"Retain; confirm cadence, ownership and active newsroom structure."
TX005,Southern Chinese Daily News,Texas,community_orientation,language_community,language-serving function explicit but narrower community orientation not established,yes | Chinese-language daily newspaper within Southern News Group | daily editions; Houston headquarters; multimedia group structure,Chinese-language daily newspaper within Southern News Group,verified_include,Strong commercial/networked Chinese-language case.
TX023,Texas Latino News,Texas,community_orientation,unclear,community orientation not explicit enough for deterministic coding,likely_yes | unresolved Latino digital-news candidate | exact current outlet identity not reliably established,unresolved Latino digital-news candidate,hold_unresolved,"Do not include until identity, site and sustained journalism are verified."
TX023,Texas Latino News,Texas,journalism_intensity,unclear,journalism centrality not explicit enough for deterministic coding,unresolved | unresolved Latino digital-news candidate | exact current outlet identity not reliably established,unresolved Latino digital-news candidate,hold_unresolved,"Do not include until identity, site and sustained journalism are verified."
TX003,The Chinese Times,Texas,community_orientation,language_community,language-serving function explicit but narrower community orientation not established,yes | Chinese-language community newspaper | identified by Houston ethnic-media reporting; current direct site verification incomplete,Chinese-language community newspaper,pending_deeper_verification,Retain as strong candidate; confirm current ownership/staff in institutional-depth pass.
TX004,U.S. Chinese Channel AM1050,Texas,community_orientation,language_community,language-serving function explicit but narrower community orientation not established,yes | Chinese-language radio/news service | Houston Chronicle documents Chinese-language local/global news and emergency information,Chinese-language radio/news service,verified_include_with_secondary_evidence,Strong fit; direct institutional website still needed.
TX026,VIETV Network,Texas,community_orientation,diaspora_national_origin,specific national-origin/diaspora community signal detected,yes | Vietnamese-language television/radio/media network | Houston headquarters; daily news broadcasts; local/national affiliates; Vietnamese audience,Vietnamese-language television/radio/media network,verified_include,Very strong networked diaspora-media case.
TX010,Voice of Asia,Texas,community_orientation,unclear,community orientation not explicit enough for deterministic coding,yes | South Asian/Asian community newspaper/digital outlet | longstanding Houston Asian-community news identity; direct current site available,South Asian/Asian community newspaper/digital outlet,verified_include,Strong community-media candidate; institutional details need deeper pass.
UT003,Avanza 88.3,Utah,community_orientation,unclear,community orientation not explicit enough for deterministic coding,"yes | bilingual public-radio/community media service within University of Utah public media | launched in 2024 by University of Utah, PBS Utah and KUER; substantial bilingual community/public-affairs programming",bilingual public-radio/community media service within University of Utah public media,verified_include_mixed_format,Strong institutional public-media case.
UT005,El Observador de Utah,Utah,community_orientation,language_community,language-serving function explicit but narrower community orientation not established,yes | Spanish-language newspaper | well documented from 2010 as major Utah Hispanic publication; current 2026 operation not established,Spanish-language newspaper,pending_verification,Retain as historical/current-unclear candidate.
UT002,KUER En Español,Utah,community_orientation,language_community,language-serving function explicit but narrower community orientation not established,"yes | Spanish-language news product within KUER public radio newsroom | statewide politics, education and immigration coverage; twice-weekly human review of AI-translated stories",Spanish-language news product within KUER public radio newsroom,verified_include_hosted_program,Important hosted language-access journalism product.
UT006,The Salt Lake Tribune En Español,Utah,community_orientation,language_community,language-serving function explicit but narrower community orientation not established,yes | Spanish-language product within nonprofit statewide newsroom | active 2026 Spanish-language local reporting including immigration and public-service coverage,Spanish-language product within nonprofit statewide newsroom,verified_include_hosted_language_product,Strong network/hosted comparison; parent newsroom is not immigrant-specific.
UT001,Utah Korean Newspaper,Utah,community_orientation,diaspora_national_origin,specific national-origin/diaspora community signal detected,yes | Korean-language monthly community newspaper hosted by Korean American Federation of Utah | digital archive shows monthly issues through Sept. 2026; editor listed; federation-hosted,Korean-language monthly community newspaper hosted by Korean American Federation of Utah,verified_include_hosted_program,Strong Korean diaspora case; hosted by community association rather than stand-alone newsroom.
UT007,Utah Latino News / Latino community digital candidate,Utah,journalism_intensity,unclear,journalism centrality not explicit enough for deterministic coding,unresolved | unresolved Latino digital outlet candidate | no distinct verified outlet established in this pass,unresolved Latino digital outlet candidate,hold_unresolved,Retain as discovery lead only.
UT008,Utah Refugee & Immigrant community media programs,Utah,community_orientation,diaspora_national_origin,specific national-origin/diaspora community signal detected,yes | program-level discovery lead | no sustained newsroom/program identified with sufficient evidence in this pass,program-level discovery lead,hold_unresolved,"Useful gap-search target for Arabic, Somali, Swahili, Dari/Pashto and other refugee-language media."
UT008,Utah Refugee & Immigrant community media programs,Utah,journalism_intensity,unclear,journalism centrality not explicit enough for deterministic coding,unresolved | program-level discovery lead | no sustained newsroom/program identified with sufficient evidence in this pass,program-level discovery lead,hold_unresolved,"Useful gap-search target for Arabic, Somali, Swahili, Dari/Pashto and other refugee-language media."
VT005,Independent Vermont Latino newsroom lead,Vermont,journalism_intensity,unclear,journalism centrality not explicit enough for deterministic coding,unresolved | unresolved independent Latino-media lead | first-pass search did not firmly verify a distinct independent immigrant-serving newsroom,unresolved independent Latino-media lead,hold_unresolved,Do not infer absence; retain for deeper directory/community search.
VT001,"Many Voices, One Vermont",Vermont,community_orientation,mixed_orientation,multiple or insufficiently specific community signals detected,"yes | hosted community-radio current-affairs program on WBTV-LP | launched 2026; Sundays 1:00–1:30 PM; produced with CVRAN, USCRI Vermont, VAAP and partners; centers refugee, asylum-seeker and newcomer voices",hosted community-radio current-affairs program on WBTV-LP,verified_include_hosted_program,Strong hosted newcomer/refugee media case.
VT004,Migrant Justice / Justicia Migrante media-information infrastructure,Vermont,community_orientation,mixed_orientation,multiple or insufficiently specific community signals detected,"yes | worker-led immigrant rights organization with bilingual information channels | publishes Spanish-language campaign updates, press resources and community information but is not a newsroom",worker-led immigrant rights organization with bilingual information channels,classify_information_infrastructure_not_outlet,Useful community information intermediary; exclude from core outlet count.
VT002,Vermont Public Spanish-language radio hour,Vermont,community_orientation,language_community,language-serving function explicit but narrower community orientation not established,"yes_language_service | Spanish-language hosted radio product within Vermont Public | Vermont Public reported a new Spanish-language radio hour beginning in Sept. 2026, but first-pass search did not establish program title, cadence or editorial structure",Spanish-language hosted radio product within Vermont Public,pending_deeper_verification,Retain pending exact program identity and schedule.
VA004,El Tiempo Latino - Virginia service,Virginia,community_orientation,language_community,language-serving function explicit but narrower community orientation not established,yes | Spanish-language regional newsroom based in Washington | DC,Spanish-language regional newsroom based in Washington,active 2026 local coverage and daily newsletter explicitly serving DC,multistate_market_case
VA002,Korea Daily Washington,Virginia,community_orientation,diaspora_national_origin,specific national-origin/diaspora community signal detected,yes | Korean-language daily/news operation within Korea Daily network | current Annandale office and contact listed; established Korean community news brand,Korean-language daily/news operation within Korea Daily network,verified_include_with_directory_evidence,Retain; deeper pass should verify current local edition/staff directly.
VA001,Korea Times Washington,Virginia,community_orientation,diaspora_national_origin,specific national-origin/diaspora community signal detected,yes | Korean-language daily newspaper within Korea Times network | Virginia Humanities documents five-day print plus Saturday e-edition,Korean-language daily newspaper within Korea Times network,local newsroom staff and Annandale base serving Korean-American diaspora,https://virginiahumanities.org/2023/05/a-korean-language-daily-bridges-the-gap-for-those-new-to-america/
VA008,Las Américas Newspaper,Virginia,community_orientation,language_community,language-serving function explicit but narrower community orientation not established,yes | Spanish-language weekly newspaper | listed in Virginia newspaper directories,Spanish-language weekly newspaper,but strong current 2026 publication evidence not established,https://kiwix.thunderforge.net/content/wikipedia_en_all_maxi_2025-08/List_of_newspapers_in_Virginia
VA009,The Korean Weekly,Virginia,community_orientation,language_community,language-serving function explicit but narrower community orientation not established,yes | Korean-language weekly newspaper | current Korean business directory lists Fairfax office,Korean-language weekly newspaper,but newsroom cadence/website not established,https://dc.koreaportal.com/yp/yp_list.php?index=9&mcode=med&scode=med_02
VA005,VATV / Viet Washington DC Radio,Virginia,community_orientation,diaspora_national_origin,specific national-origin/diaspora community signal detected,yes | Vietnamese-American radio/television/community media operation | current 2026 site offers news updates,Vietnamese-American radio/television/community media operation,community news and political/economic coverage; Falls Church studio listed,https://vietwdcradio.com/
VA007,VirginiaHispano.com,Virginia,journalism_intensity,unclear,journalism centrality not explicit enough for deterministic coding,mixed_news_directory | Spanish-language statewide directory/news portal | current 2026 site provides Virginia news,Spanish-language statewide directory/news portal,events and service information for Hispanic/Latino community,https://www.virginiahispano.com/index.php
VA006,VirginiaLatino.com,Virginia,community_orientation,language_community,language-serving function explicit but narrower community orientation not established,yes | Spanish-language community directory/news portal | current 2026 site offers Virginia news,Spanish-language community directory/news portal,events,embassies and community information
VA006,VirginiaLatino.com,Virginia,journalism_intensity,unclear,journalism centrality not explicit enough for deterministic coding,mixed_news_directory | Spanish-language community directory/news portal | current 2026 site offers Virginia news,Spanish-language community directory/news portal,events,embassies and community information
WA015,Actitud Latina,Washington,community_orientation,language_community,language-serving function explicit but narrower community orientation not established,yes | Spanish-language educational/informational television/media program | community-media directory; longstanding local-government interview activity,Spanish-language educational/informational television/media program,pending_verification,"Likely eligible as an informational program, but current production cadence should be verified."
WA016,Crossings TV Seattle service,Washington,community_orientation,mixed_orientation,multiple or insufficiently specific community signals detected,yes | multilingual Asian television network serving Seattle market | multilingual news/information; multi-market service; immigrant-language audiences,multilingual Asian television network serving Seattle market,verified_include,Eligible as a regional/networked comparison case rather than a Seattle-based newsroom.
WA014,El Mundo Seattle,Washington,community_orientation,language_community,language-serving function explicit but narrower community orientation not established,yes | Spanish-language community media | Seattle Votes partner-media listing documents outlet role,Spanish-language community media,pending_verification,Retain candidate; need current direct outlet evidence.
WA017,Ethiopian Community Media Association,Washington,community_orientation,diaspora_national_origin,specific national-origin/diaspora community signal detected,yes | Ethiopian community media organization | directory/discovery evidence only,Ethiopian community media organization,pending_verification,Do not include yet; current journalism output and institutional form need direct verification.
WA011,Filipino American Herald,Washington,community_orientation,diaspora_national_origin,specific national-origin/diaspora community signal detected,yes | Filipino community newspaper | Washington public directories identify outlet and Pacific Northwest range; historical publication well documented,Filipino community newspaper,pending_verification,Keep candidate. Need stronger current publication evidence before final active-frame inclusion.
WA001,International Examiner,Washington,community_orientation,unclear,community orientation not explicit enough for deterministic coding,yes | 501(c)(3) nonprofit pan-Asian community newsroom | board; staff; 990; distribution; current publishing schedule,501(c)(3) nonprofit pan-Asian community newsroom,verified_include,Very strong institutional case; explicit nonprofit governance and current staff structure.
WA009,Korea Daily Seattle,Washington,community_orientation,diaspora_national_origin,specific national-origin/diaspora community signal detected,yes | Korean-language community news outlet | listed by Seattle civic-engagement media partners; Seattle market presence,Korean-language community news outlet,verified_include_with_directory_evidence,"Eligible, but direct current local-site and ownership verification should be added in a later institutional-depth pass."
WA010,Korea Times Seattle,Washington,community_orientation,diaspora_national_origin,specific national-origin/diaspora community signal detected,yes | Korean-language community newspaper | listed in current Seattle newspaper directories; Seattle edition identity,Korean-language community newspaper,verified_include_with_directory_evidence,Eligible; direct local institutional page still needs deeper verification.
WA013,La Raza del Noroeste,Washington,community_orientation,language_community,language-serving function explicit but narrower community orientation not established,yes | Spanish-language commercial community publication; Black Press/Sound Publishing network | publisher; advertising structure; local coverage; Spanish-language mission; corporate affiliation,Spanish-language commercial community publication; Black Press/Sound Publishing network,verified_include,Strong network-affiliated comparison case.
WA005,Northwest Vietnamese News,Washington,community_orientation,diaspora_national_origin,specific national-origin/diaspora community signal detected,yes | Vietnamese community newspaper; independent branch of Nguoi Viet Daily | CEO; editor; assistant editor; family management; TV reporting; community history,Vietnamese community newspaper; independent branch of Nguoi Viet Daily,verified_include,Excellent fit and strong institutional-detail case.
WA012,One Philippines,Washington,community_orientation,diaspora_national_origin,specific national-origin/diaspora community signal detected,"yes | Filipino community newspaper | Washington public directory lists outlet, address, statewide range",Filipino community newspaper,pending_verification,Retain candidate; current website/activity not independently confirmed.
WA007,Runta News,Washington,community_orientation,diaspora_national_origin,specific national-origin/diaspora community signal detected,yes | Somali/African/Muslim multimedia community outlet | publisher/chief editor; managing editor; current local/community coverage; multimedia operation,Somali/African/Muslim multimedia community outlet,verified_include,Very strong immigrant-serving fit.
WA003,Seattle Chinese Post,Washington,community_orientation,language_community,language-serving function explicit but narrower community orientation not established,yes | Chinese-language digital community publication hosted by nonprofit | current 2026 posts; revived under Asia Pacific Cultural Center after 2023 transfer,Chinese-language digital community publication hosted by nonprofit,verified_include,Strong hosted-media case; institutional change should be coded at host-organization level.
WA019,Seattle Chinese Radio,Washington,community_orientation,language_community,language-serving function explicit but narrower community orientation not established,yes | Chinese-language radio outlet | City of Seattle listed outlet in ethnic/minority media funding program,Chinese-language radio outlet,pending_verification,"Candidate identity is clear, but current 2026 operation and news/public-affairs share need verification."
WA004,Seattle Chinese Times,Washington,community_orientation,unclear,community orientation not explicit enough for deterministic coding,yes | Chinese-language/bilingual community news outlet | current 2026 local/community/election coverage,Chinese-language/bilingual community news outlet,verified_include,Strong current community-news case.
WA018,Seattle Korean Weekly,Washington,community_orientation,diaspora_national_origin,specific national-origin/diaspora community signal detected,yes | Korean community media outlet | City of Seattle listed as ethnic/minority media award recipient in 2020,Korean community media outlet,pending_verification,Historical/current gap remains. Keep candidate until direct 2026 evidence is found.
WA006,Seattle Viet Times,Washington,community_orientation,diaspora_national_origin,specific national-origin/diaspora community signal detected,yes | Vietnamese weekly community newspaper | listed in current community-media directories; contact and journalism category visible,Vietnamese weekly community newspaper,verified_include_with_directory_evidence,Current outlet identity supported by community-media directory; direct website not identified in this pass.
WA020,Somali community radio Seattle candidate,Washington,community_orientation,diaspora_national_origin,specific national-origin/diaspora community signal detected,likely_yes | unresolved Somali broadcast candidate | no unique outlet identity established beyond Runta and known Somali media ecosystem,unresolved Somali broadcast candidate,hold_unresolved,Do not promote to active frame until a distinct current outlet is identified.
WA020,Somali community radio Seattle candidate,Washington,journalism_intensity,unclear,journalism centrality not explicit enough for deterministic coding,unresolved | unresolved Somali broadcast candidate | no unique outlet identity established beyond Runta and known Somali media ecosystem,unresolved Somali broadcast candidate,hold_unresolved,Do not promote to active frame until a distinct current outlet is identified.
WA008,The North American Post,Washington,community_orientation,diaspora_national_origin,specific national-origin/diaspora community signal detected,yes | Japanese-English community newspaper; minority-owned publisher | corporate overview; bilingual mission; circulation; publishing schedule; nonprofit archival arm,Japanese-English community newspaper; minority-owned publisher,verified_include,Strong institutional-variation case; serves Japanese Americans and newly arriving Japanese natives.
WV002,Charleston Gazette-Mail Spanish-language content,West Virginia,community_orientation,language_community,language-serving function explicit but narrower community orientation not established,"no_primary_mission | mainstream local/state newspaper with some Spanish-language content | current media directories list Spanish among languages, but institutional mission is general West Virginia news",mainstream local/state newspaper with some Spanish-language content,exclude_current_definition,Boundary comparison only; direct Spanish vertical not established.
WV003,Nuevos Comienzos information network,West Virginia,community_orientation,mixed_orientation,multiple or insufficiently specific community signals detected,"yes | immigrant-support ministry/community information network | 2026 reporting documents Spanish-speaking immigrant support, translation and integration services",immigrant-support ministry/community information network,classify_information_infrastructure_not_outlet,"Useful immigrant information infrastructure, not journalism outlet."
WV004,West Virginia immigrant/refugee community media lead,West Virginia,community_orientation,mixed_orientation,refugee orientation coexists with another explicit community orientation,likely_yes_if_found | unresolved refugee/diaspora media lead | no distinct sustained immigrant/refugee newsroom verified in first pass,unresolved refugee/diaspora media lead,hold_unresolved,"Retain for deeper community-radio, church/community bulletin and social-video search."
WV004,West Virginia immigrant/refugee community media lead,West Virginia,journalism_intensity,unclear,journalism centrality not explicit enough for deterministic coding,unresolved | unresolved refugee/diaspora media lead | no distinct sustained immigrant/refugee newsroom verified in first pass,unresolved refugee/diaspora media lead,hold_unresolved,"Retain for deeper community-radio, church/community bulletin and social-video search."
WV001,West Virginia Latino/Spanish newsroom lead,West Virginia,journalism_intensity,unclear,journalism centrality not explicit enough for deterministic coding,unresolved | unresolved Latino-media lead | systematic first-pass searches did not identify a distinct current West Virginia-based immigrant-serving Spanish-language newsroom,unresolved Latino-media lead,hold_unresolved,"State should be coded as no qualifying outlet identified after first-pass search, not as having no outlets."
WI003,El Conquistador Latino Newspaper,Wisconsin,journalism_intensity,journalism_substantial_mixed_content,sustained journalism coexists with substantial non-journalism content,yes | Spanish-language Latino newspaper/digital outlet | active 2026 news and events; Milwaukee focus,Spanish-language Latino newspaper/digital outlet,verified_include,Strong current Latino community outlet.
WI014,El Hispano Wisconsin,Wisconsin,community_orientation,language_community,language-serving function explicit but narrower community orientation not established,likely_yes | unresolved Spanish-language outlet candidate | exact Wisconsin operation not identified in this pass,unresolved Spanish-language outlet candidate,hold_unresolved,Retain candidate until a distinct current outlet is established.
WI014,El Hispano Wisconsin,Wisconsin,journalism_intensity,unclear,journalism centrality not explicit enough for deterministic coding,unresolved | unresolved Spanish-language outlet candidate | exact Wisconsin operation not identified in this pass,unresolved Spanish-language outlet candidate,hold_unresolved,Retain candidate until a distinct current outlet is established.
WI007,Hmong Community Journal,Wisconsin,community_orientation,diaspora_national_origin,specific national-origin/diaspora community signal detected,likely_yes | unresolved Hmong publication candidate | no distinct current outlet identity established in this pass,unresolved Hmong publication candidate,hold_unresolved,Retain candidate only until exact organization/site/current activity are verified.
WI007,Hmong Community Journal,Wisconsin,journalism_intensity,unclear,journalism centrality not explicit enough for deterministic coding,unresolved | unresolved Hmong publication candidate | no distinct current outlet identity established in this pass,unresolved Hmong publication candidate,hold_unresolved,Retain candidate only until exact organization/site/current activity are verified.
WI008,Hmong Times Wisconsin,Wisconsin,community_orientation,unclear,community orientation not explicit enough for deterministic coding,likely_yes | possible Hmong publication/edition | no clear distinct Wisconsin operation identified,possible Hmong publication/edition,hold_identity_resolution,Avoid conflating with Minnesota-based Hmong Times without direct evidence of Wisconsin edition.
WI008,Hmong Times Wisconsin,Wisconsin,journalism_intensity,unclear,journalism centrality not explicit enough for deterministic coding,unresolved | possible Hmong publication/edition | no clear distinct Wisconsin operation identified,possible Hmong publication/edition,hold_identity_resolution,Avoid conflating with Minnesota-based Hmong Times without direct evidence of Wisconsin edition.
WI006,La Movida Radio,Wisconsin,community_orientation,language_community,language-serving function explicit but narrower community orientation not established,yes | Spanish-language commercial/community radio | 24/7 Spanish service; explicitly aims to entertain and inform; close ties to Madison Latino organizations,Spanish-language commercial/community radio,verified_include_mixed_format,Eligible mixed-format case; code journalism/public-affairs share separately.
WI006,La Movida Radio,Wisconsin,journalism_intensity,journalism_primary,core inclusion plus explicit newsroom/news-publication evidence,mixed_news_entertainment | Spanish-language commercial/community radio | 24/7 Spanish service; explicitly aims to entertain and inform; close ties to Madison Latino organizations,Spanish-language commercial/community radio,verified_include_mixed_format,Eligible mixed-format case; code journalism/public-affairs share separately.
WI009,Nyob Zoo Milwaukee TV,Wisconsin,community_orientation,diaspora_national_origin,specific national-origin/diaspora community signal detected,yes | Hmong-language TV news/community program | documented as Wisconsin's Hmong TV news program; later health/community collaborations continue beyond launch,Hmong-language TV news/community program,verified_include_with_secondary_evidence,Important Hmong program-level case; direct 2026 schedule/current ownership should be checked in deeper pass.
WI002,Suab Hmong News,Wisconsin,community_orientation,diaspora_national_origin,specific national-origin/diaspora community signal detected,yes | Hmong community TV/news operation | CUNY profile documents original reporting for Hmong immigrants and community storytelling,Hmong community TV/news operation,verified_include_with_secondary_evidence,Strong Hmong immigrant-media case; direct 2026 site/institutional details need deeper coding.
WI004,Wisconsin Latino News,Wisconsin,community_orientation,unclear,community orientation not explicit enough for deterministic coding,yes | Latino-focused statewide digital outlet | candidate identity known but strong current 2026 activity not established in this pass,Latino-focused statewide digital outlet,pending_verification,Retain candidate; verify current publication cadence and ownership.
WI013,Wisconsin Muslim Journal,Wisconsin,community_orientation,diaspora_national_origin,specific national-origin/diaspora community signal detected,yes | independent online Muslim community newspaper published by Milwaukee Muslim Women's Coalition | launched 2018; current Sept. 2026 semiweekly reporting; explicit Wisconsin Muslim-community news mission,independent online Muslim community newspaper published by Milwaukee Muslim Women's Coalition,verified_include,Strong community/diaspora-relevant case; broader Muslim community focus includes immigrant/refugee populations.
WI012,WJYI Hmong Radio,Wisconsin,community_orientation,unclear,community orientation not explicit enough for deterministic coding,likely_yes | unresolved Hmong radio candidate | no reliable current 2026 station/program identity established,unresolved Hmong radio candidate,hold_unresolved,Retain candidate pending exact call sign/ownership/program verification.
WI012,WJYI Hmong Radio,Wisconsin,journalism_intensity,unclear,journalism centrality not explicit enough for deterministic coding,unresolved | unresolved Hmong radio candidate | no reliable current 2026 station/program identity established,unresolved Hmong radio candidate,hold_unresolved,Retain candidate pending exact call sign/ownership/program verification.
WI010,WNRB-LP Hmong Radio,Wisconsin,community_orientation,diaspora_national_origin,specific national-origin/diaspora community signal detected,yes | community radio licensed to Wausau Area Hmong Mutual Association | current station listing confirms community-radio operation and Hmong organizational ownership,community radio licensed to Wausau Area Hmong Mutual Association,pending_deeper_verification,Retain; verify current programming schedule and journalism/public-affairs content.
WI011,WORT Hmong Radio,Wisconsin,community_orientation,diaspora_national_origin,specific national-origin/diaspora community signal detected,yes_at_program_level | community-radio host with Hmong programming candidate | WORT remains active community radio with news/public-affairs infrastructure; exact current Hmong program needs verification,community-radio host with Hmong programming candidate,pending_deeper_verification,Do not count a Hmong program until its current identity/schedule are confirmed.
WY004,Independent Spanish-language newsroom gap lead,Wyoming,community_orientation,language_community,language-serving function explicit but narrower community orientation not established,likely_if_found | gap-search lead | statewide media ecosystem assessment says there is no consistent statewide source of Spanish-language local news and identifies TODO TV as resource-constrained exception,gap-search lead,hold_unresolved,Documented gap; do not infer complete absence.
WY002,KHOL En Español,Wyoming,community_orientation,language_community,language-serving function explicit but narrower community orientation not established,yes_language_service | Spanish-language reporting within nonprofit community radio newsroom | KHOL maintains En Español archive and has produced original Spanish-language immigration and community reporting,Spanish-language reporting within nonprofit community radio newsroom,verified_include_hosted_language_product,Hosted language-access journalism product; parent newsroom is general-interest.
WY003,La Nueva 1340 KSGT,Wyoming,community_orientation,diaspora_national_origin,specific national-origin/diaspora community signal detected,yes_language_target | Regional Mexican Spanish-language commercial radio station | 2026 ownership/operations report confirms active Spanish-language format but first pass did not establish sustained original local news,Regional Mexican Spanish-language commercial radio station,comparison_or_media_infrastructure,Do not count as core journalism outlet until news/public-affairs production is established.
WY001,TODO TV / Prisma TV,Wyoming,community_orientation,language_community,language-serving function explicit but narrower community orientation not established,yes | independent Spanish-language local video/streaming newsroom | launched 2023 with local newscasts; by June 2026 former broadcast license abandoned and Spanish-language service continues via streaming as Prisma TV/TODO TV-branded social news,independent Spanish-language local video/streaming newsroom,verified_include,Treat as organizational/platform transition rather than outlet death.
