outlet_id,outlet_name,state,city_or_scope,website,website_active,sustained_journalism,immigrant_or_diaspora_serving,institutional_form,public_institutional_signals,eligibility_status,primary_evidence_url,verification_notes,analysis_tier,core_inclusion,source_file,source_row_number
SC013,Activa Radio Greenville,,Greenville / Spartanburg,https://activanetwork.com/greenville,current_listing,mixed_news_entertainment,yes,Spanish-language commercial radio network,South Carolina DPH lists active Upstate service across multiple frequencies,verified_include_mixed_format,https://dph.sc.gov/professionals/public-health-data/data-care-dtc/data-care-dtc-latinx-resources,Eligible mixed-format case; direct news/public-affairs cadence should be coded later.,core_verified,yes,data/verification/south_carolina_verification_v1.csv,14
NY003,Africa in Harlem,,Harlem / NYC,https://africainharlem.nyc/,yes,yes,yes,multilingual African immigrant/diaspora community news site,founder; explicit African immigrant/African Diaspora mission; Harlem focus,verified_include,https://africainharlem.nyc/en/about-us/,Very strong core case.,core_verified,yes,data/verification/new_york_verification_v1.csv,4
AZ011,Asian Sun Magazine,,Statewide,https://azasianchamber.com/asiansun,yes,mixed_magazine_journalism,yes,quarterly AAHPI community magazine published by Arizona Asian Chamber,"current Summer 2026 edition; culture, business and current events; statewide community reach",verified_include_mixed_format,https://azasianchamber.com/asiansun,Eligible mixed-format community publication; not a hard-news newsroom.,core_verified,yes,data/verification/arizona_verification_v1.csv,12
AZ007,AZ Chinese News,,Phoenix,https://asianmedianetwork.com/,yes_via_parent,yes,yes,Chinese community news product under Asian Media Network,parent identifies AZ Chinese News among Chinese affiliate publications,verified_include_with_parent_evidence,https://asianmedianetwork.com/about-us/,Include provisionally; direct publication page and cadence should be verified later.,core_verified,yes,data/verification/arizona_verification_v1.csv,8
NY033,Caribbean Life,,Brooklyn / NYC,https://www.caribbeanlife.com/,yes,yes,yes,Caribbean community newspaper/digital outlet,current Caribbean/NY local coverage; diaspora audience; network ownership visible,verified_include,https://www.caribbeanlife.com/,Strong Caribbean diaspora community case.,core_verified,yes,data/verification/new_york_verification_v1.csv,34
NJ006,Central Desi,,Statewide,https://centraldesi.beehiiv.com/,yes,yes,yes,community-run South Asian news platform,launched in 2022 specifically to tell nuanced stories of New Jersey's South Asian communities,verified_include,https://centraldesi.beehiiv.com/about-us,Excellent community-focused South Asian journalism case.,core_verified,yes,data/verification/new_jersey_verification_v1.csv,7
IA003,Common Thread Iowa,,Statewide,,launching_2026,yes_social_first,yes,social-first immigrant/refugee reporting project within New Day Iowa,launched July 2026 to cover Iowa refugee and immigrant communities overlooked by mainstream coverage,verified_include_hosted_program,https://iowastartingline.com/news/common-thread-iowa-refugee-stories/,Important emerging immigrant-focused newsroom/program; verify direct site/social channels in deeper pass.,core_verified,yes,data/verification/iowa_verification_v1.csv,4
AZ001,Conecta Arizona,,Phoenix / Arizona-Sonora,https://conectaarizona.com/,yes,yes,yes,independent nonprofit bilingual/digital newsroom,current 2026 reporting; founder-led; explicit Hispanic-community and Arizona-Sonora mission; immigration coverage,verified_include,https://www.phoenixmag.com/2026/03/01/waiting-for-translation/,Excellent immigrant-serving nonprofit case.,core_verified,yes,data/verification/arizona_verification_v1.csv,2
CT004,ConnecticutLatino.com,,Statewide,https://www.connecticutlatino.com/,yes,mixed_news_directory,yes,Spanish-language statewide information/news portal,current site provides Connecticut news services events and directories for Latino/Hispanic communities,verified_include_mixed_format,https://www.connecticutlatino.com/,Hybrid portal; assess original reporting share in deeper pass.,core_verified,yes,data/verification/connecticut_verification_v1.csv,5
CT003,CT Mirror en Español,,Statewide,https://ctmirror.org/espanol/,yes,yes,yes_language_service,Spanish-language local-news product within nonprofit CT Mirror,current Spanish coverage created in partnership with Identidad Latina Multimedia,verified_include_hosted_language_product,https://ctmirror.org/espanol/,Important collaborative/hosted language-access model.,core_verified,yes,data/verification/connecticut_verification_v1.csv,4
NJ008,Desi.Net Edison,,Edison,https://desi.net/edison/,yes,yes_digital_summary,yes,local South Asian digital news vertical within Desi.Net network,active 2026 original local summaries focused on Edison South Asian community,verified_include_network_local_vertical,https://desi.net/edison/news/edison-edison-nj-roundup-drowning-tragedy-india-day-parade-and-desi-dining-guide-2026-08-24,Useful social/digital network-local model.,core_verified,yes,data/verification/new_jersey_verification_v1.csv,9
NY001,Documented,,New York City,https://documentedny.com/,yes,yes,yes,independent nonprofit immigrant newsroom,nonprofit; team; board; supporters; ethics/editorial policies; multilingual reporting,verified_include,https://documentedny.com/about-us/,Excellent core case: explicitly reports with and for immigrant communities in NYC.,core_verified,yes,data/verification/new_york_verification_v1.csv,2
NY005,El Diario / La Prensa,,New York City,https://eldiariony.com/,yes,yes,yes,large commercial Spanish-language multimedia newsroom; ImpreMedia,editorial guidelines; newsroom; NY office; local/immigration mission; network affiliation,verified_include,https://eldiariony.com/about-us/,Strong networked commercial comparison; local and immigration information explicitly core.,core_verified,yes,data/verification/new_york_verification_v1.csv,6
VA003,El Imparcial News,,Manassas / Northern Virginia / DMV,https://imparcialnews.com/,yes,yes,yes,independent Spanish-language weekly/digital newspaper,Virginia operation since 2001; weekly since 2005; Salvadoran founder/editor; serves Salvadoran and broader Latino community across VA/DC/MD,verified_include,https://imparcialnews.com/about_us/,Excellent immigrant-founded Latino newsroom.,core_verified,yes,data/verification/virginia_verification_v1.csv,4
SC001,El Informador,,Charleston / Hilton Head / Lowcountry,https://www.elinformador.us/,yes,yes,yes,independent minority-owned Spanish-language newspaper,"founded 2008; biweekly 10,000-copy circulation; staff; local/state/national reporting; explicit Latino-community mission",verified_include,https://www.elinformador.us/advertise-with-us/about-us/,"Excellent core case; current 2026 publication, mission, circulation and newsroom structure are clearly documented.",core_verified,yes,data/verification/south_carolina_verification_v1.csv,2
NY004,Feet in 2 Worlds,,New York City,https://fi2w.org/,yes,yes,yes,independent nonprofit immigrant-journalist news/training organization,mission; INN/LION membership; podcasts/digital stories; donor disclosure; editorial independence,verified_include,https://www.fi2w.org/about-us/,Strong hybrid newsroom/training case centered on immigrant journalists and stories.,core_verified,yes,data/verification/new_york_verification_v1.csv,5
AZ008,Filipino American Journal,,Phoenix / statewide,https://asianmedianetwork.com/,yes_via_parent,yes,yes,biweekly Filipino-American publication under Asian Media Network,parent explicitly lists Filipino American Journal as biweekly affiliate,verified_include_with_parent_evidence,https://asianmedianetwork.com/about-us/,Strong Filipino diaspora candidate; deeper direct-site coding needed.,core_verified,yes,data/verification/arizona_verification_v1.csv,9
NY026,ForumDaily,,Brooklyn / national,https://www.forumdaily.com/,yes,yes,yes,Russian-language digital newsroom,Brooklyn legal address; journalists in multiple U.S. cities; Russian-speaking America mission; immigration and U.S. news,verified_include,https://www.forumdaily.com/en/contacts/,Very strong Russian-speaking immigrant/diaspora case.,core_verified,yes,data/verification/new_york_verification_v1.csv,27
NY032,French Morning,,New York City / U.S. network,https://frenchmorning.com/,yes,yes,yes,French-language digital news/media network,active U.S. Francophone news; New York origin/presence; multi-city reach,verified_include,https://frenchmorning.com/,Strong Francophone diaspora/expatriate case.,core_verified,yes,data/verification/new_york_verification_v1.csv,33
IA002,Hola Iowa,,Des Moines / statewide,https://holaamericanews.com/,yes,yes,yes,bilingual Latino digital/news brand within Hola America Media Group,active Sept. 2026 Iowa reporting; parent group describes mission to inform and uplift Latino communities across Iowa and the Midwest,verified_include,https://holaamericanews.com/25-years-of-hola-america-a-legacy-of-service-growth-and-community/,Strong statewide Latino news case.,core_verified,yes,data/verification/iowa_verification_v1.csv,3
CT002,Identidad Latina Multimedia,,Hartford / statewide,https://identidadlatina.com/,yes,yes_mixed_multimedia,yes,Latino multimedia organization with print web social and radio,founded 2001 in Hartford; daily web updates bimonthly print magazine and explicit mission to inform/empower Connecticut Latino community,verified_include_mixed_format,https://identidadlatina.com/about-us/,Excellent long-running Latino multimedia case.,core_verified,yes,data/verification/connecticut_verification_v1.csv,3
CT006,Identidad Latina Radio,,Hartford / statewide,https://identidadlatina.com/,yes_via_parent,yes_mixed_radio,yes,radio product within Identidad Latina Multimedia,current parent homepage identifies Identidad Latina Radio as part of multimedia operation,verified_include_hosted_program,https://identidadlatina.com/,Link to CT002 host; do not double-count organization.,core_verified,yes,data/verification/connecticut_verification_v1.csv,7
NY006,Impacto Latino,,New York City,https://impactolatino.com/,yes,yes,yes,Spanish-language Latino community newspaper/digital outlet,active 2026 news; founded 1967; explicit immigrant/Hispanic service mission,verified_include,https://impactolatino.com/,Strong longstanding immigrant-serving case.,core_verified,yes,data/verification/new_york_verification_v1.csv,7
NY014,Khasokhas,,Queens / NYC,https://www.khasokhas.com/,yes,yes,yes,Nepali community news portal/weekly,ownership; weekly frequency; Queens-centered immigrant audience; explicit U.S. Nepali community mission,verified_include,https://www.khasokhas.com/about-us,Excellent core immigrant-media case.,core_verified,yes,data/verification/new_york_verification_v1.csv,15
NM003,KMVR-FM,,Deming / Southwest New Mexico,,yes_station_presence,yes,yes,Spanish-language local radio news outlet,2025 ecosystem study identifies KMVR-FM as one of four outlets providing local news in Spanish,verified_include_with_ecosystem_evidence,https://iprsoftwaremedia.com/175/files/202511/NewsMapFullReport.pdf,Important non-metro Spanish-language radio case; deeper programming/ownership coding needed.,core_verified,yes,data/verification/new_mexico_verification_v1.csv,4
NY018,Korea Daily New York,,Bayside / Queens,http://koreadailyny.com,yes,yes,yes,Korean-language community daily/edition,NY headquarters/address; explicit immigrant-life information mission; Korean-community advocacy,verified_include,https://yp.koreadaily.com/detail/301?bra_code=NY,Strong Korean immigrant-serving case.,core_verified,yes,data/verification/new_york_verification_v1.csv,19
VA002,Korea Daily Washington,,Annandale / Northern Virginia / DMV,https://www.koreadaily.com/,yes_via_current_directory,yes,yes,Korean-language daily/news operation within Korea Daily network,current Annandale office and contact listed; established Korean community news brand,verified_include_with_directory_evidence,https://www.waze.com/live-map/directions/korea-daily-washington-little-river-tpk-7023-annandale?to=place.w.185336196.1853427499.962000,Retain; deeper pass should verify current local edition/staff directly.,core_verified,yes,data/verification/virginia_verification_v1.csv,3
NY019,Korea Times New York,,New York City / Queens,https://www.koreatimes.com/,likely_yes,yes,yes,Korean-language metropolitan daily/edition,established New York edition; Korean-community readership; direct local institutional detail limited,verified_include_with_secondary_evidence,,Include with later deeper institutional coding.,core_verified,yes,data/verification/new_york_verification_v1.csv,20
NJ003,Korean Bergen News,,Bergen County,https://kbergennews.com/,yes,yes,yes,local Korean-language print/digital newspaper,publisher states weekly publication since 1996 and exclusive Bergen County Korean-community focus,verified_include,https://kbergennews.com/posts/why-korean-bergen-news-en,Excellent local Korean diaspora newsroom.,core_verified,yes,data/verification/new_jersey_verification_v1.csv,4
NY028,Kurier Plus,,New York City,https://www.kurierplus.com/,yes,yes,yes,Polish-language weekly newspaper,current 2026 weekly issues; New York/Polonia coverage,verified_include,https://www.kurierplus.com/,Strong active Polish diaspora case.,core_verified,yes,data/verification/new_york_verification_v1.csv,29
KS002,KWCH Spanish-language news program,,Wichita / statewide,https://www.kwch.com/,yes,yes_program_level,yes,Spanish-language local television news program within KWCH,KWCH journalist bio states Ana Valdez launched the station's Spanish-language news program,verified_include_hosted_program,https://www.kwch.com/authors/AnaValdez/,Strong hosted/network newsroom case; identify program title/schedule in deeper pass.,core_verified,yes,data/verification/kansas_verification_v1.csv,3
KS003,La Grande 1340 AM,,"Kansas City, Kansas / metro",https://lagrande1340kc.com/,yes,mixed_news_entertainment,yes,Spanish-language commercial/community radio,"station states mission to serve Latino community and includes local news, community events and Spanish-language sports alongside music",verified_include_mixed_format,https://lagrande1340kc.com/,Eligible mixed-format case.,core_verified,yes,data/verification/kansas_verification_v1.csv,4
SC004,La Isla Magazine,,Hilton Head / Charleston / Lowcountry,https://www.laislamagazine.com/,current_listing,yes,yes,bilingual/Spanish magazine-newspaper and online outlet,listed by South Carolina DPH; Harvard Spanish-media study identifies monthly print and daily digital operation,verified_include_with_secondary_evidence,https://dph.sc.gov/professionals/public-health-data/data-care-dtc/data-care-dtc-latinx-resources,Eligible; direct institutional details should be added later.,core_verified,yes,data/verification/south_carolina_verification_v1.csv,5
SC005,La Nación Hispana,,Greenville / Upstate,https://www.lanacionhispana.com/,historical_to_current_candidate,yes,yes,Spanish-language weekly newspaper/digital outlet,Harvard Spanish-media study identifies weekly print/digital operation in South Carolina,verified_include_with_secondary_evidence,https://cervantesobservatorio.fas.harvard.edu/sites/default/files/019_informes_periodismo_espanol_estados_unidos.pdf,Eligible provisionally; confirm 2026 cadence and ownership in deeper pass.,core_verified,yes,data/verification/south_carolina_verification_v1.csv,6
IA001,La Prensa Iowa,,Denison / Western & Central Iowa,https://www.laprensaiowa.com/,yes,yes,yes,independent Spanish-language print/digital newspaper,founded 2006 by Nicaraguan immigrant journalist Lorena López; biweekly print plus digital; explicit focus on Spanish-speaking and Hispanic communities,verified_include,https://www.laprensaiowa.com/about-us/,Excellent immigrant-founded rural/local journalism case.,core_verified,yes,data/verification/iowa_verification_v1.csv,2
SC011,La Raza Charleston,,Charleston,https://laraza.com/,yes_station,mixed_news_entertainment,yes,Spanish-language commercial radio station within Norsan Media,active regional Mexican station serving Charleston; parent/network ownership documented,verified_include_market_case,https://dph.sc.gov/professionals/public-health-data/data-care-dtc/data-care-dtc-latinx-resources,Include as market-serving Spanish radio; journalism/public-affairs share should be coded separately.,core_verified,yes,data/verification/south_carolina_verification_v1.csv,12
SC012,La Raza Columbia,,Columbia,https://laraza.com/,yes_station,mixed_news_entertainment,yes,Spanish-language commercial radio station within Norsan Media,active Columbia Spanish-language station; Norsan ownership/network structure documented,verified_include_market_case,https://dph.sc.gov/professionals/public-health-data/data-care-dtc/data-care-dtc-latinx-resources,Include as market-serving Spanish radio; avoid double-counting parent network.,core_verified,yes,data/verification/south_carolina_verification_v1.csv,13
AZ003,La Voz Arizona,,Phoenix / statewide,https://www.azcentral.com/la-voz/,yes,yes,yes,Spanish-language digital product within The Arizona Republic/Gannett,active Arizona Spanish-language news product serving Hispanic audiences,verified_include_hosted_language_product,https://www.phoenixmag.com/2026/03/01/waiting-for-translation/,Hosted/network-affiliated comparison case.,core_verified,yes,data/verification/arizona_verification_v1.csv,4
CT001,La Voz Hispana de Connecticut,,New Haven / statewide,https://lavozhispanact.com/,yes,yes,yes,Spanish-language weekly newspaper/digital outlet,active Sept. 2026; 135000+ weekly readership claim; distribution across Hartford New Haven Waterbury Bridgeport Norwalk and Stamford,verified_include,https://lavozhispanact.com/,Strong statewide Latino newspaper.,core_verified,yes,data/verification/connecticut_verification_v1.csv,2
MD003,Latin Opinion,,Baltimore / statewide,,yes_via_current_media_appearance,yes_likely,yes,Baltimore-based Spanish-language media network,WYPR interviewed founder Erick Oribio in July 2026 and identified Latin Opinion as a Baltimore-based Spanish-language media network,verified_include_with_secondary_evidence,https://www.wypr.org/show/the-wypr-news-roundup/2026-07-10/baltimore-county-elections-venezuelas-earthquake-police-accountability-and-ice-cream,Promising core case; direct website,core_verified,yes,data/verification/maryland_verification_v1.csv,4
SC002,Latino Newspaper / Latino SC,,Greenville / statewide,https://latino4u.net/,current_listing,likely_yes,yes,Spanish-language statewide newspaper and online outlet,listed by South Carolina DPH as newspaper/online outlet serving Greenville and statewide,verified_include_with_directory_evidence,https://dph.sc.gov/professionals/public-health-data/data-care-dtc/data-care-dtc-latinx-resources,"Strong candidate; deeper pass should add current ownership, staff and publication cadence.",core_verified,yes,data/verification/south_carolina_verification_v1.csv,3
FL001,Le Floridien,,South Florida / Haitian diaspora,https://lefloridien.com/,yes,yes,yes,independent bilingual Haitian-American newspaper,founded 2001; twice-monthly; current Sept. 2026 editions; South Florida distribution and diaspora reporting,verified_include,https://lefloridien.com/about-us/,Excellent Haitian diaspora newsroom.,core_verified,yes,data/verification/florida_verification_v1.csv,2
NH003,Made En NH,,Statewide,https://www.nhpr.org/made-en-nh,yes,yes_series,yes,Latino culture/community series within NHPR Spanish-language initiative,current bilingual Latino community/culture reporting tied to Qué Hay de Nuevo,verified_include_hosted_program,https://www.nhpr.org/made-en-nh,Program-level case; do not double-count institution.,core_verified,yes,data/verification/new_hampshire_verification_v1.csv,4
FL006,Miami Diario,,Miami / South Florida,https://miamidiario.com/,yes,yes,yes,Spanish-language digital local-news outlet,active Sept. 2026 Miami/Florida reporting with strong immigrant-community utility,verified_include,https://miamidiario.com/,Strong current Spanish-language local case.,core_verified,yes,data/verification/florida_verification_v1.csv,7
NY009,New York Latino,,New York City,https://newyorklatino.com/,yes,yes,yes,Spanish-language digital Latino news outlet,current 2026 local news; explicit mission to inform NY Latino community,verified_include,https://newyorklatino.com/,Current active local Latino outlet.,core_verified,yes,data/verification/new_york_verification_v1.csv,10
NJ005,News India Times,,Edison / national,https://newsindiatimes.com/,yes,yes,yes,Indian-American newspaper within Parikh Worldwide Media,publisher headquartered in Edison; active Sept. 2026 New Jersey community coverage alongside national diaspora reporting,verified_include_multiscale,https://newsindiatimes.com/,Strong South Asian diaspora newsroom; national scale should be coded separately.,core_verified,yes,data/verification/new_jersey_verification_v1.csv,6
AZ006,Next Weekly,,Phoenix / statewide,https://www.nextweeklyaz.com/,yes,yes,yes,Chinese-language weekly newspaper,founded 2002; statewide east/west distribution; editorials plus local/Hong Kong/Taiwan news,verified_include,https://www.nextweeklyaz.com/about,Excellent Chinese diaspora/community outlet.,core_verified,yes,data/verification/arizona_verification_v1.csv,7
NJ004,NJ Information Magazine,,Fort Lee / Palisades Park,https://www.njjungbo.com/,yes,mixed_articles_information,yes,Korean-American monthly magazine/community-media product,current Sept. 2026 issue; Fort Lee and Palisades Park offices; Korean-American community focus,verified_include_mixed_format,https://www.njjungbo.com/,Eligible mixed-format Korean community publication.,core_verified,yes,data/verification/new_jersey_verification_v1.csv,5
NJ009,NJ Spotlight News en Español,,Statewide,https://www.njspotlightnews.org/,yes_parent,yes_translated_local_news,yes_language_service,Spanish-language vertical within general nonprofit/state public-media newsroom,NJ PBS documents recurring Spanish translations and distribution partnerships including Reporte Hispano,verified_include_hosted_language_product,https://www.nj.gov/treasury/njpba/assets/files/pdf/2025/CPB_LocalContentReport2024.pdf,Hosted language-access product rather than immigrant-specific parent newsroom.,core_verified,yes,data/verification/new_jersey_verification_v1.csv,10
SC003,Nuestro Estado,,Charleston / statewide,https://nuestroestado.com/,yes,yes,yes,Spanish-language digital newsroom,explicit community-centered journalism mission; undocumented people at core of audience; statewide Spanish-speaking focus,verified_include,https://nuestroestado.com/sobre-nosotros-3/,Very strong immigrant-serving fit.,core_verified,yes,data/verification/south_carolina_verification_v1.csv,4
NJ007,Panjab Express,,Avenel / statewide & diaspora,https://www.panjabexpress.com/,yes,yes,yes,Punjabi-English digital newspaper published by BKS TIMES LLC,publisher based in Avenel; covers New Jersey U.S. Punjab and diaspora affairs; editorial and corrections policies public,verified_include,https://www.panjabexpress.com/about,Strong Punjabi diaspora case with visible editorial infrastructure.,core_verified,yes,data/verification/new_jersey_verification_v1.csv,8
SC006,Pasa La Voz Noticias,,South Carolina / Georgia,https://pasalavoznoticias.org/,yes,yes,yes,independent Spanish-language newsroom,current 2026 reporting; named team; explicit service-journalism mission for Latinx communities in SC and GA,verified_include,https://pasalavoznoticias.org/sobre-nosotros-2/,Excellent core immigrant-serving case.,core_verified,yes,data/verification/south_carolina_verification_v1.csv,7
KS001,Planeta Venus,,Wichita / statewide,https://www.planetavenus.online/,yes,yes,yes,bilingual/Spanish digital and print newsroom,"statewide digital reach and print distribution in Wichita, Emporia, Great Bend, Coffeyville, Garden City, Dodge City, Liberal and other Latino communities; independent reporting and fact-checking",verified_include,https://www.planetavenus.online/pvythejournal,Excellent statewide Latino journalism case.,core_verified,yes,data/verification/kansas_verification_v1.csv,2
AZ002,Prensa Arizona,,Phoenix / statewide,https://prensaarizona.com/,yes,yes,yes,Spanish-language print/digital community outlet,identified as one of Arizona's surviving Spanish-language print publications; active current site,verified_include_with_secondary_evidence,https://www.phoenixmag.com/2026/03/01/waiting-for-translation/,Strong Spanish-language community news case; deeper institutional coding needed.,core_verified,yes,data/verification/arizona_verification_v1.csv,3
NJ001,Radio Jornalera NJ,,Newark / statewide,,yes_via_current_reporting,yes,yes,grassroots immigrant-worker radio/digital outlet launched by Resistencia en Acción,active 2026 on-the-ground reporting; eight shows; Spanish-speaking immigrant-worker audience; volunteer/community journalism model,verified_include_with_secondary_evidence,https://www.theguardian.com/us-news/2026/jun/13/radio-jornalera-new-jersey-immigration-detention-center,Excellent immigrant-led grassroots media case; direct website/social metadata should be added later.,core_verified,yes,data/verification/new_jersey_verification_v1.csv,2
FL005,Radyo Lekol,,Miami-Dade,https://www.wlrn.org/show/radyo-lekol,yes,yes_public_service_news,yes,Haitian Creole hosted educational-news program on WLRN,weekday 25-minute Haitian Creole news/information program produced by Miami-Dade County Public Schools,verified_include_hosted_program,https://www.wlrn.org/show/radyo-lekol,Important hosted public-service language program.,core_verified,yes,data/verification/florida_verification_v1.csv,6
NJ002,Reporte Hispano,,Statewide,https://reportehispano.com/,yes,yes,yes,Spanish-language print/digital news outlet,active Sept. 2026 local New Jersey immigration health economy and community reporting,verified_include,https://reportehispano.com/,Strong current statewide Latino newsroom.,core_verified,yes,data/verification/new_jersey_verification_v1.csv,3
AZ009,Saigon Nho / Little Saigon Magazine Arizona,,Phoenix,https://asianmedianetwork.com/,yes_via_parent,yes_mixed_magazine,yes,Vietnamese-language weekly magazine/media product,parent explicitly lists Saigon Nho Magazine as weekly Vietnamese affiliate,verified_include_mixed_format,https://asianmedianetwork.com/about-us/,Useful Vietnamese community-media case.,core_verified,yes,data/verification/arizona_verification_v1.csv,10
SC009,SC Live TV,,Statewide,https://sclivetv.com/,current_listing,mixed_news_entertainment,yes,Latino online TV/media outlet,"South Carolina Commission for Minority Affairs describes entertainment, music, shows and breaking news; statewide Latino-media role",verified_include_mixed_format,https://www.scstatehouse.gov/reports/aar2024/L460.pdf,Eligible as mixed-format Latino media; code journalism share separately.,core_verified,yes,data/verification/south_carolina_verification_v1.csv,10
NY024,Shukan NY Seikatsu,,New York City,https://www.nyseikatsu.com/,yes,yes,yes,Japanese-language weekly newspaper,publisher; NYC address; weekly frequency; circulation; NY-area local news and living information,verified_include,https://www.nyseikatsu.com/english-page/05/2018/5451/,Strong current Japanese expatriate/immigrant community case.,core_verified,yes,data/verification/new_york_verification_v1.csv,25
NY021,Sing Tao Daily New York,,New York City,https://www.singtaousa.com/,likely_yes,yes,yes,Chinese-language daily/community edition,longstanding NY operation; local/international news; immigrant Chinese readership,verified_include_with_secondary_evidence,https://www.nysenate.gov/legislation/resolutions/2019/2019-j2040,Strong diaspora case; update with direct 2026 institutional page later.,core_verified,yes,data/verification/new_york_verification_v1.csv,22
AZ004,Telemundo Arizona,,Phoenix / Tucson / statewide,https://www.telemundoarizona.com/,yes,yes,yes,Spanish-language local television newsroom,Phoenix Magazine documents established local Spanish-language newsroom and community-centered newsgathering,verified_include,https://www.phoenixmag.com/2026/03/01/waiting-for-translation/,Strong network-affiliated Spanish-language case.,core_verified,yes,data/verification/arizona_verification_v1.csv,5
NM001,Telemundo Nuevo México,,Albuquerque / statewide,,yes_market_presence,yes,yes,Spanish-language local television newsroom,2025 statewide ecosystem study identifies Telemundo TV as one of only four outlets providing local news in Spanish,verified_include_with_ecosystem_evidence,https://iprsoftwaremedia.com/175/files/202511/NewsMapFullReport.pdf,Strong Spanish local-news case; add station call sign/ownership/direct site in deeper pass.,core_verified,yes,data/verification/new_mexico_verification_v1.csv,2
SC018,Telemundo South Carolina / GrayTV Telemundo,,Greenville / statewide,https://www.telemundogreenvillesc.com/,yes,yes,yes,Spanish-language local television newsroom within Gray Media,active 2026 local South Carolina Spanish-language news operation,verified_include,https://www.telemundogreenvillesc.com/,Strong large-network local-news comparison case.,core_verified,yes,data/verification/south_carolina_verification_v1.csv,19
FL007,The Florida News,,Miami / Orlando / Tampa / West Palm Beach,https://www.theflorida.news/,yes,yes,yes,independent Spanish-language statewide/local digital newsroom,current 2026 reporting; explicitly describes itself as independent journalism for Florida's Latino community across major metros,verified_include,https://www.theflorida.news/,Strong multi-metro Latino newsroom.,core_verified,yes,data/verification/florida_verification_v1.csv,8
NY002,The Haitian Times,,Brooklyn / NYC,https://haitiantimes.com/,yes,yes,yes,Haitian diaspora newsroom,current reporting; donation-supported journalism; newsroom by/for Haitians; diaspora coverage,verified_include,https://haitiantimes.com/donate/,Strong core diaspora case; current site blocked on some pages but active publication is clear.,core_verified,yes,data/verification/new_york_verification_v1.csv,3
NY030,The National Herald,,New York City,https://www.thenationalherald.com/,yes,yes,yes,Greek-American newspaper/digital newsroom,Greek diaspora news; English/Greek coverage; NYC institutional presence,verified_include,https://www.thenationalherald.com/,Strong Greek-American diaspora case.,core_verified,yes,data/verification/new_york_verification_v1.csv,31
SC008,Universal Latin News Charleston,,Charleston / Lowcountry,https://universallatinnews.com/,yes,yes,yes,Spanish-language online newspaper/digital platform,current 2026 local reporting; publisher identified; local media profile documents Spanish-language information-hub role,verified_include,https://universallatinnews.com/,Strong current Lowcountry case.,core_verified,yes,data/verification/south_carolina_verification_v1.csv,9
AZ005,Univision Arizona,,Phoenix / Tucson,https://www.univision.com/local/arizona-ktvw,yes,yes,yes,Spanish-language local television newsroom/network affiliate,current local Arizona Spanish-language news presence,verified_include,https://www.univision.com/local/arizona-ktvw,Strong network-affiliated case.,core_verified,yes,data/verification/arizona_verification_v1.csv,6
NM002,Univision Nuevo México,,Albuquerque / statewide,,yes_market_presence,yes,yes,Spanish-language local television newsroom,2025 statewide ecosystem study identifies Univision TV among only four local Spanish-news outlets,verified_include_with_ecosystem_evidence,https://iprsoftwaremedia.com/175/files/202511/NewsMapFullReport.pdf,Strong local Spanish-news case; direct local station metadata should be added later.,core_verified,yes,data/verification/new_mexico_verification_v1.csv,3
SC010,VaqueVA Revista,,Beaufort / Hilton Head / Lowcountry,,current_public_listing,mixed_magazine_radio,yes,Spanish-language magazine and online radio,South Carolina DPH and state minority-affairs records identify magazine/online radio serving Hilton Head/Bluffton area,verified_include_mixed_format,https://dph.sc.gov/professionals/public-health-data/data-care-dtc/data-care-dtc-latinx-resources,Eligible as mixed-format immigrant-serving media; direct website/current staff not established.,core_verified,yes,data/verification/south_carolina_verification_v1.csv,11
NH002,Visibles,,Statewide,https://www.nhpr.org/visibles-stories-from-our-community,yes,yes_series,yes,Latino community storytelling series within Qué Hay de Nuevo,multi-season original reporting focused on New Hampshire Latino community life,verified_include_hosted_program,https://www.nhpr.org/visibles-stories-from-our-community,Program-level case linked to NH001 host/product.,core_verified,yes,data/verification/new_hampshire_verification_v1.csv,3
MD001,Washington Hispanic,,Silver Spring / DMV,https://washingtonhispanic.com/,yes,yes,yes,Spanish-language weekly/digital newspaper,company headquarters documented in Silver Spring; founded 1994; serves Spanish-speaking DMV communities,verified_include_with_directory_evidence,https://asequent.com/app/admin/assets/img/184301A_EPM_100_PROOF_R1.pdf,Strong Maryland-based Latino newspaper; deeper pass should use current outlet contact/about page if available.,core_verified,yes,data/verification/maryland_verification_v1.csv,2
NY013,Weekly Thikana,,Queens / NYC,https://thikana.us/,yes,yes,yes,Bangladeshi diaspora multi-platform media group,founded in NY; newspaper/IPTV/digital; diaspora mission; government/community campaigns,verified_include,https://thikanagroup.com/,Very strong Bangladeshi diaspora institutional case.,core_verified,yes,data/verification/new_york_verification_v1.csv,14
NY022,World Journal New York,,Queens / NYC,https://www.worldjournal.com/,yes,yes,yes,large Chinese-language commercial newspaper/network,NY headquarters; daily Chinese-language journalism; multi-city network,verified_include,https://www.worldjournal.com/,Strong large-network comparison.,core_verified,yes,data/verification/new_york_verification_v1.csv,23
NH001,"¿Qué Hay de Nuevo, New Hampshire?",,Statewide,https://www.nhpr.org/noticias-en-espanol,yes,yes,yes,Spanish-language newsroom/product within New Hampshire Public Radio,publishes news updates four times weekly via WhatsApp and NHPR.org; bilingual team publicly identified; created to serve Spanish speakers and Latino community,verified_include_hosted_language_product,https://www.nhpr.org/noticias-en-espanol,Excellent hosted language-access journalism case.,core_verified,yes,data/verification/new_hampshire_verification_v1.csv,2
AL004,Hola Alabama Magazine,Alabama,Birmingham / statewide,https://holalatino.com/,yes,yes,yes,bilingual Spanish-Portuguese monthly magazine within Hola Latino,"monthly publication; local news; legal, health, business and family information; statewide Latino/New American audience",verified_include_hosted_program,https://holalatino.com/sales-package/,Eligible as a program/publication within Hola Latino rather than a fully separate organization. Use host-organization linkage in master database.,core_verified,yes,data/verification/alabama_verification_v1.csv,5
AL003,Hola Latino Radio,Alabama,Birmingham / statewide,https://holalatino.com/,yes,yes_mixed_with_music,yes,Spanish-language radio and digital media operation,current site; radio stream; podcasts; New Americans news/information; events; advertising structure,verified_include,https://holalatino.com/,"Eligible. News and public-information functions are explicit, though programming also includes music and promotional content.",core_verified,yes,data/verification/alabama_verification_v1.csv,4
AL001,Latino News,Alabama,Birmingham / statewide,https://latino-news.com/,yes,yes,yes,Spanish-language newspaper; Latino News LLC,current 2026 editions; named director/president; Alabama Press Association listing; immigration/local/state coverage; 14-county reach,verified_include,https://latino-news.com/,Strong active fit. Current 2026 digital/print editions and explicit Hispanic-community mission are publicly documented.,core_verified,yes,data/verification/alabama_verification_v1.csv,2
AL002,LIDER News,Alabama,Birmingham / statewide,https://www.lider.fm/,yes,yes,yes,Spanish-language newspaper/radio/TV network; Horizon Entertainment Inc. d/b/a Lider News,current 2026 Alabama and migration coverage; Alabama Press Association listing; weekly print distribution; advertising-funded; radio/TV presence,verified_include,https://www.lider.fm/,Strong active fit. Institutional evidence supports a multi-platform Spanish-language community news operation.,core_verified,yes,data/verification/alabama_verification_v1.csv,3
AL006,Vida em Alabama,Alabama,Birmingham / statewide,https://holalatino.com/,yes,yes_mixed_format,yes,Portuguese-language Brazilian-immigrant initiative within Hola Latino,explicitly created for new Brazilian immigrants; Portuguese-language information/news; print/digital content; advertising structure,verified_include_hosted_program,https://holalatino.com/,"Eligible as a hosted immigrant-serving media program, not a separate parent organization. Link to Hola Latino as host.",core_verified,yes,data/verification/alabama_verification_v1.csv,7
AK003,Alaska Korean Community News,Alaska,Anchorage / statewide,https://knewsak907.com/,yes,yes,yes,Korean-language newspaper and digital outlet,Current September 2026 publication; 2026 merger retained distinct publication identities with alternating print schedule,verified_include_core_shared_operation,https://knewsak907.com/,Retain distinct outlet identity while linking operational consolidation with AK002.,core_verified,yes,data/verification/alaska_verification_v1.csv,4
AK002,Anchorage Korean News,Alaska,Anchorage / statewide,https://akn907.com/,yes,yes,yes,bilingual Korean-English newspaper and digital outlet,Current September 2026 Alaska and Korean-community reporting; 2026 merger reporting says it now operates jointly with Alaska Korean Community News,verified_include_core,https://akn907.com/,Count as distinct editorial product but note shared operation.,core_verified,yes,data/verification/alaska_verification_v1.csv,3
AK001,Sol de Medianoche,Alaska,Anchorage / statewide,https://www.soldemedianochenews.org/,yes,yes,yes,bilingual Latino newspaper and digital outlet,Official site identifies itself as Alaska's first bilingual newspaper and says it serves Latino information needs; current September 2026 reporting and print edition visible,verified_include_core,https://soldemedianochenews.org/en/about-us/,Strong core inclusion.,core_verified,yes,data/verification/alaska_verification_v1.csv,2
AR001,Arkansas GRITA,Arkansas,Northwest Arkansas / statewide expansion,https://arkansasgrita.com/,yes,yes,yes,community-led nonprofit-style investigative newsroom,About page identifies mission as amplifying migrant-neighbor voices and publishes recurring 2026 investigations on immigration enforcement; team and editorial independence standards publicly listed,verified_include_core,https://arkansasgrita.com/about/,Strong immigrant-centered investigative newsroom.,core_verified,yes,data/verification/arkansas_verification_v1.csv,2
AR002,Chikin Melele News,Arkansas,Springdale / U.S. Marshallese diaspora,https://chikinmelele.com/,yes,yes,yes,Marshallese diaspora newspaper/digital outlet,Official site says it shares news across U.S. and Central Pacific in English Marshallese and Chuukese; founded in Springdale and active with 2026 reporting,verified_include_core,https://chikinmelele.com/celebrating-5-years-of-chikin-melele-news/,Strong diaspora journalism case with translocal scope.,core_verified,yes,data/verification/arkansas_verification_v1.csv,3
AR003,La Prensa Libre AR,Arkansas,Northwest Arkansas / River Valley / Southwest Missouri,,yes,yes,yes,Spanish-language weekly newspaper owned by Northwest Arkansas Newspapers LLC,NWA Media identifies it as a weekly publication; September 2026 profile documents active two-person newsroom producing 16-page Spanish newspaper with 19 stories in latest issue,verified_include_core,https://www.wholehogsportsnetwork.com/,Website identity is less clear than print/app presence but current operation is strongly documented.,core_verified,yes,data/verification/arkansas_verification_v1.csv,4
AR004,Telemundo Arkansas,Arkansas,Statewide,https://telemundoarkansas.com/,yes,yes,yes,Spanish-language television and digital newsroom,Current site publishes daily Arkansas local news in Spanish and community coverage,verified_include_core,https://telemundoarkansas.com/,Core language-serving broadcast/digital outlet.,core_verified,yes,data/verification/arkansas_verification_v1.csv,5
CA026,Al Enteshar Newspaper,California,Los Angeles / Southern California,https://alentesharnewspaper.com/,yes,yes,yes,independent Arabic-English community newspaper,active weekly issues; office; independent ownership claim,verified_include,https://alentesharnewspaper.com/about/,Strong Arab-American community-media case.,core_verified,yes,data/verification/california_verification_v1.csv,27
CA008,Asian Journal,California,Los Angeles / California,https://asianjournal.com/,yes,yes,yes,Filipino American newspaper/digital newsroom,current California coverage; editorial/newsroom structure visible,verified_include,https://asianjournal.com/,Explicit Filipino-American community newspaper with active California coverage.,core_verified,yes,data/verification/california_verification_v1.csv,9
CA017,ChicoSol News,California,Chico,https://chicosol.org/,yes,yes,yes,nonprofit/fiscally sponsored multicultural local newsroom,mission; fiscal sponsor; advisory board; donor support; Spanish section,verified_include,https://chicosol.org/about/,Strong institutional-variation case; not exclusively immigrant media but immigrant communities are central to mission.,core_verified,yes,data/verification/california_verification_v1.csv,18
CA030,Crossings TV,California,Sacramento / multi-market California,https://www.crossingstv.com/,yes,yes,yes,multilingual Asian television network,multi-language news/information; market coverage; advertising structure,verified_include,https://www.crossingstv.com/about-us/,Eligible as a multi-market institutional comparison; not a small local newsroom.,core_verified,yes,data/verification/california_verification_v1.csv,31
CA025,El Informador del Valle,California,Indio / Coachella Valley,https://www.elinformadordelvalle.com/,yes,yes,yes,Spanish-language local community newspaper,current news; print edition; local mission; donation support,verified_include,https://www.elinformadordelvalle.com/,Strong local immigrant/Latino-market candidate.,core_verified,yes,data/verification/california_verification_v1.csv,26
CA014,El Latino San Diego,California,San Diego,https://ellatinoonline.com/,yes,yes,yes,Latina-owned independent media organization,founder/owner structure; Latino-community mission; current news site,verified_include,https://ellatinoonline.com/about-fanny-miller/,Strong independent commercial case.,core_verified,yes,data/verification/california_verification_v1.csv,15
CA012,El Observador,California,San Jose / Bay Area,https://el-observador.com/,yes,yes,yes,bilingual independent commercial newspaper,ownership/company; bilingual mission; community partnerships,verified_include,https://el-observador.com/about-us/,Strong local Latino community fit.,core_verified,yes,data/verification/california_verification_v1.csv,13
CA024,El Popular,California,Bakersfield / Kern County,https://elpopularnews.com/,yes,yes,yes,independent veteran-owned Latino newspaper,ownership; corporation; ethics/corrections policy; bilingual standards,verified_include,https://elpopularnews.com/sobre-nosotros/,Strong independent institutional case.,core_verified,yes,data/verification/california_verification_v1.csv,25
CA002,El Tecolote,California,San Francisco,https://eltecolote.org/,yes,yes,yes,bilingual community newspaper; nonprofit parent,about page; bilingual newsroom; nonprofit parent Acción Latina,verified_include,https://eltecolote.org/content/en/about/,Strong fit. Long-running bilingual Latino community newspaper.,core_verified,yes,data/verification/california_verification_v1.csv,3
CA001,El Tímpano,California,Oakland / Bay Area,https://www.eltimpano.org/,yes,yes,yes,community-centered immigrant newsroom,mission/story; immigrant-serving mission; community-centered reporting,verified_include,https://www.eltimpano.org/mission-story/,Strong fit. Explicitly serves Bay Area Latino and Mayan immigrants.,core_verified,yes,data/verification/california_verification_v1.csv,2
CA003,India Currents,California,Bay Area,https://indiacurrents.com/,yes,yes,yes,501(c)(3) nonprofit digital newsroom,staff; leadership; funding; annual reports; INN membership,verified_include,https://indiacurrents.com/about-us/,Strong institutional visibility and explicit Indian-diaspora mission.,core_verified,yes,data/verification/california_verification_v1.csv,4
CA019,KBBF 89.1 FM,California,Santa Rosa / North Bay,https://kbbf.org/,yes,yes,yes,nonprofit multilingual community radio,board; nonprofit status; local public affairs; indigenous languages,verified_include,https://kbbf.org/about/,Strong community-radio case.,core_verified,yes,data/verification/california_verification_v1.csv,20
CA010,Korea Daily / JoongAng Ilbo LA,California,Los Angeles,https://www.koreadaily.com/,yes,yes,yes,Korean American newspaper/media network,mission; LA headquarters; immigrant-service orientation; regional network,verified_include,https://en.koreadaily.com/about/,Excellent fit for institutional scale variation.,core_verified,yes,data/verification/california_verification_v1.csv,11
CA021,La Nueva Voz,California,Pomona,https://www.lanuevavoz.net/,yes,yes,yes,bilingual local community newspaper,publisher; operations; advertising; bilingual community reporting,verified_include,https://www.lanuevavoz.net/about.html,"Eligible, though broader community focus means immigrant-serving intensity should be coded later.",core_verified,yes,data/verification/california_verification_v1.csv,22
CA013,La Opinión,California,Los Angeles,https://laopinion.com/,yes,yes,yes,large commercial Spanish-language newsroom,editorial team; ownership; local/immigration mission,verified_include,https://laopinion.com/about-us/,"Strong fit, but should later be coded as large/networked comparison case.",core_verified,yes,data/verification/california_verification_v1.csv,14
CA006,Nguoi Viet Daily News,California,Westminster / Garden Grove,https://www.nguoi-viet.com/,unclear_site_fetch,yes,yes,Vietnamese-language daily newspaper,current public listings; longstanding Vietnamese community publication,verified_include_with_site_limit,https://ocvote.gov/vi/community/election-official-partnership/community-contact-list,Official county list identifies current outlet; site blocks automated fetch.,core_verified,yes,data/verification/california_verification_v1.csv,7
CA004,Nichi Bei News,California,San Francisco,https://www.nichibei.org/,yes,yes,yes,nonprofit ethnic/community newspaper,nonprofit foundation; staff; board; membership; community mission,verified_include,https://www.nichibei.org/about/,"Strong fit, especially for Japanese American community journalism and institutional variation.",core_verified,yes,data/verification/california_verification_v1.csv,5
CA015,Peninsula 360 Press,California,Redwood City / San Mateo County,https://peninsula360press.com/,yes,yes,yes,immigrant-founded multilingual digital/community newsroom,immigrant founders; mission; community journalism; partnerships,verified_include,https://peninsula360press.com/en/we/,Very strong immigrant-serving fit.,core_verified,yes,data/verification/california_verification_v1.csv,16
CA018,Radio Bilingüe,California,Fresno / statewide network,https://radiobilingue.org/,yes,yes,yes,nonprofit Spanish-language public radio network,mission; stations; funders; immigrant/farmworker audiences,verified_include,https://radiobilingue.org/en/about-us,Strong fit and large nonprofit network case.,core_verified,yes,data/verification/california_verification_v1.csv,19
CA020,Radio Indígena,California,Oxnard,https://mixteco.org/radio-indigena/,yes,yes,yes,Indigenous-language community radio hosted by nonprofit,host organization; current programming; journalism program,verified_include,https://mixteco.org/radio-indigena/,Strong hosted-media case serving Indigenous immigrant/farmworker communities.,core_verified,yes,data/verification/california_verification_v1.csv,21
CA005,Rafu Shimpo,California,Los Angeles,https://rafu.com/,yes,yes,yes,bilingual Japanese-English community newspaper,current publication; bilingual identity; advertising/sponsors visible,verified_include,https://rafu.com/about/,"Active current newsroom. About page is sparse, but site identifies publication clearly.",core_verified,yes,data/verification/california_verification_v1.csv,6
CA023,San Fernando Valley Sun / El Sol,California,San Fernando Valley,https://sanfernandosun.com/,yes,yes,yes,bilingual local community newspaper,ownership statement; ethics/corrections policy; active Spanish section,verified_include,https://sanfernandosun.com/about-us/,Eligible; strong bilingual community-news case.,core_verified,yes,data/verification/california_verification_v1.csv,24
CA009,The Korea Times Los Angeles,California,Los Angeles,https://www.koreatimes.com/,yes_via_epaper,yes,yes,Korean-language daily newspaper,active Los Angeles e-paper; local/state/news sections,verified_include,https://epaper.koreatimes.com/,Current LA edition verified through e-paper service.,core_verified,yes,data/verification/california_verification_v1.csv,10
CA007,Viet Bao Daily News,California,Westminster / Garden Grove,https://vietbao.com/,unclear_site_fetch,yes,yes,Vietnamese-language daily newspaper,current public listings; CEO/editor named,verified_include_with_site_limit,https://ocvote.gov/vi/community/election-official-partnership/community-contact-list,Official county list identifies outlet; site blocks automated fetch.,core_verified,yes,data/verification/california_verification_v1.csv,8
CA011,World Journal California,California,Los Angeles / Bay Area,https://www.worldjournal.com/,yes,yes,yes,Chinese-language commercial news organization,California corporate entity; Chinese-language journalism; LA/SF offices,verified_include,https://www.worldjournal.net/%E6%B4%9B%E6%9D%89%E7%A3%AF%E4%B8%96%E7%95%8C%E6%97%A5%E5%A0%B1/,Strong fit; useful large commercial comparison.,core_verified,yes,data/verification/california_verification_v1.csv,12
CO006,Asian Avenue Magazine,Colorado,Denver / statewide,https://www.asianavemag.com/,yes,yes_mixed_magazine,yes,English-language AAPI monthly print/digital magazine,"founded 2006; 240,000 annual readership; statewide distribution; current 2026 issues; immigration/identity/community reporting",verified_include_mixed_format,https://www.asianavemag.com/about,Strong AAPI community-media case; magazine format includes journalism plus cultural/community features.,core_verified,yes,data/verification/colorado_verification_v1.csv,7
CO005,Colorado Chinese News,Colorado,Denver,https://kzhb.us/,yes,yes,yes,Chinese-language newspaper/digital outlet,Denver Public Library lists it as Colorado Chinese News; current June 2026 issues documented,verified_include_with_secondary_evidence,https://www.denverlibrary.org/colorado-newspaper-resources,Strong Chinese-language diaspora case; deeper pass should add ownership/staff.,core_verified,yes,data/verification/colorado_verification_v1.csv,6
CO003,El Comercio de Colorado,Colorado,Denver / Aurora / statewide,https://elcomerciodecolorado.com/,yes,yes,yes,Spanish-English newspaper/digital newsroom,"active Sept. 2026; edition 450 in 2026; local reporting, immigration desk, bilingual content and community mission",verified_include,https://elcomerciodecolorado.com/renovacion-y-compromiso/,Excellent current Latino/immigrant-serving outlet.,core_verified,yes,data/verification/colorado_verification_v1.csv,4
CO004,El Semanario / The Weekly Issue,Colorado,Denver / statewide,https://www.elsemanarioonline.com/,yes,yes,yes,Latino-focused weekly/digital publication,active Sept. 2026 Colorado reporting and long-running bilingual/Latino public-affairs role,verified_include,https://www.elsemanarioonline.com/,Strong Latino community/public-affairs case.,core_verified,yes,data/verification/colorado_verification_v1.csv,5
CO002,La Prensa de Colorado,Colorado,Denver metro / Northern Colorado / Colorado Springs,https://laprensadecolorado.com/,yes,yes,yes,Spanish-language weekly newspaper/digital outlet,founded 2010; weekly free paper; explicit Hispanic-community mission; current 2026 local and immigration coverage,verified_include,https://laprensadecolorado.com/quienes-somos-who-are-we/,Strong immigrant-serving Spanish-language case.,core_verified,yes,data/verification/colorado_verification_v1.csv,3
CO001,La Voz Colorado,Colorado,Denver / statewide,https://lavozcolorado.com/,yes,yes,yes,bilingual Latino newspaper/digital newsroom,founded 1974; continuous publication; Colorado Latino community focus; current 2026 content and local contact,verified_include,https://lavozcolorado.com/2024/01/17/lavozcolorado-has-a-permanent-home-at-the-denver-public-library/,Strong long-running Latino community newsroom.,core_verified,yes,data/verification/colorado_verification_v1.csv,2
CO007,Telemundo Colorado / KDEN,Colorado,Denver metro / statewide,https://www.telemundodenver.com/,yes,yes,yes,Spanish-language local television newsroom owned by NBCUniversal,dedicated local newsroom; multiple daily newscasts; statewide Spanish-speaking audience; current 2026 staffing and mission documented,verified_include,https://www.telemundodenver.com/noticias/local/quienes-somos-conoce-a-telemundo-colorado-sobre-nosotros/2430933/,Strong large-network comparison case.,core_verified,yes,data/verification/colorado_verification_v1.csv,8
DE003,Delaware Hispano Magazine,Delaware,Newark / statewide,https://delhispano.com/,yes,mixed_magazine_news_resources,yes,monthly Hispanic community magazine,"active July 2026; mission to inform, educate and empower Hispanic families; strong emphasis on local Delaware news/events and resources",verified_include_mixed_format,https://delhispano.com/quienes-somos/,Eligible mixed-format community publication.,core_verified,yes,data/verification/delaware_verification_v1.csv,4
DE002,El Tiempo Hispano,Delaware,Statewide,https://eltiempohispano.com/,yes,yes,yes,bilingual print/digital newspaper published by Hola Delaware LLC,active Apr. 2026; Spotlight Delaware identifies it as Delaware's bilingual biweekly print/online newspaper with statewide mission,verified_include,https://spotlightdelaware.org/2025/04/13/el-tiempo-hispano-becomes-first-spanish-language-publication-to-partner-with-spotlight-delaware/,Strong statewide Latino newsroom with collaboration infrastructure.,core_verified,yes,data/verification/delaware_verification_v1.csv,3
DE001,HOY en Delaware,Delaware,Statewide,https://hoyendelaware.com/,yes,yes,yes,Spanish-language/Hispanic print-digital publication,founded 1996; active Sept. 2026; covers all three Delaware counties; explicit mission around Latino immigrant communities and local information,verified_include,https://hoyendelaware.com/acerca-de-nosotros/,Excellent statewide Latino publication.,core_verified,yes,data/verification/delaware_verification_v1.csv,2
DC001,El Tiempo Latino,District of Columbia,Washington / DMV,https://eltiempolatino.com/,yes,yes,yes,Latino-owned Spanish-language print and digital newsroom,active 2026 local reporting; company describes outlet as DMV Spanish-language newsroom covering housing health politics culture and community needs,verified_include,https://tiempocompany.com/el-tiempo-latino/,Clear core outlet.,core_verified,yes,data/verification/district_of_columbia_verification_v1.csv,2
DC004,Ethiopique,District of Columbia,Washington / DMV,https://ethiopique.com/,yes,yes,yes,independent Amharic-language local newsroom,official site identifies newsroom founded in 2022 serving Amharic-speaking immigrants with local policy elections community affairs and public information across DC Maryland Virginia,verified_include,https://ethiopique.com/about-us/,Strong diaspora-language core outlet.,core_verified,yes,data/verification/district_of_columbia_verification_v1.csv,5
DC003,Metro Latino USA,District of Columbia,Washington / DMV,https://metrolatinousa.com/,yes,yes,yes,Spanish-language digital newsroom,active September 2026 DMV and immigration reporting; site states it was founded in Washington area in 2007 as an informational digital outlet,verified_include,https://metrolatinousa.com/,Clear core digital outlet.,core_verified,yes,data/verification/district_of_columbia_verification_v1.csv,4
DC005,Tiempo News,District of Columbia,Washington / national,https://tiempocompany.com/,yes,yes,yes_latino_audience,national Spanish-language political analysis brand headquartered in DC,company describes national political analysis from Washington for Spanish-speaking professionals across the United States,verified_include_national_scope,https://tiempocompany.com/about/,Retain as DC-based national Latino media operation; distinguish from local DMV outlet DC001.,core_verified,yes,data/verification/district_of_columbia_verification_v1.csv,6
DC002,Washington Hispanic,District of Columbia,Washington / DMV,https://washingtonhispanic.com/,yes,yes,yes,Spanish-language weekly newspaper and digital newsroom,active weekly 2026 print archive and current local reporting for Hispanic community across DC Maryland and Virginia,verified_include,https://washingtonhispanic.com/,Clear core outlet.,core_verified,yes,data/verification/district_of_columbia_verification_v1.csv,3
GA001,285 South,Georgia,Metro Atlanta,https://285south.com/,yes,yes,yes,independent English-language immigrant/refugee news publication,active Sept. 2026; explicitly identifies itself as metro Atlanta publication centering immigrant and refugee communities,verified_include,https://285south.com/,Excellent immigrant-serving English-language newsroom.,core_verified,yes,data/verification/georgia_verification_v1.csv,2
GA007,Atlanta Burmese Voice,Georgia,Metro Atlanta / Southeast,https://gasiantimes.com/,yes_via_parent,yes_public_affairs,yes,Burmese diaspora podcast hosted by Georgia Asian Times,parent site identifies podcast for Burmese community in metro Atlanta and Southeast,verified_include_hosted_program,https://gasiantimes.com/faq/,Program-level case; link to GA002 host.,core_verified,yes,data/verification/georgia_verification_v1.csv,8
GA004,Atlanta Chosun Today,Georgia,Duluth / Metro Atlanta,https://atlantachosuntoday.com/,yes,yes,yes,Korean-language newspaper/digital newsroom,current operation; published six days per week; nearly 40 years serving Atlanta Korean-American community,verified_include,https://atlantachosuntoday.com/about/,Excellent Korean diaspora newsroom.,core_verified,yes,data/verification/georgia_verification_v1.csv,5
GA005,Atlanta K,Georgia,Metro Atlanta / Southeast,https://atlantak.com/,yes,yes_mixed_news_features,yes,Korean-American digital/community media outlet,2026 media kit describes local news and issues affecting Korean-Americans in Southeast,verified_include_with_media_kit_evidence,https://atlantak.com/wp-content/uploads/2026/02/Atlanta-K-Media-Kit-2026.pdf,Strong Korean community-media case; deeper pass should document ownership/team.,core_verified,yes,data/verification/georgia_verification_v1.csv,6
GA002,Georgia Asian Times,Georgia,Metro Atlanta / statewide,https://gasiantimes.com/,yes,yes_mixed_news_features,yes,Asian-Pacific digital news/community media outlet,current 2026 site; explicitly covers multiethnic Asian-Pacific communities in Georgia and provides community voice/platform,verified_include,https://gasiantimes.com/about-us/,Strong pan-Asian diaspora/community media case.,core_verified,yes,data/verification/georgia_verification_v1.csv,3
GA006,Georgia Korean Podcast,Georgia,Metro Atlanta / Southeast,https://gasiantimes.com/,yes_via_parent,yes_public_affairs,yes,Korean diaspora podcast hosted by Georgia Asian Times,parent site identifies dedicated podcast for Korean-American community,verified_include_hosted_program,https://gasiantimes.com/faq/,Program-level case; link to GA002 host.,core_verified,yes,data/verification/georgia_verification_v1.csv,7
GA003,Mundo Hispánico / MundoNow,Georgia,Atlanta / national,https://mundohispanico.com/,yes,yes,yes,Atlanta-founded bilingual Latino media outlet,founded as Georgia's first Spanish-language news outlet; long-running local-community role; now bilingual/national under MundoNow brand,verified_include_multiscale,https://mundohispanico.com/about-us,Include with note that current scale extends beyond Georgia.,core_verified,yes,data/verification/georgia_verification_v1.csv,4
GA008,Usapang Pinoy,Georgia,Metro Atlanta / Southeast,https://gasiantimes.com/,yes_via_parent,yes_public_affairs,yes,Filipino diaspora podcast hosted by Georgia Asian Times,parent site identifies podcast for Filipino diaspora community in metro Atlanta and Southeast,verified_include_hosted_program,https://gasiantimes.com/faq/,Program-level case; link to GA002 host.,core_verified,yes,data/verification/georgia_verification_v1.csv,9
HI001,Hawaii Filipino Chronicle,Hawaii,Waipahu / statewide,https://thefilipinochronicle.com/,yes,yes,yes,Filipino community newspaper,Current 2026 editions and articles; subscription page describes statewide Filipino readership and twice-monthly distribution,verified_include_core,https://thefilipinochronicle.com/,Strong core diaspora/community press case.,core_verified,yes,data/verification/hawaii_verification_v1.csv,2
HI002,The Fil-Am Courier,Hawaii,Honolulu / statewide,https://filamcourier.com/,yes,yes,yes,Filipino community monthly print/digital publication,Official site identifies itself as Hawaii's leading Filipino publication founded 1987 and advertises monthly statewide circulation with relevant Filipino-American content,verified_include_core,https://filamcourier.com/,Strong core inclusion.,core_verified,yes,data/verification/hawaii_verification_v1.csv,3
HI004,The San Times,Hawaii,Statewide / Japanese American community,,yes_project,yes,yes,Japanese American online community journalism project,Zentoku Foundation identifies San Times as an active initiative created after Hawaii Herald closure to sustain Japanese American journalism and cover Oahu Maui Kauai and Big Island,verified_include_core,https://zentokufoundation.org/projects/,Successor project to Hawaii Herald.,core_verified,yes,data/verification/hawaii_verification_v1.csv,5
ID002,Mosaics,Idaho,Boise / statewide,https://mosaics.castos.com/,yes,yes,yes,hosted refugee/immigrant public-affairs podcast,Active through July 2026 with recurring episodes centered on refugee and immigrant lived experience; presented by Idaho Office for Refugees and produced with SB Studios,verified_include_hosted_program,https://mosaics.castos.com/,Strong hosted media product but parent is a service organization rather than newsroom.,core_verified,yes,data/verification/idaho_verification_v1.csv,3
IL001,Borderless Magazine,Illinois,Chicago,https://borderlessmag.org/,yes,yes,yes,independent nonprofit immigration newsroom,501(c)(3); English/Spanish; immigrant-centered mission; staff/programs/funding visible,verified_include,https://borderlessmag.org/about/,Excellent core immigrant-journalism case.,core_verified,yes,data/verification/illinois_verification_v1.csv,2
IL008,Chicago Chinese News / Chicago Chinese Times,Illinois,Chicago / Naperville,https://chicagochinesetimes.com/,yes,yes,yes,Chinese-language weekly/digital newspaper,current 2026 publication; Chinese community reporting; app/digital editions; Chicago-area operation,verified_include,https://chicagochinesetimes.com/,Strong Chinese-language diaspora case.,core_verified,yes,data/verification/illinois_verification_v1.csv,9
IL015,Chicago Shimpo,Illinois,Chicago,https://www.chicagoshimpo.com/,yes,yes,yes,nonprofit Japanese-English digital newspaper,founded 1945; transitioned online 2022; 501(c)(3); explicit Nikkei/U.S.-Japan community mission,verified_include,https://www.chicagoshimpo.com/about,Strong Japanese diaspora/community case.,core_verified,yes,data/verification/illinois_verification_v1.csv,16
IL002,Cicero Independiente,Illinois,Cicero / Berwyn,https://www.ciceroindependiente.com/,yes,yes,yes,independent nonprofit bilingual newsroom,founded 2019; bilingual print/digital; immigrant-heavy communities; board/funding/editorial policies visible,verified_include,https://www.ciceroindependiente.com/about-us-sobre-nosotres,Excellent local immigrant-serving newsroom.,core_verified,yes,data/verification/illinois_verification_v1.csv,3
IL014,Draugas,Illinois,Chicago,https://www.draugas.org/,yes,yes,yes,Lithuanian-language newspaper with English-language sister publication,continuous Lithuanian publication since 1909; current Chicago editorial office; active 2026 institutional support,verified_include,https://www.draugas.org/,Strong diaspora newspaper case.,core_verified,yes,data/verification/illinois_verification_v1.csv,15
IL009,Dziennik Związkowy,Illinois,Chicago,https://www.dziennikzwiazkowy.com/,yes,yes,yes,Polish-language newspaper/digital outlet,continuous publication since 1908; current 2026 Chicago/Illinois coverage; editorial contact and print/digital presence,verified_include,https://www.dziennikzwiazkowy.com/,Strong Polish diaspora newsroom.,core_verified,yes,data/verification/illinois_verification_v1.csv,10
IL011,India Tribune,Illinois,Chicago,https://www.indiatribune.com/,yes,yes,yes,Indian-American biweekly newspaper/digital outlet,founded 1977 in Chicago; current 2026 publication; publisher/team/contact disclosed; national Indian-American readership,verified_include,https://www.indiatribune.com/about-us,Strong Indian diaspora news case.,core_verified,yes,data/verification/illinois_verification_v1.csv,12
IL013,Korea Times Chicago,Illinois,Wheeling / Chicago metro,https://chicagokoreatimes.com/,yes,yes,yes,Korean-American print and digital newsroom,operating since 1971; current Chicago office; print/e-paper; Korean-American community mission,verified_include,https://chicagokoreatimes.com/contact/,Strong Korean diaspora case.,core_verified,yes,data/verification/illinois_verification_v1.csv,14
IL003,La Raza,Illinois,Chicago,https://laraza.com/,yes,yes,yes,Spanish-language commercial news publication,founded 1970; Chicago Latino mission; current ownership and affiliations disclosed,verified_include,https://laraza.com/about-us/,Strong long-running Latino community newsroom.,core_verified,yes,data/verification/illinois_verification_v1.csv,4
IL018,LATINEXT,Illinois,Chicago metro,https://latinext.media/en/,yes,yes,yes,bilingual news collaborative of The Chicago Reporter and Univision Chicago,active site; public-service journalism for Chicagoland Latinx communities; English/Spanish original reporting,verified_include_hosted_collaboration,https://latinext.media/en/,Include as hosted collaborative; code parent organizations separately.,core_verified,yes,data/verification/illinois_verification_v1.csv,19
IN005,Desi.Net Indianapolis,Indiana,Indianapolis,https://desi.net/indianapolis/,yes,yes_digital_summary,yes,local South Asian digital news vertical within Desi.Net network,active Sept. 2026 original local summaries focused on Sikh Punjabi and South Asian community developments,verified_include_network_local_vertical,https://desi.net/indianapolis/news/indianapolis-indianapolis-new-gurdwara-opens-as-ice-fears-grow-in-sikh-community-2026-09-10,Useful emerging network-local model; deeper pass should document ownership/editorial workflow.,core_verified,yes,data/verification/indiana_verification_v1.csv,6
IN002,El Puente,Indiana,South Bend / Michiana,https://www.webelpuente.com/,yes,yes,yes,bilingual Hispanic newspaper/digital outlet,operating since 1992; describes itself as Indiana's first Hispanic newspaper; active Sept. 2026 local/community reporting,verified_include,https://www.webelpuente.com/,Strong Michiana immigrant-serving case.,core_verified,yes,data/verification/indiana_verification_v1.csv,3
IN001,La Voz de Indiana,Indiana,Indianapolis / statewide,https://www.lavozdeindiana.com/,yes,yes,yes,bilingual Latino newspaper/digital outlet,founded 1999 by immigrant/Latino publishers; active Aug. 2026 edition; statewide distribution; explicit Latino integration/information mission,verified_include,https://www.lavozdeindiana.com/untitled,Excellent long-running statewide Latino case.,core_verified,yes,data/verification/indiana_verification_v1.csv,2
IN004,Macedonian Tribune,Indiana,Fort Wayne,https://macedonian.org/tribune-online/,likely_yes,yes,yes,diaspora newspaper published by Macedonian Patriotic Organization,founded 1927 by Macedono-Bulgarian immigrants and continues as MPO publication,verified_include_with_secondary_evidence,https://macedonian.org/tribune-online/,Important long-duration diaspora press case; verify 2026 publication cadence directly in deeper pass.,core_verified,yes,data/verification/indiana_verification_v1.csv,5
IN003,Telemundo Indy,Indiana,Indianapolis / statewide,https://telemundoindy.com/,yes,yes,yes,Spanish-language local television/digital newsroom,active Aug-Sept. 2026 local newscasts and immigration reporting,verified_include,https://telemundoindy.com/,Strong network/local newsroom case.,core_verified,yes,data/verification/indiana_verification_v1.csv,4
KY001,Al Día en América,Kentucky,Louisville / Kentuckiana,https://www.aldiaenamerica.com/,yes,yes,yes,Spanish-language local newspaper/digital outlet,founded 2004; active Aug. 2026; explicit mission as voice and information space for Louisville/Kentuckiana Hispanic community,verified_include,https://www.aldiaenamerica.com/2026/08/30/22-anos-de-al-dia-en-america/,Excellent long-running Spanish-language community newsroom.,core_verified,yes,data/verification/kentucky_verification_v1.csv,2
KY002,El Kentubano,Kentucky,Louisville / Lexington,https://www.elkentubano.com/,yes,yes_mixed_magazine_news,yes,Cuban/Hispanic community publication with print/digital/radio elements,active Sept. 2026 edition; nearly 17 years and 200+ editions; explicit mission to serve Louisville and Lexington Hispanic community,verified_include_mixed_format,https://www.elkentubano.com/edicion-digital/,Strong Cuban diaspora/Hispanic community-media case.,core_verified,yes,data/verification/kentucky_verification_v1.csv,3
LA001,Jambalaya News,Louisiana,Metairie / Greater New Orleans,https://www.jambalayanews.com/,yes,yes,yes,immigrant-founded Spanish-language multimedia news organization,"founded 2004 by Honduran immigrant journalist Brenda Murphy; 17,000 monthly print copies reported in 2026; local-focus newsroom plus radio/livestream/digital; staff spans U.S. and Central America",verified_include_core,https://www.fox8live.com/2026/07/08/historian-uncovers-new-orleans-longtime-spanish-newspaper-history/,Strong core Phase 1A case; sustained current journalism and explicit immigrant-community orientation.,core_verified,yes,data/verification/louisiana_verification_v1.csv,2
LA005,New Orleans Mới,Louisiana,New Orleans / Vietnamese diaspora,https://www.vietneworleans.com/,yes,yes,yes,Vietnamese-language nonprofit digital community news site,site states it covers New Orleans U.S. Vietnam world affairs economy culture and Vietnamese community activity and operates as a nonprofit community service,verified_include_core,https://www.vietneworleans.com/,Strong Vietnamese-language diaspora case; organizational details beyond self-description remain thin.,core_verified,yes,data/verification/louisiana_verification_v1.csv,6
LA002,Telemundo 42 New Orleans,Louisiana,Metairie / Southeast Louisiana,https://telemundoneworleans.com/,yes,yes,yes,Spanish-language local television newsroom,mission states trusted voice of Hispanic community across Southeast Louisiana; produces local/international news weather cultural programming and immigration/public-policy coverage,verified_include_core,https://telemundoneworleans.com/nosotros/,Large network-affiliated local newsroom; preserve as institutional contrast.,core_verified,yes,data/verification/louisiana_verification_v1.csv,3
LA003,Tropical 105.7 FM / KGLA,Louisiana,New Orleans / Southeast Louisiana,https://tropical1057.us/,yes,yes,yes,Spanish-language commercial radio station,weekday schedule includes local New Orleans news national news sports and talk/public-affairs programs; station serves Hispanic communities of southeast Louisiana,verified_include_core,https://tropical1057.us/,Radio case with sustained scheduled journalism; ownership linked to Crocodile Broadcasting.,core_verified,yes,data/verification/louisiana_verification_v1.csv,4
LA004,VIVA NOLA Magazine,Louisiana,Metairie / Greater New Orleans,https://vivanolamag.com/,yes,yes_mixed,yes,bilingual Latino/Hispanic print and digital publication,self-described print/digital bilingual publication; Latino/Hispanic perspective; active 2026 news/community coverage; independently documented as bi-monthly print outlet,verified_include_core,https://vivanolamag.com/about-me/,Journalism is mixed with lifestyle/culture and promotional content but sustained community reporting is visible.,core_verified,yes,data/verification/louisiana_verification_v1.csv,5
ME001,Amjambo Africa,Maine,Portland / Lewiston / statewide,https://www.amjamboafrica.com/,yes,yes,yes,nonprofit multilingual immigrant-serving newsroom; program of Ladder to the Moon Network,active Sept. 2026; explicit mission to serve Maine immigrants and host communities; editorial independence policy; multilingual content including Swahili,verified_include,https://www.amjamboafrica.com/about-us/,Excellent core case with unusually rich institutional transparency.,core_verified,yes,data/verification/maine_verification_v1.csv,2
ME002,Maine Public News Connect,Maine,Statewide,https://www.mainepublic.org/about-maine-public-news-connect,yes,yes_translated_news,yes_language_service,multilingual news initiative within Maine Public,weekly translated stories/newsletters designed with immigrant-rights and Congolese/Angolan community partners,verified_include_hosted_language_product,https://www.mainepublic.org/about-maine-public-news-connect,Strong hosted language-access journalism model.,core_verified,yes,data/verification/maine_verification_v1.csv,3
ME004,Maine Public News Connect - French,Maine,Statewide,https://contact.mainepublic.org/page/66230/subscribe/1?locale=en-US,yes,yes_translated_news,yes,French-language product within Maine Public News Connect,current subscription page offers weekly French news bulletins,verified_include_hosted_program,https://contact.mainepublic.org/page/66230/subscribe/1?locale=en-US,Product-level case; link to ME002.,core_verified,yes,data/verification/maine_verification_v1.csv,5
ME005,Maine Public News Connect - Portuguese,Maine,Statewide,https://contact.mainepublic.org/page/66230/subscribe/1?locale=en-US,yes,yes_translated_news,yes,Portuguese-language product within Maine Public News Connect,current subscription page offers weekly Portuguese news,verified_include_hosted_program,https://contact.mainepublic.org/page/66230/subscribe/1?locale=en-US,Product-level case; link to ME002.,core_verified,yes,data/verification/maine_verification_v1.csv,6
ME003,Maine Public News Connect - Somali,Maine,Statewide,https://contact.mainepublic.org/page/66230/subscribe/1?locale=en-US,yes,yes_translated_news,yes,Somali-language product within Maine Public News Connect,current subscription page offers weekly Somali newscasts/newsletters,verified_include_hosted_program,https://contact.mainepublic.org/page/66230/subscribe/1?locale=en-US,Product-level case; link to ME002.,core_verified,yes,data/verification/maine_verification_v1.csv,4
ME006,Maine Public News Connect - Spanish,Maine,Statewide,https://contact.mainepublic.org/page/66230/subscribe/1?locale=en-US,yes,yes_translated_news,yes,Spanish-language product within Maine Public News Connect,current subscription page offers weekly Spanish news,verified_include_hosted_program,https://contact.mainepublic.org/page/66230/subscribe/1?locale=en-US,Product-level case; link to ME002.,core_verified,yes,data/verification/maine_verification_v1.csv,7
MA006,Boston Orange,Massachusetts,Greater Boston,https://www.bostonorange.com/,yes,yes_mixed_blog_news,yes,Chinese-language community reporting publication/blog,active Sept. 2026 original reporting from Massachusetts Chinese-American community events and institutions,verified_include_mixed_format,https://www.bostonorange.com/2026/09/gbcca70.html?m=0,Useful community-reporting case; deeper pass should document ownership and publication cadence.,core_verified,yes,data/verification/massachusetts_verification_v1.csv,7
MA003,Brazilian Times,Massachusetts,Somerville / New England,https://www.braziliantimes.com/,yes,yes,yes,Brazilian Portuguese print/digital/radio media organization,founded 1988; Somerville headquarters; twice-weekly New England print plus digital/radio; explicit Brazilian diaspora mission,verified_include,https://www.braziliantimes.com/quem-somos,Excellent Brazilian diaspora newsroom.,core_verified,yes,data/verification/massachusetts_verification_v1.csv,4
MA002,El Mundo Boston,Massachusetts,Boston / statewide,https://elmundoboston.com/,yes,yes,yes,long-running Spanish-language print/digital newspaper,active Sept. 2026 weekly print editions and local/community reporting; operating since 1972,verified_include,https://elmundoboston.com/digital-edition/,Excellent longstanding Latino press case.,core_verified,yes,data/verification/massachusetts_verification_v1.csv,3
MA001,El Planeta,Massachusetts,Greater Boston / statewide,https://elplaneta.com/,yes,yes,yes,Latino/family-owned Spanish-language local newsroom within Tiempo Company,20+ years; local focus on immigration education business and Latino empowerment; current digital/print reach statewide,verified_include,https://elplaneta.com/about-us-en/,Excellent core Latino newsroom.,core_verified,yes,data/verification/massachusetts_verification_v1.csv,2
MA005,Khmer Post USA,Massachusetts,Lowell / Cambodian diaspora,https://khmerpostusa.com/,yes,yes,yes,Cambodian-American digital news/community outlet,active Sept. 2026 reporting on Lowell Cambodian community; UMass Lowell identifies Khmer Post USA as archive/community partner,verified_include,https://khmerpostusa.com/lowell-has-the-second-largest-cambodian-community-in-the-united-states-and-almost-nobody-who-built-it-chose-lowell-on-purpose/,Strong refugee/diaspora community case.,core_verified,yes,data/verification/massachusetts_verification_v1.csv,6
MA004,Sampan,Massachusetts,Greater Boston,https://www.sampan.org/,yes,yes,yes,nonprofit bilingual Chinese-English biweekly newspaper published by Asian American Civic Association,only bilingual Chinese-English newspaper in New England; covers immigration civil rights housing education and Asian-American community issues,verified_include_hosted_program,https://www.sampan.org/about-4,Strong nonprofit/community-hosted immigrant journalism case.,core_verified,yes,data/verification/massachusetts_verification_v1.csv,5
MA007,The Boston Korea,Massachusetts,Allston / Greater Boston,,yes_via_state_registry,yes_likely,yes,Korean-language news organization,listed as registered news organization by Massachusetts Supreme Judicial Court with Allston location,verified_include_with_directory_evidence,https://www.mass.gov/info-details/registered-news-media-under-sjc-rule-119,Strong lead; direct current website and newsroom structure should be added later.,core_verified,yes,data/verification/massachusetts_verification_v1.csv,8
MI006,Bangla Shangbad,Michigan,Metro Detroit,,current_network_listing,yes,yes,Bangladeshi community newspaper,"New Michigan Media identifies publisher Iqbal Hussein, circulation 7,000 and readership over 20,000; listed as current 2026 partner",verified_include_with_directory_evidence,https://newmichiganmedia.com/about/,Include provisionally; locate direct current site and staff/contact details in deeper pass.,core_verified,yes,data/verification/michigan_verification_v1.csv,7
MI007,Chaldean News,Michigan,Metro Detroit,https://www.chaldeannews.com/,yes,yes,yes,English-language monthly/digital Chaldean community news publication owned by Chaldean Community Foundation,current Sept. 2026 issue; publication of record since 2004; community foundation ownership; staff reporting; Michigan/Iraq diaspora coverage,verified_include,https://www.chaldeannews.com/support,Excellent Iraqi-Chaldean diaspora case; host organization is publicly visible.,core_verified,yes,data/verification/michigan_verification_v1.csv,8
MI003,EL CENTRAL Hispanic News,Michigan,Detroit / Southeast Michigan,https://elcentralmedia.com/,yes,yes,yes,bilingual English-Spanish weekly/digital newsroom,current 2026 local reporting; newsroom team; stated mission to inform Metro Detroit Hispanic/Latino communities; weekly audio briefing,verified_include,https://elcentralmedia.com/about/,Strong core Latino community newsroom with substantial institutional transparency.,core_verified,yes,data/verification/michigan_verification_v1.csv,4
MI004,Latino Press / Latino Detroit,Michigan,Detroit / Southeast Michigan,https://latinodetroit.com/,yes,yes,yes,Spanish-language weekly newspaper/digital publisher,30 years of operation; weekly newspaper/news bulletin; Detroit base; explicit Hispanic-community information mission,verified_include,https://latinodetroit.com/about-latino-detroit/,Strong commercial/community Latino media case.,core_verified,yes,data/verification/michigan_verification_v1.csv,5
MI001,The Arab American News,Michigan,Dearborn / Metro Detroit,https://arabamericannews.com/,yes,yes,yes,bilingual Arabic-English weekly newspaper,founded 1984; weekly; Dearborn headquarters; English/Arabic; current 2026 reporting; explicit Arab American audience,verified_include,https://arabamericannews.com/,Strong core diaspora/immigrant-serving outlet and one of Michigan's major ethnic news institutions.,core_verified,yes,data/verification/michigan_verification_v1.csv,2
MI008,The Polish Weekly / Tygodnik Polski,Michigan,Orchard Lake / Metro Detroit,https://polishweekly.com/,yes,yes,yes,bilingual Polish-English digital publication within Polish Media Center,current 2026 publication; continuous tradition from Detroit Polish press; editor/staff identified; Polish Institute host,verified_include_hosted_program,https://polishweekly.com/about-us/,Strong Polish diaspora case; code Polish Media Center/Polish Institute as host infrastructure.,core_verified,yes,data/verification/michigan_verification_v1.csv,9
MI002,The Yemeni American,Michigan,Dearborn / Metro Detroit,https://yemeniamerican.com/en/,yes,yes,yes,Yemeni American bilingual newspaper/digital outlet,current 2026 local/community reporting; Dearborn/Hamtramck coverage; Yemeni American focus; English/Arabic publication history,verified_include,https://yemeniamerican.com/en/,Excellent core case with highly specific immigrant/diaspora public.,core_verified,yes,data/verification/michigan_verification_v1.csv,3
MN021,3HMONGTV / Hmong Broadcasting Company,Minnesota,Twin Cities,https://hbctv.net/,yes,yes,yes,community television/digital media network,history; mission; community journalism; active news output,verified_include,,Active Hmong media network with current news and community journalism.,core_verified,yes,data/verification/minnesota_verification_batch1.csv,10
MN019,Hmong Radio Broadcast,Minnesota,Twin Cities,https://www.hmongradiobroadcast.com/,yes,yes,yes,commercial radio station,woman-owned; commercial; news/community education mission,verified_include,,Explicit Hmong community news and education mission; serves Twin Cities and western Wisconsin.,core_verified,yes,data/verification/minnesota_verification_batch1.csv,9
MN003,Hmong Times,Minnesota,St. Paul,https://hmongtimes.com/,yes,yes,yes,community newspaper,active site; Hmong community news,verified_include,,Active Hmong American newspaper; institutional structure needs deeper coding.,core_verified,yes,data/verification/minnesota_verification_batch1.csv,4
MN006,KALY Somali American Radio,Minnesota,Minneapolis,https://kalyradio.org/,yes,yes,yes,community radio program hosted by Somali American Community,mission; host organization; underwriting sponsors,verified_include,,Somali-language radio explicitly serving Somali and East African immigrants.,core_verified,yes,data/verification/minnesota_verification_batch1.csv,6
MN004,Korean Quarterly,Minnesota,St. Paul,https://www.koreanquarterly.org/,yes,yes,yes,501(c)(3) nonprofit publication,staff; nonprofit status; donations; advertising; subscriptions,verified_include,,Strong institutional visibility on staff page.,core_verified,yes,data/verification/minnesota_verification_batch1.csv,5
MN008,Mshale,Minnesota,Minneapolis,https://mshale.com/,yes,yes,yes,independent/community newspaper,publisher identity; current site; African immigrant orientation,verified_include,,Current site active; secondary reporting identifies it as Minnesota's longest-running newspaper serving African immigrants.,core_verified,yes,data/verification/minnesota_verification_batch1.csv,7
MN001,Sahan Journal,Minnesota,St. Paul,https://sahanjournal.com/,yes,yes,yes,nonprofit newsroom,staff page; board; nonprofit status; funding/support visible,verified_include,,Verified current website; explicit mission serving Minnesota immigrants and communities of color.,core_verified,yes,data/verification/minnesota_verification_batch1.csv,2
MN002,Somali Media of Minnesota,Minnesota,Minneapolis,https://somalimediamn.com/,yes,yes,yes,nonprofit digital newsroom,mission; immigrant-serving orientation; multilingual/home-language focus,verified_include,,Founded in 2023; explicit nonprofit digital newsroom for Horn of Africa immigrants.,core_verified,yes,data/verification/minnesota_verification_batch1.csv,3
MN009,The Somali American,Minnesota,Minneapolis,https://thesomaliamerican.com/,yes,yes,yes,print/digital community publication,media kit; circulation; Somali community orientation,verified_include,,Current website active; media kit documents print/online publication serving Somali community.,core_verified,yes,data/verification/minnesota_verification_batch1.csv,8
MS003,Mississippi Today en Español,Mississippi,Statewide,https://mississippitoday.org/tag/en-espanol/,yes_selected_2026_translation,yes_selected_translation,yes_language_service,Spanish-language translated stories within statewide nonprofit newsroom,Mississippi Today maintains En Español archive and published 2026 Spanish translation of immigration-enforcement coverage,verified_include_hosted_language_product,https://mississippitoday.org/2026/07/13/detenciones-ice-interrumpen-vidas-oxford/,Hosted language-access product; parent newsroom is general-interest.,core_verified,yes,data/verification/mississippi_verification_v1.csv,4
MO001,Dos Mundos,Missouri,Kansas City metro,https://dosmundos.com/,yes,yes,yes,bilingual weekly newspaper within Reyes Media Group,founded 1981 to serve newly arrived Spanish speakers; 45 years of immigrant-serving journalism; Greater Kansas City reach,verified_include,https://dosmundos.com/dos-mundos-continues-founders-legacy-while-looking-to-the-future/,Excellent long-running immigrant-serving newsroom.,core_verified,yes,data/verification/missouri_verification_v1.csv,2
MO002,KC Hispanic News,Missouri,Kansas City metro,https://kchispanicnews.com/,yes,yes,yes,family-run bilingual weekly newspaper,active Sept. 2026 weekly publication; 30 years of Hispanic community reporting; Kansas City Missouri base,verified_include,https://kchispanicnews.com/,Strong current Latino community newsroom.,core_verified,yes,data/verification/missouri_verification_v1.csv,3
MO003,Red Latina STL,Missouri,St. Louis / regional,https://www.redlatinastl.com/,yes,yes_mixed_magazine_news,yes,bilingual Latino digital/news-magazine platform,25-year St. Louis Latino media organization; active 2026 daily/biweekly reporting on immigration education public affairs and community life,verified_include_mixed_format,https://www.redlatinastl.com/post/red-latina-inicia-2026-con-nueva-edici%C3%B3n-y-una-plataforma-renovada,Strong St. Louis Latino media case.,core_verified,yes,data/verification/missouri_verification_v1.csv,4
MO004,St. Louis Chinese American News,Missouri,St. Louis metro,https://web.scanews.com/,yes,yes,yes,weekly bilingual Chinese-American newspaper,founded 1990; 6000 weekly copies; broad St. Louis metro distribution; explicit Chinese/Asian community mission,verified_include,https://web.scanews.com/about-us/,Excellent Chinese diaspora/community case.,core_verified,yes,data/verification/missouri_verification_v1.csv,5
NE001,El Perico,Nebraska,Omaha,https://el-perico.com/,yes,yes,yes,bilingual community newspaper/digital platform within Pioneer Publishing,"founded 1999; first-generation immigrants are largest readership segment; local immigration, health, education, politics and community reporting",verified_include,https://el-perico.com/about-us/,Excellent core immigrant-serving newsroom.,core_verified,yes,data/verification/nebraska_verification_v1.csv,2
NE003,Hola Nebraska,Nebraska,Statewide / Omaha,https://holanebraska.org/,yes,yes,yes,fully bilingual digital news platform,"active 2026 Nebraska news; explicitly dedicated to Latino voices, stories and contributions statewide",verified_include,https://holanebraska.org/,Strong current bilingual case.,core_verified,yes,data/verification/nebraska_verification_v1.csv,4
NE006,KZUM en Español,Nebraska,Lincoln,https://kzum.org/news/,yes,yes_hosted_multilingual,yes,Spanish-language hosted public-radio/news partnership,KZUM explicitly partners with programmers and Mundo Latino so Spanish-speaking communities can stay informed,verified_include_hosted_program,https://kzum.org/news/,Strong hosted/community-radio case.,core_verified,yes,data/verification/nebraska_verification_v1.csv,7
NE002,Mundo Latino Network,Nebraska,Omaha / statewide,https://mundolatinonetwork.com/,yes,yes_mixed_news_information,yes,immigrant-founded Spanish-language community media outlet,founded in 1999 by Mexican immigrant communications professional; explicit mission to provide locally relevant information beyond translated news,verified_include,https://mundolatinonetwork.com/2026/09/07/letter-from-the-editor-27-years-of-mundo-latino/,Strong immigrant-founded institutional case.,core_verified,yes,data/verification/nebraska_verification_v1.csv,3
NE004,Telemundo Nebraska,Nebraska,Statewide,https://www.floodcomm.com/telemundo-radio-lobo/,yes,yes,yes,Spanish-language local television newsroom within Flood Communications,state's first network affiliate delivering local Spanish news; weekday 5PM and 10PM local newscasts; statewide/multimarket reach,verified_include,https://www.floodcomm.com/telemundo-radio-lobo/,Strong network-affiliated comparison case.,core_verified,yes,data/verification/nebraska_verification_v1.csv,5
NV002,El Nuevo Mundo,Nevada,Las Vegas / Southern Nevada,https://elnuevomundo.lv/,yes,yes,yes,Spanish-language newspaper/digital outlet,active Sept. 2026 print/digital issues; local reporting; explicit tagline serving Hispanics in Southern Nevada,verified_include,https://elnuevomundo.lv/,Strong current Spanish-language community newsroom.,core_verified,yes,data/verification/nevada_verification_v1.csv,3
NV003,Entérate Vegas,Nevada,Las Vegas,https://enteratevegas.com/,yes,yes,yes,Spanish-language digital local-news outlet,current local Spanish reporting; explicitly positions itself as filling Las Vegas Spanish-news gap after El Tiempo and El Mundo print closures,verified_include,https://enteratevegas.com/advertise/,Strong emerging digital Spanish-language case.,core_verified,yes,data/verification/nevada_verification_v1.csv,4
NV008,K-LasVegas / Las Vegas Korean Magazine,Nevada,Las Vegas,https://www.k-lasvegas.org/,yes,mixed_magazine_journalism,yes,Korean-American monthly magazine run by nonprofit media foundation,"current Sept. 2026 issue; nonprofit Korean media foundation; community profiles, columns and local information",verified_include_mixed_format,https://www.k-lasvegas.org/,Useful institutional contrast with Korean newspapers; code journalism share separately.,core_verified,yes,data/verification/nevada_verification_v1.csv,9
NV005,Las Vegas Chinese Daily News,Nevada,Las Vegas / Southern Nevada,https://lasvegaschinesedailynews.com/en/,yes,yes,yes,Chinese community newspaper/digital outlet,current Sept. 2026 site; describes itself as leading Chinese community newspaper in Las Vegas; dedicated reporters and local distribution,verified_include,https://lasvegaschinesedailynews.com/en/,Strong Chinese diaspora/local-news case.,core_verified,yes,data/verification/nevada_verification_v1.csv,6
NV006,Las Vegas Korean News,Nevada,Las Vegas,,yes_via_current_issue_archive,yes,yes,Korean-language community newspaper,"issue 1569 dated Sept. 14-27, 2026; extensive current print/digital publication",verified_include_with_secondary_evidence,https://fliphtml5.com/cztqq/1569-BcKB/9/,Strong current Korean-community newspaper; direct primary website/ownership should be added later.,core_verified,yes,data/verification/nevada_verification_v1.csv,7
NV004,Noticiero Móvil,Nevada,Reno / Northern Nevada,https://noticieromovil.com/,yes,yes,yes,bilingual Spanish-English multimedia newsroom,current Sept. 2026 reporting; explicit mission to provide accessible relevant coverage with Northern Nevada Latino community,verified_include,https://noticieromovil.com/,Excellent Northern Nevada Latino newsroom.,core_verified,yes,data/verification/nevada_verification_v1.csv,5
NV001,Philippine Times of Southern Nevada,Nevada,Las Vegas / Southern Nevada,https://ptsnv.com/,yes,yes,yes,bilingual English-Tagalog Filipino-American newspaper/digital outlet,current Sept. 2026 issues; biweekly publication; local team; Filipino-American audience; print/digital subscriptions,verified_include,https://ptsnv.com/subscribe/,Excellent Filipino diaspora/community-news case.,core_verified,yes,data/verification/nevada_verification_v1.csv,2
NV011,PHLV Radio,Nevada,Las Vegas,https://phlvradio.com/,likely_yes,mixed_news_entertainment,yes,Filipino-American radio/digital media outlet,recognized as trusted voice for Las Vegas Filipino community; current brand/activity referenced by Philippine Times,verified_include_mixed_format,https://ptsnv.com/category/top-stories/,Retain as mixed-format Filipino community media; deeper pass should code news/public-affairs share.,core_verified,yes,data/verification/nevada_verification_v1.csv,12
NV007,The Las Vegas Times / Korean Las Vegas Times,Nevada,Las Vegas,https://www.koreanlasvegastimes.com/,yes_via_issue_archive,yes,yes,Korean-language biweekly newspaper,"current 2026 issues identify Las Vegas office/contact, publisher and biweekly publication schedule",verified_include_with_secondary_evidence,https://anyflip.com/njqei/sfai/basic/,Strong Korean diaspora case; direct website may need technical verification.,core_verified,yes,data/verification/nevada_verification_v1.csv,8
NV009,VietLasVegas.com,Nevada,Las Vegas,https://vietlasvegas.com/,yes,mixed_news_information,yes,Vietnamese-language community information/news site,active 2026 archive and Vietnamese Las Vegas news/events/announcements,verified_include_mixed_format,https://vietlasvegas.com/archive/,Eligible as community information/news platform; deeper pass should assess original reporting share.,core_verified,yes,data/verification/nevada_verification_v1.csv,10
NC005,Alianza NC,North Carolina,Chapel Hill,https://www.alianzanc.com/,yes,yes,yes,student-led bilingual newspaper,founded 2025; monthly academic-year issues; editors listed; explicit migrant Latiné mission,verified_include,https://www.alianzanc.com/about/acercade,Eligible despite small/student-led structure; analytically valuable emerging-newsroom case.,core_verified,yes,data/verification/north_carolina_verification_v1.csv,6
NC006,El Faro (Beacon Media NC),North Carolina,Statewide,https://www.beaconmedianc.org/el-faro/,yes,yes,yes,Spanish-language hosted public-affairs/news program within Beacon Media,named hosts/producers; immigration and state-politics episodes; partnerships with journalists/community organizations,verified_include_hosted_program,https://www.beaconmedianc.org/el-faro/,Include as a hosted program and link to Beacon Media as parent/intermediary.,core_verified,yes,data/verification/north_carolina_verification_v1.csv,7
NC001,Enlace Latino NC,North Carolina,Statewide / Raleigh,https://enlacelatinonc.org/,yes,yes,yes,independent nonprofit Spanish-language digital newsroom,founded 2018; immigrant-journalist leadership; statewide public-service reporting; staff/policies/donor structure visible,verified_include,https://enlacelatinonc.org/about-us/,Excellent core case; explicit mission to serve North Carolina's Latino immigrant community.,core_verified,yes,data/verification/north_carolina_verification_v1.csv,2
NC004,Hola Carolina,North Carolina,Asheville / Western North Carolina,https://holacarolina.org/,yes,yes,yes,impact-driven nonprofit Latino/community media organization,current news site; immigrant-community mission; Spanish-language radio partnership; nonprofit identity,verified_include,https://holacarolina.org/,Strong Western North Carolina immigrant-serving case.,core_verified,yes,data/verification/north_carolina_verification_v1.csv,5
NC012,Hola News,North Carolina,Charlotte / Carolinas,https://holanews.com/,yes,yes,yes,Spanish-language digital news outlet,active 2026 Charlotte/Carolinas coverage; immigration and local community reporting,verified_include,https://holanews.com/,"Strong current outlet; verify ownership and relationship, if any, to other regional Spanish-media groups in deeper pass.",core_verified,yes,data/verification/north_carolina_verification_v1.csv,13
NC011,La Conexión USA,North Carolina,Raleigh / statewide,https://laconexionusa.com/,yes,yes,yes,Spanish-language digital/community news outlet,"active 2026 local North Carolina news; immigration, politics, education and community sections",verified_include,https://laconexionusa.com/,Strong current Spanish-language local-news candidate; ownership/staff need deeper coding.,core_verified,yes,data/verification/north_carolina_verification_v1.csv,12
NC002,La Noticia,North Carolina,Charlotte / statewide,https://lanoticia.com/,yes,yes,yes,Spanish-language newspaper and digital newsroom,"28-year publication history; Charlotte/Raleigh/Asheville editions; immigration, government and community reporting; immigrant readership",verified_include,https://www.reportforamerica.org/newsrooms/la-noticia/,Strong statewide immigrant-serving newsroom.,core_verified,yes,data/verification/north_carolina_verification_v1.csv,3
NC003,Qué Pasa / Acción Hispana,North Carolina,Statewide,https://accionhispana.org/,yes,yes,yes,Spanish-language weekly newspaper and digital platform run by Acción Hispana,founded 1994; three weekly print editions; first-generation immigrant staff; daily digital content; grants/partnerships visible,verified_include,https://accionhispana.org/about-us/,Very strong core case; institutional infrastructure is unusually well documented.,core_verified,yes,data/verification/north_carolina_verification_v1.csv,4
OH006,El Sol de Ohio,Ohio,Columbus,https://www.elsoldeohio.com/,yes,yes,yes,Spanish-language community newspaper/digital outlet,established 2010; active 2026 Columbus and Latino-community reporting,verified_include,https://www.elsoldeohio.com/,Strong current Columbus Latino outlet.,core_verified,yes,data/verification/ohio_verification_v1.csv,7
OH005,La Prensa Newspaper,Ohio,Toledo / NW Ohio,https://laprensanewspaper.com/,yes,yes,yes,bilingual Latino newspaper/digital outlet,current 2026 publication; Toledo office; Ohio/Michigan coverage; Latino community focus,verified_include,https://laprensanewspaper.com/,Strong regional Latino newsroom.,core_verified,yes,data/verification/ohio_verification_v1.csv,6
OH004,Ohio in Arabic,Ohio,Statewide / Columbus,https://ohioinarabic.com/,yes,yes,yes,nonprofit Arabic-language media and service organization,founded as independent Arabic newspaper in 2019; nonprofit foundation since 2022; immigrant family founders; explicit newcomer information mission,verified_include,https://ohioinarabic.com/about-us,Excellent Arabic immigrant-serving media case.,core_verified,yes,data/verification/ohio_verification_v1.csv,5
OH009,Onumba / Fawol Africa Media,Ohio,Columbus,https://onumba.com/,yes,yes,yes,Nigerian/African diaspora online news and commentary outlet,founded 2003; Columbus address; Nigerian immigrant editor; current 2026 reporting/commentary; explicit African diaspora mission,verified_include,https://onumba.com/about-onumba/,Strong African diaspora case with clear local Ohio base and transnational scope.,core_verified,yes,data/verification/ohio_verification_v1.csv,10
OH007,Vocero Latino,Ohio,Cleveland,https://vocerolatino.com/,yes,yes,yes,Spanish-language newspaper/digital outlet,serving Cleveland Hispanic community since 1998; current 2026 posts; community-news mission,verified_include,https://vocerolatino.com/,Strong current Cleveland Latino outlet.,core_verified,yes,data/verification/ohio_verification_v1.csv,8
OK002,El Latino American,Oklahoma,Oklahoma City / statewide,https://ellatinoamerican.com/,yes,yes,yes,bilingual Spanish-English newspaper and digital outlet,active September 2026 local Oklahoma reporting plus digital newspaper archive; states service to Spanish-speaking population since 1994,verified_include,https://www.ellatinoamerican.com/,Clear active core outlet.,core_verified,yes,data/verification/oklahoma_verification_v1.csv,3
OK001,El Nacional de Oklahoma,Oklahoma,Oklahoma City / statewide,https://elnacionaldeoklahoma.com/,yes,yes,yes,Spanish-language commercial newspaper/digital newsroom,current 2026 Oklahoma news coverage including immigrant-community policing and Mexican community events; longstanding Hispanic-owned outlet,verified_include,https://elnacionaldeoklahoma.com/oklahoma-news/,Clear active core outlet.,core_verified,yes,data/verification/oklahoma_verification_v1.csv,2
OR004,Afisha Magazine,Oregon,Portland / Oregon & SW Washington,https://thegreatmediagroup.com/,yes,yes,yes,Russian/Ukrainian-language magazine within multicultural media group,host company; 30+ year publication history; news/cultural content; immigrant audience,verified_include,https://thegreatmediagroup.com/,"Eligible, though journalism/news share should be coded later because magazine also carries cultural/lifestyle content.",core_verified,yes,data/verification/oregon_verification_v1.csv,5
OR007,El Latino de Hoy,Oregon,Portland / statewide,https://www.ellatinodehoy.com/,yes,yes,yes,Spanish-language weekly/community newspaper,current 2026 news; founded 1991; Oregon Latino identity,verified_include,https://www.ellatinodehoy.com/,Strong current Latino community newspaper.,core_verified,yes,data/verification/oregon_verification_v1.csv,8
OR010,Elemento Latino,Oregon,Hillsboro / Portland,https://icgmultimedia.com/,yes,yes,yes,Latino news/interview program within multimedia company,current site; CEO/host; reporting/interviews/news; sponsors and clients,verified_include,https://icgmultimedia.com/,Eligible; useful commercial/multimedia case.,core_verified,yes,data/verification/oregon_verification_v1.csv,11
OR003,Maidan Newspaper,Oregon,Portland / Oregon & SW Washington,https://thegreatmediagroup.com/,yes,yes,yes,Ukrainian-language newspaper within multicultural media group,host company; immigrant/refugee mission; language; regional scope,verified_include,https://thegreatmediagroup.com/,Strong immigrant/refugee fit; useful hosted/networked case.,core_verified,yes,data/verification/oregon_verification_v1.csv,4
OR011,Noticias Latinas! Latin News,Oregon,Portland / Oregon & SW Washington,https://www.latinmedianw.com/noticiaslatinas.html,yes,yes,yes,Spanish-language newspaper within Latin Media Northwest LLC,current site; print distribution; publisher/editor structure; Oregon/Washington reach,verified_include,https://www.latinmedianw.com/noticiaslatinas.html,Strong community-newspaper case; institutional structure is publicly visible.,core_verified,yes,data/verification/oregon_verification_v1.csv,12
OR002,Noticias Noroeste,Oregon,Portland / Oregon & SW Washington,https://noticiasnw.com/,yes,yes,yes,independent Spanish-language digital newsroom,mission; founder/editor; weekday newscast; immigration and local-news categories,verified_include,https://noticiasnw.com/sobre-nosotros/,Very strong fit. Created after Univision Portland closure to serve Spanish-speaking Latino communities.,core_verified,yes,data/verification/oregon_verification_v1.csv,3
OR006,Oregon Hispano,Oregon,Statewide,https://www.oregonhispano.com/,yes,yes,yes,Spanish-language statewide digital news/community-information site,current 2026 news; statewide Latino/Hispanic mission; directory and service infrastructure,verified_include,https://www.oregonhispano.com/noticias/index.php,Eligible; institutional form appears commercial/digital and needs later ownership coding.,core_verified,yes,data/verification/oregon_verification_v1.csv,7
OR001,The Asian Reporter,Oregon,Portland,https://www.asianreporter.com/,yes,yes,yes,independent Asian community newspaper,current 2026 issues; local/international Asian news; explicit immigrant-community support,verified_include,https://www.asianreporter.com/,Strong fit. Current publication explicitly says it supports immigrant and U.S.-born Asian communities.,core_verified,yes,data/verification/oregon_verification_v1.csv,2
OR005,The Great Radio 1040 AM,Oregon,Portland,https://thegreatmediagroup.com/,yes,yes,yes,Slavic/Eastern European community radio within media group,community radio; host company; information/news orientation; immigrant audience,verified_include,https://thegreatmediagroup.com/,Eligible as a hosted radio case; deeper content coding can distinguish news/public affairs from general programming.,core_verified,yes,data/verification/oregon_verification_v1.csv,6
OR015,The Immigrant Story,Oregon,Portland,https://theimmigrantstory.org/,yes,yes,yes,volunteer-run nonprofit multimedia storytelling organization,nonprofit; founder; 60+ volunteers; immigrant/refugee reporting; podcasts and documentary storytelling,verified_include,https://theimmigrantstory.org/our-story/,Strong fit despite not being a conventional newsroom; explicitly reports and publishes immigrant/refugee stories.,core_verified,yes,data/verification/oregon_verification_v1.csv,16
PA001,AL DÍA News,Pennsylvania,Philadelphia,https://aldianews.com/,yes,yes,yes,multiplatform bilingual/multicultural news organization,founded 1994; journalist-owned; English/Spanish; Philadelphia coverage; Latino experience mission,verified_include,https://www.aldianews.com/en/about-us,Strong active fit; useful commercial/multiplatform Latino case.,core_verified,yes,data/verification/pennsylvania_verification_v1.csv,2
PA028,Barrio Latino WRCT,Pennsylvania,Pittsburgh,https://www.wrct.org/,yes,yes_mixed_format,yes,Spanish-language community radio program hosted by WRCT,2026 station page says program is entering 25th year; weekly Thursday 6 p.m. slot,verified_include_hosted_program,https://www.wrct.org/page/75/,Strong hosted-program case; code host station separately and assess journalism/public-affairs share in deeper pass.,core_verified,yes,data/verification/pennsylvania_verification_v1.csv,29
PA015,Indonesian Lantern,Pennsylvania,Philadelphia metro,,yes_as_org_identity,likely_yes,yes,Indonesian community media outlet,identified with named leader in Philadelphia Asian-media coalition,verified_include_with_secondary_evidence,https://www.inquirer.com/business/philadelphia-asian-media-coalition-david-oh-20240408.html,Include provisionally; confirm cadence and journalism format.,core_verified,yes,data/verification/pennsylvania_verification_v1.csv,16
PA005,Inti Media,Pennsylvania,Philadelphia,https://www.intimedia.org/,yes,yes,yes,independent nonprofit Latine-led newsroom and production hub,founded 2024; multilingual newsroom; staff; community-centered reporting; immigration/social-issues coverage,verified_include,https://www.intimedia.org/mission,Excellent core case; strong nonprofit/community-centered institutional model.,core_verified,yes,data/verification/pennsylvania_verification_v1.csv,6
PA013,Korean Phila Times,Pennsylvania,Philadelphia metro,,yes_as_org_identity,yes,yes,Korean community news organization,named newsroom leaders in 2024 Philadelphia Asian-media coalition,verified_include_with_secondary_evidence,https://www.inquirer.com/business/philadelphia-asian-media-coalition-david-oh-20240408.html,Likely distinct outlet; confirm direct site and relationship to Korea Times Philadelphia in next pass.,core_verified,yes,data/verification/pennsylvania_verification_v1.csv,14
PA008,Metro Chinese Weekly,Pennsylvania,Greater Philadelphia,https://newmainstreammedia.com/,yes_via_parent,yes,yes,Chinese-language weekly within New Mainstream Media,64-page weekly; publisher identified; Asian media coalition; parent-company structure,verified_include,https://www.inquirer.com/business/philadelphia-asian-media-coalition-david-oh-20240408.html,Strong language-community outlet; parent/host should be linked separately.,core_verified,yes,data/verification/pennsylvania_verification_v1.csv,9
PA009,Metro Viet News,Pennsylvania,Greater Philadelphia,https://newmainstreammedia.com/,yes_via_parent,yes,yes,Vietnamese-language weekly within New Mainstream Media,32-page weekly; publisher identified; Asian media coalition; parent-company structure,verified_include,https://www.inquirer.com/business/philadelphia-asian-media-coalition-david-oh-20240408.html,Strong language-community outlet; parent/host should be linked separately.,core_verified,yes,data/verification/pennsylvania_verification_v1.csv,10
PA014,Philadelphia Asian News,Pennsylvania,Philadelphia,,yes_as_org_identity,yes,yes,Vietnamese community news organization,identified with named leader in Philadelphia Asian-media coalition,verified_include_with_secondary_evidence,https://www.inquirer.com/business/philadelphia-asian-media-coalition-david-oh-20240408.html,Strong candidate; direct site needed for institutional-depth coding.,core_verified,yes,data/verification/pennsylvania_verification_v1.csv,15
PA020,Pittsburgh Latino Magazine / PRESENTE Pittsburgh Media,Pennsylvania,Pittsburgh / Western Pennsylvania,https://pitlatinomag.com/,yes,yes,yes,bilingual Latino print/digital publication within Presente Pittsburgh Media LLC,founded 2020; founder identified; print/digital; local stories; Latino community mission,verified_include,https://pitlatinomag.com/about/,Strong Western Pennsylvania Latino media case.,core_verified,yes,data/verification/pennsylvania_verification_v1.csv,21
PA025,Telemundo 62 / WWSI,Pennsylvania,Philadelphia,https://www.telemundo62.com/,yes,yes,yes,Spanish-language local television newsroom; Telemundo/NBCUniversal,active 2026 local coverage; dedicated local newsroom; immigration/community reporting; news standards,verified_include,https://www.telemundo62.com/noticias/local/,Strong large-network comparison case.,core_verified,yes,data/verification/pennsylvania_verification_v1.csv,26
PA012,The Korea Times Philadelphia,Pennsylvania,Elkins Park / Philadelphia metro,https://koreatimesphila.com/,likely_yes,yes,yes,Korean-language community newspaper,current local Korean/Pennsylvania publication identity; direct institutional detail limited,verified_include_with_site_limit,https://koreatimesphila.com/,Eligible; deeper ownership/staff coding still needed.,core_verified,yes,data/verification/pennsylvania_verification_v1.csv,13
PA026,Univision 65 / WUVP,Pennsylvania,Philadelphia,https://www.univision.com/local/philadelphia-wuvp,yes,yes,yes,Spanish-language local television newsroom; TelevisaUnivision,active 2026 local news; dedicated newsroom team; explicit Delaware Valley Hispanic-service mission,verified_include,https://www.univision.com/local/philadelphia-wuvp/quienes-somos,Strong network-affiliated local-news case.,core_verified,yes,data/verification/pennsylvania_verification_v1.csv,27
PA024,WFMZ Edición en Español,Pennsylvania,Lehigh Valley / Allentown,https://www.wfmz.com/,yes_brand_known,likely_yes,yes,Spanish-language local-news product within WFMZ,local Spanish-news product known; site access limited during verification,verified_include_with_site_limit,https://www.wfmz.com/,Include as network-affiliated local Spanish-news comparison; verify staffing later.,core_verified,yes,data/verification/pennsylvania_verification_v1.csv,25
RI001,Acontecer Latino,Rhode Island,Providence / statewide,https://acontecerlatino.com/,yes,yes,yes,Spanish-language digital news outlet,active 2026 local Rhode Island reporting; about page explicitly centers Hispanic communities and local/state news,verified_include,https://acontecerlatino.com/,Strong current Latino digital-news case.,core_verified,yes,data/verification/rhode_island_verification_v1.csv,2
RI002,Noticias Rhode Island,Rhode Island,Statewide,https://noticiasrhodeisland.com/,yes,yes_mixed_news_information,yes,Spanish-language digital community news outlet,active Sept. 2026; founded in 2016 to fill information gap among Spanish-speaking Rhode Islanders,verified_include_mixed_format,https://noticiasrhodeisland.com/,Current and community-focused; deeper pass should document ownership/staff.,core_verified,yes,data/verification/rhode_island_verification_v1.csv,3
SD001,El Sol Media Group / El Sol Newspaper,South Dakota,Sioux Falls / statewide,https://www.elsolmedia.com/,yes,yes_mixed_news_information,yes,Spanish-language newspaper within local media group,"serves Spanish-speaking South Dakota; distributes across 30+ locations; editorial content includes immigration, education, health, business and community affairs",verified_include,https://www.elsolmedia.com/about-us.html,Strong Latino community-media case.,core_verified,yes,data/verification/south_dakota_verification_v1.csv,2
SD002,El Sol Television,South Dakota,Sioux Falls / statewide,https://www.elsolmedia.com/,yes,yes_mixed_public_affairs,yes,Spanish-language television program within El Sol Media Group,"weekly KTTW FOX program; 100+ episodes; local Hispanic community events, public figures and current topics",verified_include_hosted_program,https://www.elsolmedia.com/advertise-with-us.html,Link to SD001 host; do not treat host and program as unrelated organizations.,core_verified,yes,data/verification/south_dakota_verification_v1.csv,3
SD003,Que Pasa Sioux Falls,South Dakota,Sioux Falls,https://quepasasiouxfalls.org/,yes,mixed_news_resources,yes,community nonprofit/information-news platform,"explicit mission to provide essential news, resources and opportunities in Spanish for Hispanic and immigrant community",verified_include_mixed_format,https://quepasasiouxfalls.org/,Eligible as hybrid information/news infrastructure; deeper pass should assess original reporting frequency.,core_verified,yes,data/verification/south_dakota_verification_v1.csv,4
TN001,Memphis Noticias,Tennessee,Memphis / West Tennessee,https://memphisnoticias.com/,yes,yes,yes,independent Spanish-language digital newsroom,active Sept. 2026; explicit mission to serve Memphis Spanish-speaking and immigrant communities; staff/editorial commitments publicly described,verified_include,https://memphisnoticias.com/our-story/,Excellent core immigrant-serving newsroom.,core_verified,yes,data/verification/tennessee_verification_v1.csv,2
TN002,Nashville Noticias,Tennessee,Nashville / Middle Tennessee,https://nashvillenoticias.com/,yes,yes,yes,Spanish-language digital local-news outlet,active Sept. 2026 local Nashville and Tennessee reporting; site identifies Nashville Noticias LLC and Hispanic-community mission,verified_include,https://nashvillenoticias.com/,Strong current local Spanish-language case.,core_verified,yes,data/verification/tennessee_verification_v1.csv,3
TN004,Que Pasa Nashville,Tennessee,Nashville / Middle Tennessee,https://www.newschannel5.com/plus/que-pasa-nashville,yes,yes_public_affairs,yes,hosted Hispanic-community public-affairs program on NewsChannel 5+,current 2026 weekly broadcasts; interviews community leaders and organizations about opportunities and challenges facing Hispanic community,verified_include_hosted_program,https://www.newschannel5.com/plus/que-pasa-nashville,Strong hosted-program case.,core_verified,yes,data/verification/tennessee_verification_v1.csv,5
TX022,Al Día Dallas,Texas,Dallas-Fort Worth,https://www.dallasnews.com/espanol/al-dia/,yes,yes,yes,Spanish-language newsroom/product within Dallas Morning News,current Spanish-language general and local news; institutional parent visible,verified_include,https://www.dallasnews.com/espanol/al-dia/,Strong network-affiliated comparison case.,core_verified,yes,data/verification/texas_verification_v1.csv,23
TX006,Arab Voices,Texas,Houston,https://www.arabvoices.net/,yes,yes,yes,independent syndicated Arab-American radio talk show,weekly production since 2002; immigration/civil-rights/news agenda; Houston KPFT carriage,verified_include,https://www.arabvoices.net/about.htm,Very strong immigrant/diaspora public-affairs case.,core_verified,yes,data/verification/texas_verification_v1.csv,7
TX019,Dallas Chinese News Network,Texas,Dallas-Fort Worth,https://dcnn.info/,yes,yes,yes,Chinese-language digital/video community news outlet,current 2026 North Texas news; Chinese-language mission; local reporting/video,verified_include,https://dcnn.info/,Strong current Chinese-language digital-media case.,core_verified,yes,data/verification/texas_verification_v1.csv,20
TX028,Dallas Weekly,Texas,Dallas-Fort Worth,https://dallasweekly.com/,yes,yes,partly,Black/African-diaspora community newsroom,current 2026 newsroom; explicitly identifies African diaspora and growing Black immigrant readership,verified_include_comparison,https://dallasweekly.com/about/,Include as a comparison/boundary case rather than core immigrant outlet; diaspora framing is explicit but mission is broader Black community journalism.,core_verified,yes,data/verification/texas_verification_v1.csv,29
TX014,El Mundo Newspaper,Texas,Austin / Central Texas,https://elmundonewspaper.com/,likely_yes,yes,yes,Spanish-language community newspaper,longstanding Austin/San Antonio distribution; Latino readership,verified_include_with_secondary_evidence,https://en.wikipedia.org/wiki/El_Mundo_(Texas),"Eligible, but replace secondary evidence with current outlet institutional page in next pass.",core_verified,yes,data/verification/texas_verification_v1.csv,15
TX008,HUM FM 103.5,Texas,Houston,,yes,yes_mixed_with_entertainment,yes,South Asian multilingual commercial radio station,24/7 English/Urdu/Hindi service; locally owned; community information and media enterprise,verified_include,https://www.houstonchronicle.com/news/houston-texas/article/houston-ethnic-media-outlets-19746037.php,"Eligible, but code journalism/public-affairs share separately from entertainment programming.",core_verified,yes,data/verification/texas_verification_v1.csv,9
TX024,India Herald,Texas,Houston / Sugar Land,https://india-herald.com/,yes,yes,yes,South Asian weekly community newspaper,current 2026 issues; publisher/editor identified; established 1995; weekly publishing,verified_include,https://india-herald.com/,Strong independent South Asian community-paper case.,core_verified,yes,data/verification/texas_verification_v1.csv,25
TX007,Indo American News,Texas,Houston,https://indoamerican-news.com/,yes,yes,yes,South Asian weekly newspaper and radio operation,2026 weekly editions; 45-year publication history; Texas readership; local/global South Asian news,verified_include,https://indoamerican-news.com/about-ian/,"Excellent institutional case with print, web and radio.",core_verified,yes,data/verification/texas_verification_v1.csv,8
TX015,La Prensa Texas,Texas,San Antonio,https://www.laprensatexas.com/,yes,yes,yes,Latina-owned bilingual community newspaper,current 2026 weekly editions; ownership; bilingual mission; print/digital distribution,verified_include,https://www.laprensatexas.com/about,Very strong institutional case; current owner and community mission publicly documented.,core_verified,yes,data/verification/texas_verification_v1.csv,16
TX001,La Voz de Denver Harbor,Texas,Houston,https://lavozdedenverharbor.com/,yes,yes,yes,free neighborhood/community newspaper,current 2026 digital issues; named editor/writers; community mission,verified_include,https://lavozdedenverharbor.com/,Strong current local-community case; immigrant-serving intensity should be coded alongside broader Latino neighborhood focus.,core_verified,yes,data/verification/texas_verification_v1.csv,2
TX013,La Voz de Houston,Texas,Houston,https://www.houstonchronicle.com/la-voz/,yes,yes,yes,Spanish-language Houston Chronicle publication,current Spanish local/news product; Hearst/Houston Chronicle institutional support,verified_include,https://www.houstonchronicle.com/la-voz/,Strong network-affiliated comparison case rather than independent immigrant newsroom.,core_verified,yes,data/verification/texas_verification_v1.csv,14
TX009,Masala Radio 98.7 FM,Texas,Sugar Land / Houston,https://masalaradio.com/,yes,yes_mixed_with_entertainment,yes,Indian/South Asian commercial radio station,active 98.7 service; Indian community orientation; news/current-affairs among entertainment programming,verified_include,https://masalaradio.com/,Eligible mixed-format outlet; deeper coding should distinguish news/public-affairs share.,core_verified,yes,data/verification/texas_verification_v1.csv,10
TX002,Que Onda Magazine,Texas,Houston,https://queondamagazine.com/,yes,yes,yes,family-owned bilingual Hispanic magazine/news network,current 2026 editions; immigrant-founded; print/digital; advertising and newsroom activity,verified_include,https://queondamagazine.com/blog/,Strong immigrant-founded Latino media case.,core_verified,yes,data/verification/texas_verification_v1.csv,3
TX005,Southern Chinese Daily News,Texas,Houston,https://www.scdaily.com/,yes,yes,yes,Chinese-language daily newspaper within Southern News Group,daily editions; Houston headquarters; multimedia group structure,verified_include,https://www.houcyp.com/,Strong commercial/networked Chinese-language case.,core_verified,yes,data/verification/texas_verification_v1.csv,6
TX004,U.S. Chinese Channel AM1050,Texas,Houston,,yes,yes,yes,Chinese-language radio/news service,Houston Chronicle documents Chinese-language local/global news and emergency information,verified_include_with_secondary_evidence,https://www.houstonchronicle.com/news/houston-texas/article/houston-ethnic-media-outlets-19746037.php,Strong fit; direct institutional website still needed.,core_verified,yes,data/verification/texas_verification_v1.csv,5
TX026,VIETV Network,Texas,Houston,https://vietv.com/,yes,yes,yes,Vietnamese-language television/radio/media network,Houston headquarters; daily news broadcasts; local/national affiliates; Vietnamese audience,verified_include,https://vietv.com/,Very strong networked diaspora-media case.,core_verified,yes,data/verification/texas_verification_v1.csv,27
TX010,Voice of Asia,Texas,Houston,https://voiceofasia.news/,likely_yes,yes,yes,South Asian/Asian community newspaper/digital outlet,longstanding Houston Asian-community news identity; direct current site available,verified_include,https://voiceofasia.news/,Strong community-media candidate; institutional details need deeper pass.,core_verified,yes,data/verification/texas_verification_v1.csv,11
UT003,Avanza 88.3,Utah,Salt Lake City / statewide,https://www.avanzautah.org/,yes,yes_mixed_public_media,yes,bilingual public-radio/community media service within University of Utah public media,"launched in 2024 by University of Utah, PBS Utah and KUER; substantial bilingual community/public-affairs programming",verified_include_mixed_format,https://www.avanzautah.org/nuestra-comunidad/2026-07-01/two-years-in-edgar-zuniga-reflects-on-avanzas-mission,Strong institutional public-media case.,core_verified,yes,data/verification/utah_verification_v1.csv,4
UT002,KUER En Español,Utah,Salt Lake City / statewide,https://www.kuer.org/kuer-en-espanol,yes,yes,yes,Spanish-language news product within KUER public radio newsroom,"statewide politics, education and immigration coverage; twice-weekly human review of AI-translated stories",verified_include_hosted_program,https://www.kuer.org/kuer-en-espanol,Important hosted language-access journalism product.,core_verified,yes,data/verification/utah_verification_v1.csv,3
UT004,Punto de Encuentro,Utah,Salt Lake City / statewide,https://www.avanzautah.org/,yes,yes_public_affairs,yes,Spanish-language hosted public-affairs program on Avanza,current 2026 program discussing Latino community and bilingual public media,verified_include_hosted_program,https://www.avanzautah.org/nuestra-comunidad/2026-07-01/two-years-in-edgar-zuniga-reflects-on-avanzas-mission,Count at program level only if program-level cases are retained consistently.,core_verified,yes,data/verification/utah_verification_v1.csv,5
UT006,The Salt Lake Tribune En Español,Utah,Statewide,https://www.sltrib.com/en-espanol/,yes,yes,yes,Spanish-language product within nonprofit statewide newsroom,active 2026 Spanish-language local reporting including immigration and public-service coverage,verified_include_hosted_language_product,https://www.sltrib.com/en-espanol/,Strong network/hosted comparison; parent newsroom is not immigrant-specific.,core_verified,yes,data/verification/utah_verification_v1.csv,7
UT001,Utah Korean Newspaper,Utah,Salt Lake City / statewide,https://koreanutah.blogspot.com/,yes,yes_mixed_news_community,yes,Korean-language monthly community newspaper hosted by Korean American Federation of Utah,digital archive shows monthly issues through Sept. 2026; editor listed; federation-hosted,verified_include_hosted_program,https://koreanutah.blogspot.com/,Strong Korean diaspora case; hosted by community association rather than stand-alone newsroom.,core_verified,yes,data/verification/utah_verification_v1.csv,2
VT001,"Many Voices, One Vermont",Vermont,Burlington / statewide,https://993wbtv.org/,yes,yes_current_affairs,yes,hosted community-radio current-affairs program on WBTV-LP,"launched 2026; Sundays 1:00–1:30 PM; produced with CVRAN, USCRI Vermont, VAAP and partners; centers refugee, asylum-seeker and newcomer voices",verified_include_hosted_program,https://cvran.org/2026/06/29/tune-into-many-voices-one-vermont-sundays-at-1pm/,Strong hosted newcomer/refugee media case.,core_verified,yes,data/verification/vermont_verification_v1.csv,2
WA016,Crossings TV Seattle service,Washington,Seattle / statewide,https://www.crossingstv.com/,yes,yes,yes,multilingual Asian television network serving Seattle market,multilingual news/information; multi-market service; immigrant-language audiences,verified_include,https://www.crossingstv.com/,Eligible as a regional/networked comparison case rather than a Seattle-based newsroom.,core_verified,yes,data/verification/washington_verification_v1.csv,17
WA001,International Examiner,Washington,Seattle,https://iexaminer.org/,yes,yes,yes,501(c)(3) nonprofit pan-Asian community newsroom,board; staff; 990; distribution; current publishing schedule,verified_include,https://iexaminer.org/about/,Very strong institutional case; explicit nonprofit governance and current staff structure.,core_verified,yes,data/verification/washington_verification_v1.csv,2
WA009,Korea Daily Seattle,Washington,Seattle,,likely_yes,yes,yes,Korean-language community news outlet,listed by Seattle civic-engagement media partners; Seattle market presence,verified_include_with_directory_evidence,https://www.cityofseattle.org/immigrant-and-refugee/issues-and-policies/voting-data,"Eligible, but direct current local-site and ownership verification should be added in a later institutional-depth pass.",core_verified,yes,data/verification/washington_verification_v1.csv,10
WA010,Korea Times Seattle,Washington,Seattle,,likely_yes,yes,yes,Korean-language community newspaper,listed in current Seattle newspaper directories; Seattle edition identity,verified_include_with_directory_evidence,https://www.w3newspapers.com/usa/washington/seattle/,Eligible; direct local institutional page still needs deeper verification.,core_verified,yes,data/verification/washington_verification_v1.csv,11
WA013,La Raza del Noroeste,Washington,Seattle / Puget Sound,https://www.larazanw.com/,yes,yes,yes,Spanish-language commercial community publication; Black Press/Sound Publishing network,publisher; advertising structure; local coverage; Spanish-language mission; corporate affiliation,verified_include,https://www.larazanw.com/advertising/,Strong network-affiliated comparison case.,core_verified,yes,data/verification/washington_verification_v1.csv,14
WA002,Northwest Asian Weekly,Washington,Seattle,https://nwasianweekly.com/,yes,yes,yes,Asian American digital community newspaper,active digital publication; new ownership since 2024; community mission,verified_include,https://nwasianweekly.com/about/,Strong fit. Print ended in 2023 but online publication remains active.,core_verified,yes,data/verification/washington_verification_v1.csv,3
WA005,Northwest Vietnamese News,Washington,Seattle / Newcastle,https://nvnorthwest.com/,yes,yes,yes,Vietnamese community newspaper; independent branch of Nguoi Viet Daily,CEO; editor; assistant editor; family management; TV reporting; community history,verified_include,https://nvnorthwest.com/about/,Excellent fit and strong institutional-detail case.,core_verified,yes,data/verification/washington_verification_v1.csv,6
WA007,Runta News,Washington,Seattle / Northwest,https://runtanews.com/,yes,yes,yes,Somali/African/Muslim multimedia community outlet,publisher/chief editor; managing editor; current local/community coverage; multimedia operation,verified_include,https://runtanews.com/about-us/,Very strong immigrant-serving fit.,core_verified,yes,data/verification/washington_verification_v1.csv,8
WA003,Seattle Chinese Post,Washington,Seattle,https://seattlechinesepost.com/,yes,yes,yes,Chinese-language digital community publication hosted by nonprofit,current 2026 posts; revived under Asia Pacific Cultural Center after 2023 transfer,verified_include,https://seattlechinesepost.com/,Strong hosted-media case; institutional change should be coded at host-organization level.,core_verified,yes,data/verification/washington_verification_v1.csv,4
WA004,Seattle Chinese Times,Washington,Seattle,https://seattlechinesetimes.com/,yes,yes,yes,Chinese-language/bilingual community news outlet,current 2026 local/community/election coverage,verified_include,https://seattlechinesetimes.com/,Strong current community-news case.,core_verified,yes,data/verification/washington_verification_v1.csv,5
WA006,Seattle Viet Times,Washington,Mill Creek / Greater Seattle,,likely_yes,yes,yes,Vietnamese weekly community newspaper,listed in current community-media directories; contact and journalism category visible,verified_include_with_directory_evidence,https://echox.org/directory/seattle-viet-times/,Current outlet identity supported by community-media directory; direct website not identified in this pass.,core_verified,yes,data/verification/washington_verification_v1.csv,7
WA008,The North American Post,Washington,Seattle,https://napost.com/,yes,yes,yes,Japanese-English community newspaper; minority-owned publisher,corporate overview; bilingual mission; circulation; publishing schedule; nonprofit archival arm,verified_include,https://napost.com/about/,Strong institutional-variation case; serves Japanese Americans and newly arriving Japanese natives.,core_verified,yes,data/verification/washington_verification_v1.csv,9
WI003,El Conquistador Latino Newspaper,Wisconsin,Milwaukee,https://www.mkenews.com/,yes,yes,yes,Spanish-language Latino newspaper/digital outlet,active 2026 news and events; Milwaukee focus,verified_include,https://www.mkenews.com/,Strong current Latino community outlet.,core_verified,yes,data/verification/wisconsin_verification_v1.csv,4
WI001,La Comunidad News Online,Wisconsin,Madison,https://wisconsinlcnews.com/,yes,yes,yes,Spanish-language digital/community newspaper,active Sept. 2026 local reporting; interviews and community news; Madison focus,verified_include,https://wisconsinlcnews.com/,Strong current Latino-community news case.,core_verified,yes,data/verification/wisconsin_verification_v1.csv,2
WI006,La Movida Radio,Wisconsin,Madison,https://www.lamovidaradio.com/,yes,mixed_news_entertainment,yes,Spanish-language commercial/community radio,24/7 Spanish service; explicitly aims to entertain and inform; close ties to Madison Latino organizations,verified_include_mixed_format,https://www.lamovidaradio.com/quienes-somos/,Eligible mixed-format case; code journalism/public-affairs share separately.,core_verified,yes,data/verification/wisconsin_verification_v1.csv,7
WI009,Nyob Zoo Milwaukee TV,Wisconsin,Milwaukee,,historical_to_recent,yes,yes,Hmong-language TV news/community program,documented as Wisconsin's Hmong TV news program; later health/community collaborations continue beyond launch,verified_include_with_secondary_evidence,https://milwaukeenns.org/2017/10/23/hmong-community-members-praise-tv-show-highlighting-invisible-community/,Important Hmong program-level case; direct 2026 schedule/current ownership should be checked in deeper pass.,core_verified,yes,data/verification/wisconsin_verification_v1.csv,10
WI005,Spanish Journal Network,Wisconsin,Milwaukee,https://www.spanishjournal.com/,yes,yes,yes,bilingual/Spanish community newspaper and digital outlet,active Sept. 2026 Wisconsin and Milwaukee news; immigration and Latino-community coverage,verified_include,https://www.spanishjournal.com/,Strong current immigrant-serving/Latino-community case.,core_verified,yes,data/verification/wisconsin_verification_v1.csv,6
WI002,Suab Hmong News,Wisconsin,Milwaukee,https://suabhmongnews.com/,likely_yes,yes,yes,Hmong community TV/news operation,CUNY profile documents original reporting for Hmong immigrants and community storytelling,verified_include_with_secondary_evidence,https://immigrantmediareport.journalism.cuny.edu/suab-hmong-news/,Strong Hmong immigrant-media case; direct 2026 site/institutional details need deeper coding.,core_verified,yes,data/verification/wisconsin_verification_v1.csv,3
WI013,Wisconsin Muslim Journal,Wisconsin,Milwaukee,https://wisconsinmuslimjournal.org/,yes,yes,yes,independent online Muslim community newspaper published by Milwaukee Muslim Women's Coalition,launched 2018; current Sept. 2026 semiweekly reporting; explicit Wisconsin Muslim-community news mission,verified_include,https://wisconsinmuslimjournal.org/about/,Strong community/diaspora-relevant case; broader Muslim community focus includes immigrant/refugee populations.,core_verified,yes,data/verification/wisconsin_verification_v1.csv,14
WY002,KHOL En Español,Wyoming,Jackson / Teton County,https://891khol.org/espanol/,yes,yes_selected_reporting,yes_language_service,Spanish-language reporting within nonprofit community radio newsroom,KHOL maintains En Español archive and has produced original Spanish-language immigration and community reporting,verified_include_hosted_language_product,https://891khol.org/espanol/,Hosted language-access journalism product; parent newsroom is general-interest.,core_verified,yes,data/verification/wyoming_verification_v1.csv,3
WY001,TODO TV / Prisma TV,Wyoming,Jackson / Teton County,https://todotvisn.com/,yes_current_streaming,yes,yes,independent Spanish-language local video/streaming newsroom,launched 2023 with local newscasts; by June 2026 former broadcast license abandoned and Spanish-language service continues via streaming as Prisma TV/TODO TV-branded social news,verified_include,https://891khol.org/spanish-language-news-gets-streaming-makeover/,Treat as organizational/platform transition rather than outlet death.,core_verified,yes,data/verification/wyoming_verification_v1.csv,2
