outlet_id,outlet_name,state,city_or_scope,website,website_active,sustained_journalism,immigrant_or_diaspora_serving,institutional_form,public_institutional_signals,eligibility_status,primary_evidence_url,verification_notes,analysis_tier,core_inclusion,source_file,source_row_number
SC013,Activa Radio Greenville,,Greenville / Spartanburg,https://activanetwork.com/greenville,current_listing,mixed_news_entertainment,yes,Spanish-language commercial radio network,South Carolina DPH lists active Upstate service across multiple frequencies,verified_include_mixed_format,https://dph.sc.gov/professionals/public-health-data/data-care-dtc/data-care-dtc-latinx-resources,Eligible mixed-format case; direct news/public-affairs cadence should be coded later.,core_verified,yes,data/verification/south_carolina_verification_v1.csv,14
NY003,Africa in Harlem,,Harlem / NYC,https://africainharlem.nyc/,yes,yes,yes,multilingual African immigrant/diaspora community news site,founder; explicit African immigrant/African Diaspora mission; Harlem focus,verified_include,https://africainharlem.nyc/en/about-us/,Very strong core case.,core_verified,yes,data/verification/new_york_verification_v1.csv,4
NY010,Akhon Samoy,,Queens / NYC,,likely_yes,yes,yes,Bangladeshi/Bengali community weekly,widely listed as New York Bangla community newspaper; direct institutional page not verified,pending_deeper_verification,,"Retain; verify active site, ownership and cadence.",pending_verification,no,data/verification/new_york_verification_v1.csv,11
NY031,AKTINA FM / AKTINA TV,,New York City,https://www.aktina.org/,likely_yes,yes_mixed_format,yes,Greek/Cypriot nonprofit broadcast programming,Greek/Cypriot community mission; radio/TV programming,pending_deeper_verification,https://www.aktina.org/,Retain; verify current 2026 schedule and journalism/public-affairs share.,pending_verification,no,data/verification/new_york_verification_v1.csv,32
NY025,Alhawadeth for Arab Americans,,Brooklyn / NYC,http://alhawadeth.net,unclear_current_operation,historically_yes,yes,Arabic-English Arab-American newspaper/site,Arab-American community-media identity; current publication cadence not firmly verified,pending_verification,,Keep candidate; obtain current 2026 activity before inclusion.,pending_verification,no,data/verification/new_york_verification_v1.csv,26
AZ012,Asian Media Network,,Phoenix / statewide,https://asianmedianetwork.com/,yes,no_as_single_outlet,yes,Arizona-based Asian media parent/intermediary,"operates Chinese, Filipino and Vietnamese print/radio/TV affiliates",classify_intermediary_host,https://asianmedianetwork.com/about-us/,Do not count as one outlet; link subsidiary products to host.,other_review_status,no,data/verification/arizona_verification_v1.csv,13
AZ011,Asian Sun Magazine,,Statewide,https://azasianchamber.com/asiansun,yes,mixed_magazine_journalism,yes,quarterly AAHPI community magazine published by Arizona Asian Chamber,"current Summer 2026 edition; culture, business and current events; statewide community reach",verified_include_mixed_format,https://azasianchamber.com/asiansun,Eligible mixed-format community publication; not a hard-news newsroom.,core_verified,yes,data/verification/arizona_verification_v1.csv,12
AZ007,AZ Chinese News,,Phoenix,https://asianmedianetwork.com/,yes_via_parent,yes,yes,Chinese community news product under Asian Media Network,parent identifies AZ Chinese News among Chinese affiliate publications,verified_include_with_parent_evidence,https://asianmedianetwork.com/about-us/,Include provisionally; direct publication page and cadence should be verified later.,core_verified,yes,data/verification/arizona_verification_v1.csv,8
NY011,Bangla Patrika,,Queens / NYC,,likely_yes,yes,yes,Bangladeshi community newspaper,Bangla diaspora publication identity clear; direct current institutional evidence incomplete,pending_deeper_verification,,Retain candidate pending direct 2026 verification.,pending_verification,no,data/verification/new_york_verification_v1.csv,12
NY012,Bangladesh Pratidin USA,,Queens / NYC,,likely_yes,yes,yes,Bengali-language diaspora edition,U.S./New York Bangla edition identity; current institutional structure not fully verified,pending_deeper_verification,,Retain candidate; verify local edition and staff.,pending_verification,no,data/verification/new_york_verification_v1.csv,13
NY041,Black Star News,,New York City,https://blackstarnews.com/,yes,yes,partly,Black/African diaspora-oriented news outlet,African and Black diaspora coverage; broader Black politics/news mission,boundary_comparison,https://blackstarnews.com/,Potential African-diaspora comparison; not clearly immigrant-serving as primary mission.,contextual_noncore,no,data/verification/new_york_verification_v1.csv,42
CT005,Brazilian Times II - Connecticut circulation,,Statewide / New England,https://www.braziliantimes.com/,yes,yes,yes,Brazilian Portuguese newspaper based in Massachusetts with Connecticut circulation,publisher identifies Connecticut as part of Brazilian Times II circulation,multistate_market_case,https://www.braziliantimes.com/quem-somos,Do not count as Connecticut-based newsroom.,contextual_noncore,no,data/verification/connecticut_verification_v1.csv,6
MD005,Brazilian Times II - Maryland circulation,,DMV / statewide,https://www.braziliantimes.com/,yes,yes,yes,Brazilian Portuguese newspaper based in Massachusetts with Maryland circulation,publisher states Brazilian Times II expanded to Maryland in 2019,multistate_market_case,https://www.braziliantimes.com/quem-somos,Do not count as Maryland-based; useful Brazilian diaspora market case.,contextual_noncore,no,data/verification/maryland_verification_v1.csv,6
NY040,BronxNet community immigrant-language programming,,Bronx / NYC,https://bronxnet.org/,yes,yes_at_program_level,yes_at_program_level,community access media host/platform,multilingual/community programming; Bronx nonprofit media infrastructure,classify_host_program_level,https://bronxnet.org/,Important host infrastructure. Identify individual sustained immigrant-language journalism programs before counting outlets.,other_review_status,no,data/verification/new_york_verification_v1.csv,41
NM004,Camino Real,,Santa Fe / New Mexico-El Paso market,,unclear_nm_base,yes_or_legal_notice,yes,Spanish-language print outlet/market publication,recognized in New Mexico statute as official Spanish newspaper; ecosystem report identifies Camino Real print in El Paso,multistate_or_location_resolution,https://law.justia.com/codes/new-mexico/chapter-14/article-11/section-14-11-13/,Do not count as New Mexico-based until office/publication base is resolved.,other_review_status,no,data/verification/new_mexico_verification_v1.csv,5
NY034,Caribbean American Weekly,,New York City,,unclear_current_operation,unclear,yes,Caribbean diaspora publication,known Caribbean-community title; current site/cadence not verified,pending_verification,,Retain candidate pending current direct evidence.,pending_verification,no,data/verification/new_york_verification_v1.csv,35
NY033,Caribbean Life,,Brooklyn / NYC,https://www.caribbeanlife.com/,yes,yes,yes,Caribbean community newspaper/digital outlet,current Caribbean/NY local coverage; diaspora audience; network ownership visible,verified_include,https://www.caribbeanlife.com/,Strong Caribbean diaspora community case.,core_verified,yes,data/verification/new_york_verification_v1.csv,34
NY036,Caribbean People,,New York City,,unclear_current_operation,unclear,yes,Caribbean community media outlet,directory-level candidate only,pending_verification,,Retain candidate; verify exact outlet identity and current publication.,pending_verification,no,data/verification/new_york_verification_v1.csv,37
NY035,Caribbean Times,,New York City,,unclear_current_operation,unclear,yes,Caribbean community newspaper,candidate identity exists in ethnic-media directories; current operation unclear,pending_verification,,Do not include until 2026 activity is confirmed.,pending_verification,no,data/verification/new_york_verification_v1.csv,36
NJ006,Central Desi,,Statewide,https://centraldesi.beehiiv.com/,yes,yes,yes,community-run South Asian news platform,launched in 2022 specifically to tell nuanced stories of New Jersey's South Asian communities,verified_include,https://centraldesi.beehiiv.com/about-us,Excellent community-focused South Asian journalism case.,core_verified,yes,data/verification/new_jersey_verification_v1.csv,7
IA003,Common Thread Iowa,,Statewide,,launching_2026,yes_social_first,yes,social-first immigrant/refugee reporting project within New Day Iowa,launched July 2026 to cover Iowa refugee and immigrant communities overlooked by mainstream coverage,verified_include_hosted_program,https://iowastartingline.com/news/common-thread-iowa-refugee-stories/,Important emerging immigrant-focused newsroom/program; verify direct site/social channels in deeper pass.,core_verified,yes,data/verification/iowa_verification_v1.csv,4
AZ001,Conecta Arizona,,Phoenix / Arizona-Sonora,https://conectaarizona.com/,yes,yes,yes,independent nonprofit bilingual/digital newsroom,current 2026 reporting; founder-led; explicit Hispanic-community and Arizona-Sonora mission; immigration coverage,verified_include,https://www.phoenixmag.com/2026/03/01/waiting-for-translation/,Excellent immigrant-serving nonprofit case.,core_verified,yes,data/verification/arizona_verification_v1.csv,2
CT007,Connecticut Brazilian/Danbury community media lead,,Danbury / Fairfield County,,unresolved,unresolved,likely_yes_if_found,unresolved Portuguese/Brazilian media lead,first-pass search did not establish a distinct current Danbury-based newsroom separate from regional Brazilian media,hold_unresolved,,Retain for deeper Portuguese radio/print/social-media search; do not infer absence.,hold_for_review,no,data/verification/connecticut_verification_v1.csv,8
CT004,ConnecticutLatino.com,,Statewide,https://www.connecticutlatino.com/,yes,mixed_news_directory,yes,Spanish-language statewide information/news portal,current site provides Connecticut news services events and directories for Latino/Hispanic communities,verified_include_mixed_format,https://www.connecticutlatino.com/,Hybrid portal; assess original reporting share in deeper pass.,core_verified,yes,data/verification/connecticut_verification_v1.csv,5
CT003,CT Mirror en Español,,Statewide,https://ctmirror.org/espanol/,yes,yes,yes_language_service,Spanish-language local-news product within nonprofit CT Mirror,current Spanish coverage created in partnership with Identidad Latina Multimedia,verified_include_hosted_language_product,https://ctmirror.org/espanol/,Important collaborative/hosted language-access model.,core_verified,yes,data/verification/connecticut_verification_v1.csv,4
IA005,Denison Free Press immigrant-community crossover,,Denison,https://www.denisonfreepress.com/,yes,yes,partly,general English-language local newspaper sharing ownership with La Prensa,same publisher and office as La Prensa; not primarily immigrant-serving by mission,boundary_comparison,https://www.denisonfreepress.com/about-us/,Useful institutional comparison but not core immigrant outlet.,contextual_noncore,no,data/verification/iowa_verification_v1.csv,6
NY016,Desi Talk New York,,NY-NJ-CT metro,https://desitalk.com/,yes,yes,yes,Indian-American weekly within Parikh Worldwide Media,explicit NY-NJ-CT edition; shared parent/staff; weekly publication,move_to_new_jersey_or_multistate,https://newsindiatimes.com/about-us/,Serve New York strongly but parent/corporate base is New Jersey. Preserve as NY-market outlet with NJ host.,other_review_status,no,data/verification/new_york_verification_v1.csv,17
NJ008,Desi.Net Edison,,Edison,https://desi.net/edison/,yes,yes_digital_summary,yes,local South Asian digital news vertical within Desi.Net network,active 2026 original local summaries focused on Edison South Asian community,verified_include_network_local_vertical,https://desi.net/edison/news/edison-edison-nj-roundup-drowning-tragedy-india-day-parade-and-desi-dining-guide-2026-08-24,Useful social/digital network-local model.,core_verified,yes,data/verification/new_jersey_verification_v1.csv,9
NY045,Diario Las Américas New York presence candidate,,,https://www.diariolasamericas.com/,yes,yes,yes_latino,Spanish-language newspaper based in Florida,no distinct New York-based operation established,exclude_from_new_york,,Do not count in New York state frame absent a distinct NY operation.,other_review_status,no,data/verification/new_york_verification_v1.csv,46
NY001,Documented,,New York City,https://documentedny.com/,yes,yes,yes,independent nonprofit immigrant newsroom,nonprofit; team; board; supporters; ethics/editorial policies; multilingual reporting,verified_include,https://documentedny.com/about-us/,Excellent core case: explicitly reports with and for immigrant communities in NYC.,core_verified,yes,data/verification/new_york_verification_v1.csv,2
KS004,Dos Mundos,,Kansas City metro / serves KCK,https://dosmundos.com/,yes,yes,yes,"bilingual weekly newspaper based in Kansas City, Missouri",45-year immigrant-serving newsroom; explicitly serves Greater Kansas City Hispanic and immigrant communities including KCK,multistate_market_case,https://dosmundos.com/dos-mundos-continues-founders-legacy-while-looking-to-the-future/,Do not count as Kansas-based newsroom; retain as major Kansas-market-serving outlet.,contextual_noncore,no,data/verification/kansas_verification_v1.csv,5
NY008,El Correo NY,,Queens / NYC,http://www.noticiali.com,unclear,unclear,yes,Spanish-language local outlet,candidate appears conflated with Noticia Long Island in discovery,hold_identity_resolution,,Resolve whether this is a distinct outlet or duplicate/legacy name before inclusion.,hold_for_review,no,data/verification/new_york_verification_v1.csv,9
NY005,El Diario / La Prensa,,New York City,https://eldiariony.com/,yes,yes,yes,large commercial Spanish-language multimedia newsroom; ImpreMedia,editorial guidelines; newsroom; NY office; local/immigration mission; network affiliation,verified_include,https://eldiariony.com/about-us/,Strong networked commercial comparison; local and immigration information explicitly core.,core_verified,yes,data/verification/new_york_verification_v1.csv,6
NM006,El Hispano,,Albuquerque,,unclear_current_operation,unclear,yes,Spanish-language newspaper,recognized by state statute as official Spanish-language newspaper but current journalism operation not established,pending_verification,https://law.justia.com/codes/new-mexico/chapter-14/article-11/section-14-11-13/,"Statutory recognition is useful discovery evidence, not sufficient alone for active-frame inclusion.",pending_verification,no,data/verification/new_mexico_verification_v1.csv,7
VA003,El Imparcial News,,Manassas / Northern Virginia / DMV,https://imparcialnews.com/,yes,yes,yes,independent Spanish-language weekly/digital newspaper,Virginia operation since 2001; weekly since 2005; Salvadoran founder/editor; serves Salvadoran and broader Latino community across VA/DC/MD,verified_include,https://imparcialnews.com/about_us/,Excellent immigrant-founded Latino newsroom.,core_verified,yes,data/verification/virginia_verification_v1.csv,4
SC001,El Informador,,Charleston / Hilton Head / Lowcountry,https://www.elinformador.us/,yes,yes,yes,independent minority-owned Spanish-language newspaper,"founded 2008; biweekly 10,000-copy circulation; staff; local/state/national reporting; explicit Latino-community mission",verified_include,https://www.elinformador.us/advertise-with-us/about-us/,"Excellent core case; current 2026 publication, mission, circulation and newsroom structure are clearly documented.",core_verified,yes,data/verification/south_carolina_verification_v1.csv,2
SC016,El Patrón 93.5,,Myrtle Beach,https://elpatron935.iheart.com/,yes,mostly_music,yes,Spanish-language iHeart commercial radio station,active Myrtle Beach Spanish station; programming heavily music-oriented with some community-information posts,comparison_or_exclude_core,https://elpatron935.iheart.com/,Not a strong core newsroom; retain as boundary/comparison Spanish-language media case.,contextual_noncore,no,data/verification/south_carolina_verification_v1.csv,17
AZ014,El Semanario / The Weekly Issue Arizona market,,Statewide,https://www.elsemanario.us/?lang=es,yes,yes,yes,Colorado-based bilingual weekly serving Arizona,publisher states Arizona is one of six national markets,multistate_market_case,https://www.elsemanario.us/?lang=es,Do not count as Arizona-based newsroom; retain as Arizona-serving market case.,contextual_noncore,no,data/verification/arizona_verification_v1.csv,15
NM005,El Semanario / The Weekly Issue New Mexico market,,Albuquerque / statewide,https://www.elsemanario.us/?lang=es,yes,yes,yes,Colorado-based bilingual weekly serving New Mexico market,publisher lists New Mexico among six markets; corporate office in Colorado,multistate_market_case,https://www.elsemanario.us/?lang=es,Market-serving but not New Mexico-based; avoid double counting.,contextual_noncore,no,data/verification/new_mexico_verification_v1.csv,6
NM009,El Semanario de Nuevo Mexico,,Albuquerque,,identity_unclear,unclear,yes,Spanish-language newspaper identity,state statute recognizes title; relationship to The Weekly Issue/El Semanario unresolved,hold_identity_resolution,https://law.justia.com/codes/new-mexico/chapter-14/article-11/section-14-11-13/,Resolve whether this is same as multistate El Semanario before counting.,hold_for_review,no,data/verification/new_mexico_verification_v1.csv,10
MD004,El Tiempo Latino - Maryland service,,Montgomery / Prince George's / DMV,https://eltiempolatino.com/,yes,yes,yes,Spanish-language regional newsroom based in Washington DC,current 2026 coverage explicitly serves DC Maryland and Virginia and includes Maryland state/local reporting,multistate_market_case,https://tiempocompany.com/el-tiempo-latino/,Major Maryland-serving outlet but not Maryland-based.,contextual_noncore,no,data/verification/maryland_verification_v1.csv,5
VA004,El Tiempo Latino - Virginia service,,Northern Virginia / DMV,https://eltiempolatino.com/,yes,yes,yes,Spanish-language regional newsroom based in Washington,DC,active 2026 local coverage and daily newsletter explicitly serving DC,Maryland and Virginia,multistate_market_case,other_review_status,no,data/verification/virginia_verification_v1.csv,5
NY004,Feet in 2 Worlds,,New York City,https://fi2w.org/,yes,yes,yes,independent nonprofit immigrant-journalist news/training organization,mission; INN/LION membership; podcasts/digital stories; donor disclosure; editorial independence,verified_include,https://www.fi2w.org/about-us/,Strong hybrid newsroom/training case centered on immigrant journalists and stories.,core_verified,yes,data/verification/new_york_verification_v1.csv,5
AZ008,Filipino American Journal,,Phoenix / statewide,https://asianmedianetwork.com/,yes_via_parent,yes,yes,biweekly Filipino-American publication under Asian Media Network,parent explicitly lists Filipino American Journal as biweekly affiliate,verified_include_with_parent_evidence,https://asianmedianetwork.com/about-us/,Strong Filipino diaspora candidate; deeper direct-site coding needed.,core_verified,yes,data/verification/arizona_verification_v1.csv,9
FL008,Florida Latino News,,Statewide / South Florida,https://floridalatino.news/,yes,yes_mixed_news_pr,yes,Latino-oriented digital news/community publication,active Sept. 2026 statewide Latino/community coverage; mix includes news,events and promotional/community stories,verified_include_mixed_format,https://floridalatino.news/noticias/,other_review_status,no,data/verification/florida_verification_v1.csv,9
SC019,Fortaleza Cristiana,,Greenville,,unclear_current_operation,unclear,yes,Christian Spanish-language newspaper,state minority-affairs report identifies publication; current direct activity not verified,pending_verification,,Retain candidate; verify current publication and journalism content.,pending_verification,no,data/verification/south_carolina_verification_v1.csv,20
NY026,ForumDaily,,Brooklyn / national,https://www.forumdaily.com/,yes,yes,yes,Russian-language digital newsroom,Brooklyn legal address; journalists in multiple U.S. cities; Russian-speaking America mission; immigration and U.S. news,verified_include,https://www.forumdaily.com/en/contacts/,Very strong Russian-speaking immigrant/diaspora case.,core_verified,yes,data/verification/new_york_verification_v1.csv,27
NY037,Forward,,New York City,https://forward.com/,yes,yes,partly,nonprofit Jewish news organization,nonprofit newsroom; Jewish community/diaspora coverage; English/Yiddish heritage,boundary_comparison,https://forward.com/,"Not primarily immigrant-serving today; retain as diaspora/boundary comparison, not core frame.",contextual_noncore,no,data/verification/new_york_verification_v1.csv,38
NY032,French Morning,,New York City / U.S. network,https://frenchmorning.com/,yes,yes,yes,French-language digital news/media network,active U.S. Francophone news; New York origin/presence; multi-city reach,verified_include,https://frenchmorning.com/,Strong Francophone diaspora/expatriate case.,core_verified,yes,data/verification/new_york_verification_v1.csv,33
SC023,Guía Latina Charleston,,Charleston / Berkeley / Dorchester,,yes_resource,information_resource_not_newsroom,yes,Spanish-language community resource guide tied to Universal Latin News,2026 local reporting documents current guide and connection to Universal Latin News,classify_hosted_information_project,https://www.live5news.com/2026/05/29/2026-gua-latina-charleston-released-lowcountry-spanish-speakers/,Do not count as independent newsroom; preserve as information infrastructure under Universal Latin News.,other_review_status,no,data/verification/south_carolina_verification_v1.csv,24
IA004,Hola America / Quad Cities Iowa market,,Eastern Iowa / Quad Cities,https://holaamericanews.com/,yes,yes,yes,bilingual Latino newspaper/media group based in Quad Cities,founded 2000; explicitly serves western Illinois and eastern Iowa Latino communities,multistate_market_case,https://holaamericanews.com/25-years-of-hola-america-a-legacy-of-service-growth-and-community/,Retain as Iowa-serving market case; avoid double-counting with Illinois.,contextual_noncore,no,data/verification/iowa_verification_v1.csv,5
IA002,Hola Iowa,,Des Moines / statewide,https://holaamericanews.com/,yes,yes,yes,bilingual Latino digital/news brand within Hola America Media Group,active Sept. 2026 Iowa reporting; parent group describes mission to inform and uplift Latino communities across Iowa and the Midwest,verified_include,https://holaamericanews.com/25-years-of-hola-america-a-legacy-of-service-growth-and-community/,Strong statewide Latino news case.,core_verified,yes,data/verification/iowa_verification_v1.csv,3
CT002,Identidad Latina Multimedia,,Hartford / statewide,https://identidadlatina.com/,yes,yes_mixed_multimedia,yes,Latino multimedia organization with print web social and radio,founded 2001 in Hartford; daily web updates bimonthly print magazine and explicit mission to inform/empower Connecticut Latino community,verified_include_mixed_format,https://identidadlatina.com/about-us/,Excellent long-running Latino multimedia case.,core_verified,yes,data/verification/connecticut_verification_v1.csv,3
CT006,Identidad Latina Radio,,Hartford / statewide,https://identidadlatina.com/,yes_via_parent,yes_mixed_radio,yes,radio product within Identidad Latina Multimedia,current parent homepage identifies Identidad Latina Radio as part of multimedia operation,verified_include_hosted_program,https://identidadlatina.com/,Link to CT002 host; do not double-count organization.,core_verified,yes,data/verification/connecticut_verification_v1.csv,7
NY006,Impacto Latino,,New York City,https://impactolatino.com/,yes,yes,yes,Spanish-language Latino community newspaper/digital outlet,active 2026 news; founded 1967; explicit immigrant/Hispanic service mission,verified_include,https://impactolatino.com/,Strong longstanding immigrant-serving case.,core_verified,yes,data/verification/new_york_verification_v1.csv,7
KS006,Informativo Hispano Americano,,Dodge City,,inactive_print,historically_yes,yes,historic bilingual local newspaper,Kansas Reflector reported print publication ended during COVID-19 period though Facebook remained active,exclude_inactive_archive,https://kansasreflector.com/2020/11/15/latino-kansans-work-to-fill-spanish-speaking-news-media-and-information-gap/,"Historical ecosystem case, not active core.",other_review_status,no,data/verification/kansas_verification_v1.csv,7
SC020,InSouth Magazine,,Greenville / statewide,https://www.insouthmagazine.com/,unclear_current_operation,mixed_magazine_content,yes,Latino/community magazine,state media guide identifies outlet; direct current journalism role not firmly established,pending_verification,,Retain candidate pending current activity and journalism verification.,pending_verification,no,data/verification/south_carolina_verification_v1.csv,21
FL002,Island TV,,Miami-Dade / South Florida,https://islandtv.tv/,yes,yes,yes,Caribbean/Haitian television network,current 2026 Haitian Creole news,local South Florida community reporting and Haiti-focused political/current-affairs programming,verified_include,https://ondemand.islandtv.tv/news,other_review_status,no,data/verification/florida_verification_v1.csv,3
NY038,Jewish Telegraphic Agency,,New York City,https://www.jta.org/,yes,yes,partly,nonprofit Jewish global news service,sustained journalism; Jewish/diaspora focus; global network,boundary_comparison,https://www.jta.org/,Important diaspora-media comparator but not clearly immigrant-serving under core inclusion rule.,contextual_noncore,no,data/verification/new_york_verification_v1.csv,39
NY020,K-Radio AM 1660,,New York City,,likely_yes,yes_mixed_format,yes,Korean-American radio station,Korean-language community broadcast identity; news/public-affairs share requires deeper check,pending_deeper_verification,,"Retain; verify current ownership, schedule and journalism share.",pending_verification,no,data/verification/new_york_verification_v1.csv,21
KS005,KC Hispanic News,,Kansas City metro / serves KCK,https://www.kchispanicnews.com/,yes,yes,yes,"bilingual weekly newspaper based in Kansas City, Missouri","current 2026 weekly includes Kansas City, Kansas community coverage",multistate_market_case,https://www.kchispanicnews.com/,Market-serving but not Kansas-based.,contextual_noncore,no,data/verification/kansas_verification_v1.csv,6
NY014,Khasokhas,,Queens / NYC,https://www.khasokhas.com/,yes,yes,yes,Nepali community news portal/weekly,ownership; weekly frequency; Queens-centered immigrant audience; explicit U.S. Nepali community mission,verified_include,https://www.khasokhas.com/about-us,Excellent core immigrant-media case.,core_verified,yes,data/verification/new_york_verification_v1.csv,15
NM003,KMVR-FM,,Deming / Southwest New Mexico,,yes_station_presence,yes,yes,Spanish-language local radio news outlet,2025 ecosystem study identifies KMVR-FM as one of four outlets providing local news in Spanish,verified_include_with_ecosystem_evidence,https://iprsoftwaremedia.com/175/files/202511/NewsMapFullReport.pdf,Important non-metro Spanish-language radio case; deeper programming/ownership coding needed.,core_verified,yes,data/verification/new_mexico_verification_v1.csv,4
NJ010,Korea Daily / Korea Times NJ market,,Bergen / North Jersey,,yes_market_presence,yes,yes,regional Korean-language dailies serving New Jersey,strong New Jersey audience/coverage but newsroom-base identity unresolved in this pass,multistate_market_case,https://kaanj.org/,Retain for location-resolution; avoid double-counting regional NY/NJ editions.,contextual_noncore,no,data/verification/new_jersey_verification_v1.csv,11
NY018,Korea Daily New York,,Bayside / Queens,http://koreadailyny.com,yes,yes,yes,Korean-language community daily/edition,NY headquarters/address; explicit immigrant-life information mission; Korean-community advocacy,verified_include,https://yp.koreadaily.com/detail/301?bra_code=NY,Strong Korean immigrant-serving case.,core_verified,yes,data/verification/new_york_verification_v1.csv,19
VA002,Korea Daily Washington,,Annandale / Northern Virginia / DMV,https://www.koreadaily.com/,yes_via_current_directory,yes,yes,Korean-language daily/news operation within Korea Daily network,current Annandale office and contact listed; established Korean community news brand,verified_include_with_directory_evidence,https://www.waze.com/live-map/directions/korea-daily-washington-little-river-tpk-7023-annandale?to=place.w.185336196.1853427499.962000,Retain; deeper pass should verify current local edition/staff directly.,core_verified,yes,data/verification/virginia_verification_v1.csv,3
NY019,Korea Times New York,,New York City / Queens,https://www.koreatimes.com/,likely_yes,yes,yes,Korean-language metropolitan daily/edition,established New York edition; Korean-community readership; direct local institutional detail limited,verified_include_with_secondary_evidence,,Include with later deeper institutional coding.,core_verified,yes,data/verification/new_york_verification_v1.csv,20
VA001,Korea Times Washington,,Annandale / Northern Virginia / DMV,,yes_via_current_directory,yes,yes,Korean-language daily newspaper within Korea Times network,Virginia Humanities documents five-day print plus Saturday e-edition,local newsroom staff and Annandale base serving Korean-American diaspora,verified_include_with_secondary_evidence,https://virginiahumanities.org/2023/05/a-korean-language-daily-bridges-the-gap-for-those-new-to-america/,other_review_status,no,data/verification/virginia_verification_v1.csv,2
NJ003,Korean Bergen News,,Bergen County,https://kbergennews.com/,yes,yes,yes,local Korean-language print/digital newspaper,publisher states weekly publication since 1996 and exclusive Bergen County Korean-community focus,verified_include,https://kbergennews.com/posts/why-korean-bergen-news-en,Excellent local Korean diaspora newsroom.,core_verified,yes,data/verification/new_jersey_verification_v1.csv,4
NY028,Kurier Plus,,New York City,https://www.kurierplus.com/,yes,yes,yes,Polish-language weekly newspaper,current 2026 weekly issues; New York/Polonia coverage,verified_include,https://www.kurierplus.com/,Strong active Polish diaspora case.,core_verified,yes,data/verification/new_york_verification_v1.csv,29
KS002,KWCH Spanish-language news program,,Wichita / statewide,https://www.kwch.com/,yes,yes_program_level,yes,Spanish-language local television news program within KWCH,KWCH journalist bio states Ana Valdez launched the station's Spanish-language news program,verified_include_hosted_program,https://www.kwch.com/authors/AnaValdez/,Strong hosted/network newsroom case; identify program title/schedule in deeper pass.,core_verified,yes,data/verification/kansas_verification_v1.csv,3
KS007,La Estrella,,Dodge City,,historical_or_unclear,historically_yes,yes,Spanish-language weekly associated with Dodge City Daily Globe,historical Kansas Press documentation confirms publication; current 2026 status not established,pending_verification,https://kspress.com/sites/default/files/kspub0903.pdf,Retain pending current verification.,pending_verification,no,data/verification/kansas_verification_v1.csv,8
AZ013,La Estrella de Tucsón,,Tucson,,inactive_or_diminished,historically_yes,yes,historic Spanish-language newsroom,Tucson Spotlight documents rise and decline of immigrant-led original Spanish journalism,exclude_inactive_archive,https://www.tucsonspotlight.org/inside-la-estrella-de-tucsons-early-years/,"Preserve as historical ecosystem case, not active core unless current operation is independently established.",other_review_status,no,data/verification/arizona_verification_v1.csv,14
KS003,La Grande 1340 AM,,"Kansas City, Kansas / metro",https://lagrande1340kc.com/,yes,mixed_news_entertainment,yes,Spanish-language commercial/community radio,"station states mission to serve Latino community and includes local news, community events and Spanish-language sports alongside music",verified_include_mixed_format,https://lagrande1340kc.com/,Eligible mixed-format case.,core_verified,yes,data/verification/kansas_verification_v1.csv,4
SC004,La Isla Magazine,,Hilton Head / Charleston / Lowcountry,https://www.laislamagazine.com/,current_listing,yes,yes,bilingual/Spanish magazine-newspaper and online outlet,listed by South Carolina DPH; Harvard Spanish-media study identifies monthly print and daily digital operation,verified_include_with_secondary_evidence,https://dph.sc.gov/professionals/public-health-data/data-care-dtc/data-care-dtc-latinx-resources,Eligible; direct institutional details should be added later.,core_verified,yes,data/verification/south_carolina_verification_v1.csv,5
SC014,La Jefa 94.9 / 1070 AM,,Greenville / Spartanburg / Anderson,https://lajefa949.com/,yes_station,mostly_music_with_community_info,yes,Spanish-language commercial radio station,current Spanish-language regional Mexican/contemporary station serving Upstate market,comparison_or_mixed_format,https://dph.sc.gov/professionals/public-health-data/data-care-dtc/data-care-dtc-latinx-resources,Keep as mixed-format comparison; sustained journalism not clearly established.,contextual_noncore,no,data/verification/south_carolina_verification_v1.csv,15
SC015,La KeBuena 1430,,Hilton Head / Bluffton / Beaufort,https://kebuena1430.com/,current_listing,unclear_news_share,yes,Spanish-language commercial/community radio station,South Carolina DPH lists active Lowcountry coverage,pending_deeper_verification,https://dph.sc.gov/professionals/public-health-data/data-care-dtc/data-care-dtc-latinx-resources,Retain; verify journalism/public-affairs content before core inclusion.,pending_verification,no,data/verification/south_carolina_verification_v1.csv,16
SC024,La Mega Nota SC market candidate,,Upstate / regional,,unresolved,unresolved,likely_yes,unresolved Spanish-language regional media candidate,no distinct South Carolina operation established in this pass,hold_unresolved,,Retain candidate only until a specific current SC operation is identified.,hold_for_review,no,data/verification/south_carolina_verification_v1.csv,25
SC005,La Nación Hispana,,Greenville / Upstate,https://www.lanacionhispana.com/,historical_to_current_candidate,yes,yes,Spanish-language weekly newspaper/digital outlet,Harvard Spanish-media study identifies weekly print/digital operation in South Carolina,verified_include_with_secondary_evidence,https://cervantesobservatorio.fas.harvard.edu/sites/default/files/019_informes_periodismo_espanol_estados_unidos.pdf,Eligible provisionally; confirm 2026 cadence and ownership in deeper pass.,core_verified,yes,data/verification/south_carolina_verification_v1.csv,6
SC021,La Noticia - Rock Hill/SC market,,Rock Hill / Charlotte metro,https://lanoticia.com/,yes,yes,yes,North Carolina-based Spanish-language newsroom serving SC market,active regional Spanish-language newsroom; institutional base is North Carolina,multistate_market_case,https://lanoticia.com/,Do not count as South Carolina-based; retain as market-serving cross-state outlet.,contextual_noncore,no,data/verification/south_carolina_verification_v1.csv,22
IA001,La Prensa Iowa,,Denison / Western & Central Iowa,https://www.laprensaiowa.com/,yes,yes,yes,independent Spanish-language print/digital newspaper,founded 2006 by Nicaraguan immigrant journalist Lorena López; biweekly print plus digital; explicit focus on Spanish-speaking and Hispanic communities,verified_include,https://www.laprensaiowa.com/about-us/,Excellent immigrant-founded rural/local journalism case.,core_verified,yes,data/verification/iowa_verification_v1.csv,2
SC011,La Raza Charleston,,Charleston,https://laraza.com/,yes_station,mixed_news_entertainment,yes,Spanish-language commercial radio station within Norsan Media,active regional Mexican station serving Charleston; parent/network ownership documented,verified_include_market_case,https://dph.sc.gov/professionals/public-health-data/data-care-dtc/data-care-dtc-latinx-resources,Include as market-serving Spanish radio; journalism/public-affairs share should be coded separately.,core_verified,yes,data/verification/south_carolina_verification_v1.csv,12
SC012,La Raza Columbia,,Columbia,https://laraza.com/,yes_station,mixed_news_entertainment,yes,Spanish-language commercial radio station within Norsan Media,active Columbia Spanish-language station; Norsan ownership/network structure documented,verified_include_market_case,https://dph.sc.gov/professionals/public-health-data/data-care-dtc/data-care-dtc-latinx-resources,Include as market-serving Spanish radio; avoid double-counting parent network.,core_verified,yes,data/verification/south_carolina_verification_v1.csv,13
KS008,La Semana,,Garden City,,historical_or_unclear,historically_yes,yes,Spanish-language edition of Garden City Telegram,historical research documents La Semana as Spanish-language version; current 2026 operation not established,pending_verification,https://migration.ucdavis.edu/cf/more.php?id=157,Retain as historical/current-unclear.,pending_verification,no,data/verification/kansas_verification_v1.csv,9
NY007,La Tribuna Hispana USA,,NYC / Long Island / Westchester,https://latribunahispana.com/,likely_yes,likely_yes,yes,Spanish-language community newspaper,current brand/site discoverable; metro Latino-community orientation,pending_deeper_verification,https://latribunahispana.com/,"Retain as strong candidate; ownership, cadence and current institutional structure need direct verification.",pending_verification,no,data/verification/new_york_verification_v1.csv,8
AZ003,La Voz Arizona,,Phoenix / statewide,https://www.azcentral.com/la-voz/,yes,yes,yes,Spanish-language digital product within The Arizona Republic/Gannett,active Arizona Spanish-language news product serving Hispanic audiences,verified_include_hosted_language_product,https://www.phoenixmag.com/2026/03/01/waiting-for-translation/,Hosted/network-affiliated comparison case.,core_verified,yes,data/verification/arizona_verification_v1.csv,4
CT001,La Voz Hispana de Connecticut,,New Haven / statewide,https://lavozhispanact.com/,yes,yes,yes,Spanish-language weekly newspaper/digital outlet,active Sept. 2026; 135000+ weekly readership claim; distribution across Hartford New Haven Waterbury Bridgeport Norwalk and Stamford,verified_include,https://lavozhispanact.com/,Strong statewide Latino newspaper.,core_verified,yes,data/verification/connecticut_verification_v1.csv,2
VA008,Las Américas Newspaper,,Falls Church / Northern Virginia,,unclear_current_operation,historically_yes,yes,Spanish-language weekly newspaper,listed in Virginia newspaper directories,but strong current 2026 publication evidence not established,pending_verification,https://kiwix.thunderforge.net/content/wikipedia_en_all_maxi_2025-08/List_of_newspapers_in_Virginia,other_review_status,no,data/verification/virginia_verification_v1.csv,9
MD003,Latin Opinion,,Baltimore / statewide,,yes_via_current_media_appearance,yes_likely,yes,Baltimore-based Spanish-language media network,WYPR interviewed founder Erick Oribio in July 2026 and identified Latin Opinion as a Baltimore-based Spanish-language media network,verified_include_with_secondary_evidence,https://www.wypr.org/show/the-wypr-news-roundup/2026-07-10/baltimore-county-elections-venezuelas-earthquake-police-accountability-and-ice-cream,Promising core case; direct website,core_verified,yes,data/verification/maryland_verification_v1.csv,4
SC002,Latino Newspaper / Latino SC,,Greenville / statewide,https://latino4u.net/,current_listing,likely_yes,yes,Spanish-language statewide newspaper and online outlet,listed by South Carolina DPH as newspaper/online outlet serving Greenville and statewide,verified_include_with_directory_evidence,https://dph.sc.gov/professionals/public-health-data/data-care-dtc/data-care-dtc-latinx-resources,"Strong candidate; deeper pass should add current ownership, staff and publication cadence.",core_verified,yes,data/verification/south_carolina_verification_v1.csv,3
SC007,LatinX Today News,,Lowcountry / statewide,https://latinxtoday.com/,current_listing,likely_yes,yes,Latinx online news outlet,listed by South Carolina DPH as online media outlet serving Lowcountry/statewide,pending_deeper_verification,https://dph.sc.gov/professionals/public-health-data/data-care-dtc/data-care-dtc-latinx-resources,Retain; direct current newsroom/activity evidence still needed.,pending_verification,no,data/verification/south_carolina_verification_v1.csv,8
FL001,Le Floridien,,South Florida / Haitian diaspora,https://lefloridien.com/,yes,yes,yes,independent bilingual Haitian-American newspaper,founded 2001; twice-monthly; current Sept. 2026 editions; South Florida distribution and diaspora reporting,verified_include,https://lefloridien.com/about-us/,Excellent Haitian diaspora newsroom.,core_verified,yes,data/verification/florida_verification_v1.csv,2
NH003,Made En NH,,Statewide,https://www.nhpr.org/made-en-nh,yes,yes_series,yes,Latino culture/community series within NHPR Spanish-language initiative,current bilingual Latino community/culture reporting tied to Qué Hay de Nuevo,verified_include_hosted_program,https://www.nhpr.org/made-en-nh,Program-level case; do not double-count institution.,core_verified,yes,data/verification/new_hampshire_verification_v1.csv,4
MD006,Maryland Ethiopian/Amharic media lead,,Silver Spring / Montgomery County,,unresolved,unresolved,likely_yes_if_found,unresolved diaspora-media lead,first-pass searches did not establish a distinct current Maryland-based Ethiopian/Amharic newsroom,hold_unresolved,,Retain for deeper community-radio satellite TV and diaspora-directory search; do not infer absence.,hold_for_review,no,data/verification/maryland_verification_v1.csv,7
MD002,MarylandHispano.com,,Statewide,https://www.marylandhispano.com/,yes_recently_indexed,mixed_news_directory,yes,Spanish-language statewide community portal,explicitly serves Latino/Hispanic communities across Maryland cities and counties with news,services and events,verified_include_mixed_format,https://www.marylandhispano.com/noticias/,other_review_status,no,data/verification/maryland_verification_v1.csv,3
FL006,Miami Diario,,Miami / South Florida,https://miamidiario.com/,yes,yes,yes,Spanish-language digital local-news outlet,active Sept. 2026 Miami/Florida reporting with strong immigrant-community utility,verified_include,https://miamidiario.com/,Strong current Spanish-language local case.,core_verified,yes,data/verification/florida_verification_v1.csv,7
NM007,Más New Mexico,,Santa Fe / Albuquerque,,unclear_current_operation,unclear,yes,Spanish-language newspaper,recognized by New Mexico statute as official Spanish-language newspaper; current activity not established,pending_verification,https://law.justia.com/codes/new-mexico/chapter-14/article-11/section-14-11-13/,Retain pending current newsroom verification.,pending_verification,no,data/verification/new_mexico_verification_v1.csv,8
NM010,Navajo-language local news outlets,,Gallup / Farmington / Cibola County,,yes,yes,no_under_immigrant_definition,Indigenous-language local news outlets,2025 ecosystem study identifies three Navajo-language local outlets,exclude_core_indigenous_not_immigrant,https://iprsoftwaremedia.com/175/files/202511/NewsMapFullReport.pdf,Important for broader language-access context but outside immigrant-journalism core sample.,other_review_status,no,data/verification/new_mexico_verification_v1.csv,11
NH005,New Hampshire independent Latino media lead,,Manchester / Nashua,,unresolved,unresolved,likely_yes_if_found,unresolved independent Latino-media lead,first-pass search did not identify a distinct current independent newsroom beyond NHPR's Spanish-language initiative,hold_unresolved,,Do not interpret as absence; retain for directory/community search.,hold_for_review,no,data/verification/new_hampshire_verification_v1.csv,6
NY042,New York Amsterdam News,,Harlem / NYC,https://amsterdamnews.com/,yes,yes,unclear,historic Black community newspaper,active Harlem/Black community journalism,comparison_or_exclude_core,https://amsterdamnews.com/,Keep outside core immigrant frame unless sustained immigrant/diaspora service is demonstrated.,contextual_noncore,no,data/verification/new_york_verification_v1.csv,43
NY009,New York Latino,,New York City,https://newyorklatino.com/,yes,yes,yes,Spanish-language digital Latino news outlet,current 2026 local news; explicit mission to inform NY Latino community,verified_include,https://newyorklatino.com/,Current active local Latino outlet.,core_verified,yes,data/verification/new_york_verification_v1.csv,10
NJ005,News India Times,,Edison / national,https://newsindiatimes.com/,yes,yes,yes,Indian-American newspaper within Parikh Worldwide Media,publisher headquartered in Edison; active Sept. 2026 New Jersey community coverage alongside national diaspora reporting,verified_include_multiscale,https://newsindiatimes.com/,Strong South Asian diaspora newsroom; national scale should be coded separately.,core_verified,yes,data/verification/new_jersey_verification_v1.csv,6
NY015,News India Times,,NYC metro,https://www.newsindiatimes.com/,yes,yes,yes,Indian-American weekly within Parikh Worldwide Media,editor/staff; weekly; national Indian-American audience; NY office; corporate HQ now New Jersey,move_to_new_jersey_or_multistate,https://newsindiatimes.com/about-us/,"Do not count as New York-based in strict state frame; parent corporate office is in New Jersey, though it serves NY and has a NY office.",other_review_status,no,data/verification/new_york_verification_v1.csv,16
AZ006,Next Weekly,,Phoenix / statewide,https://www.nextweeklyaz.com/,yes,yes,yes,Chinese-language weekly newspaper,founded 2002; statewide east/west distribution; editorials plus local/Hong Kong/Taiwan news,verified_include,https://www.nextweeklyaz.com/about,Excellent Chinese diaspora/community outlet.,core_verified,yes,data/verification/arizona_verification_v1.csv,7
NJ004,NJ Information Magazine,,Fort Lee / Palisades Park,https://www.njjungbo.com/,yes,mixed_articles_information,yes,Korean-American monthly magazine/community-media product,current Sept. 2026 issue; Fort Lee and Palisades Park offices; Korean-American community focus,verified_include_mixed_format,https://www.njjungbo.com/,Eligible mixed-format Korean community publication.,core_verified,yes,data/verification/new_jersey_verification_v1.csv,5
NJ009,NJ Spotlight News en Español,,Statewide,https://www.njspotlightnews.org/,yes_parent,yes_translated_local_news,yes_language_service,Spanish-language vertical within general nonprofit/state public-media newsroom,NJ PBS documents recurring Spanish translations and distribution partnerships including Reporte Hispano,verified_include_hosted_language_product,https://www.nj.gov/treasury/njpba/assets/files/pdf/2025/CPB_LocalContentReport2024.pdf,Hosted language-access product rather than immigrant-specific parent newsroom.,core_verified,yes,data/verification/new_jersey_verification_v1.csv,10
SC022,Norsan Media South Carolina,,Charleston / Columbia,https://norsanmedia.com/,yes,no_as_single_outlet,yes,Spanish-language media parent/network,owns/operates La Raza radio properties and other Spanish-language media,classify_intermediary_host,https://norsanmedia.com/,Do not count as one outlet; add to host/network table.,other_review_status,no,data/verification/south_carolina_verification_v1.csv,23
NY044,Noticia Long Island,,Long Island,https://noticiali.com/,likely_yes,yes,yes,Spanish-language Long Island community newspaper/digital outlet,Latino local-news identity; Long Island community focus,pending_deeper_verification,https://noticiali.com/,Strong candidate; verify current ownership/cadence and resolve duplication with NY008.,pending_verification,no,data/verification/new_york_verification_v1.csv,45
NY029,Nowy Dziennik / Polish Weekly,,NYC metro,https://dziennik.com/,yes,yes,yes,Polish-language weekly serving New York metro,active Polish diaspora news; current publisher/headquarters reported in New Jersey,move_to_new_jersey_or_multistate,https://dziennik.com/,Do not count as strictly New York-based if state coding follows current institutional headquarters; preserve as NY-market outlet.,other_review_status,no,data/verification/new_york_verification_v1.csv,30
SC003,Nuestro Estado,,Charleston / statewide,https://nuestroestado.com/,yes,yes,yes,Spanish-language digital newsroom,explicit community-centered journalism mission; undocumented people at core of audience; statewide Spanish-speaking focus,verified_include,https://nuestroestado.com/sobre-nosotros-3/,Very strong immigrant-serving fit.,core_verified,yes,data/verification/south_carolina_verification_v1.csv,4
NJ007,Panjab Express,,Avenel / statewide & diaspora,https://www.panjabexpress.com/,yes,yes,yes,Punjabi-English digital newspaper published by BKS TIMES LLC,publisher based in Avenel; covers New Jersey U.S. Punjab and diaspora affairs; editorial and corrections policies public,verified_include,https://www.panjabexpress.com/about,Strong Punjabi diaspora case with visible editorial infrastructure.,core_verified,yes,data/verification/new_jersey_verification_v1.csv,8
NY017,Parikh Worldwide Media,,NYC metro,https://www.newsindiatimes.com/,yes,no_as_single_outlet,yes,Indian-American media parent/group,"owns/publishes News India Times, Desi Talk, Gujarat Times and other properties",classify_intermediary_host,https://newsindiatimes.com/about-us/,"Do not count as an outlet. Add to host/network table, based in New Jersey.",other_review_status,no,data/verification/new_york_verification_v1.csv,18
SC006,Pasa La Voz Noticias,,South Carolina / Georgia,https://pasalavoznoticias.org/,yes,yes,yes,independent Spanish-language newsroom,current 2026 reporting; named team; explicit service-journalism mission for Latinx communities in SC and GA,verified_include,https://pasalavoznoticias.org/sobre-nosotros-2/,Excellent core immigrant-serving case.,core_verified,yes,data/verification/south_carolina_verification_v1.csv,7
KS001,Planeta Venus,,Wichita / statewide,https://www.planetavenus.online/,yes,yes,yes,bilingual/Spanish digital and print newsroom,"statewide digital reach and print distribution in Wichita, Emporia, Great Bend, Coffeyville, Garden City, Dodge City, Liberal and other Latino communities; independent reporting and fact-checking",verified_include,https://www.planetavenus.online/pvythejournal,Excellent statewide Latino journalism case.,core_verified,yes,data/verification/kansas_verification_v1.csv,2
AZ002,Prensa Arizona,,Phoenix / statewide,https://prensaarizona.com/,yes,yes,yes,Spanish-language print/digital community outlet,identified as one of Arizona's surviving Spanish-language print publications; active current site,verified_include_with_secondary_evidence,https://www.phoenixmag.com/2026/03/01/waiting-for-translation/,Strong Spanish-language community news case; deeper institutional coding needed.,core_verified,yes,data/verification/arizona_verification_v1.csv,3
NY039,QNS / Queens community ethnic-media products,,Queens / NYC,https://qns.com/,yes,yes,unclear,local commercial media parent/platform,Queens local journalism; potential ethnic/community products,classify_host_or_comparison,https://qns.com/,Do not count parent as immigrant outlet without a distinct sustained immigrant/language product.,contextual_noncore,no,data/verification/new_york_verification_v1.csv,40
NY043,Queens Latino,,Queens / NYC,,unresolved,unresolved,likely_yes,unresolved Spanish-language local candidate,exact current outlet identity not established,hold_unresolved,,Do not include until a distinct current organization is verified.,hold_for_review,no,data/verification/new_york_verification_v1.csv,44
NJ001,Radio Jornalera NJ,,Newark / statewide,,yes_via_current_reporting,yes,yes,grassroots immigrant-worker radio/digital outlet launched by Resistencia en Acción,active 2026 on-the-ground reporting; eight shows; Spanish-speaking immigrant-worker audience; volunteer/community journalism model,verified_include_with_secondary_evidence,https://www.theguardian.com/us-news/2026/jun/13/radio-jornalera-new-jersey-immigration-detention-center,Excellent immigrant-led grassroots media case; direct website/social metadata should be added later.,core_verified,yes,data/verification/new_jersey_verification_v1.csv,2
SC017,Radio Revive,,Statewide,https://radiorevive.com/,current_listing,unclear_news_share,yes,online Spanish-language radio,South Carolina DPH lists current statewide online radio service,pending_verification,https://dph.sc.gov/professionals/public-health-data/data-care-dtc/data-care-dtc-latinx-resources,Retain pending direct evidence of sustained journalism/public-affairs programming.,pending_verification,no,data/verification/south_carolina_verification_v1.csv,18
FL010,Radyo FANM / Vwa FANM,,Miami / South Florida,,yes_via_host,yes_public_affairs,yes,Haitian Creole community radio program hosted by Family Action Network Movement,2026 Little Haiti Book Festival guide documents 28-year program on WLVQ 1320 AM covering health,economic empowerment,family and community issues,verified_include_hosted_program,other_review_status,no,data/verification/florida_verification_v1.csv,11
FL005,Radyo Lekol,,Miami-Dade,https://www.wlrn.org/show/radyo-lekol,yes,yes_public_service_news,yes,Haitian Creole hosted educational-news program on WLRN,weekday 25-minute Haitian Creole news/information program produced by Miami-Dade County Public Schools,verified_include_hosted_program,https://www.wlrn.org/show/radyo-lekol,Important hosted public-service language program.,core_verified,yes,data/verification/florida_verification_v1.csv,6
NJ002,Reporte Hispano,,Statewide,https://reportehispano.com/,yes,yes,yes,Spanish-language print/digital news outlet,active Sept. 2026 local New Jersey immigration health economy and community reporting,verified_include,https://reportehispano.com/,Strong current statewide Latino newsroom.,core_verified,yes,data/verification/new_jersey_verification_v1.csv,3
NH004,Rumbo - New Hampshire market,,Nashua / Manchester / Merrimack Valley,,historical_or_unclear,historically_yes,yes,"Spanish-language weekly based in Lawrence, Massachusetts",historically served Nashua and Manchester; current 2026 operation not established in first pass,pending_verification,https://www.nhbr.com/spanish-language-paper-finds-a-home-in-region-2/,Retain as historical/multistate market case pending current evidence.,pending_verification,no,data/verification/new_hampshire_verification_v1.csv,5
NY027,Russian Bazaar,,Brooklyn / NYC,https://russian-bazaar.com/,likely_yes,yes,yes,Russian-language community newspaper,active brand/site; longstanding Brooklyn Russian-speaking readership,pending_deeper_verification,https://russian-bazaar.com/,Retain; current institutional page/ownership needs verification.,pending_verification,no,data/verification/new_york_verification_v1.csv,28
AZ009,Saigon Nho / Little Saigon Magazine Arizona,,Phoenix,https://asianmedianetwork.com/,yes_via_parent,yes_mixed_magazine,yes,Vietnamese-language weekly magazine/media product,parent explicitly lists Saigon Nho Magazine as weekly Vietnamese affiliate,verified_include_mixed_format,https://asianmedianetwork.com/about-us/,Useful Vietnamese community-media case.,core_verified,yes,data/verification/arizona_verification_v1.csv,10
NM008,Santa Fe New Mexican Spanish-language product,,Santa Fe,https://www.santafenewmexican.com/,yes_parent,unclear_spanish_journalism,partly,mainstream local newsroom with statutory Spanish legal-notice role,"active 2026 newsroom; statute recognizes paper for Spanish legal notices, but sustained immigrant-serving Spanish journalism not demonstrated",comparison_or_exclude_core,https://law.justia.com/codes/new-mexico/chapter-14/article-11/section-14-11-13/,Do not count as immigrant-serving core on legal-notice status alone.,contextual_noncore,no,data/verification/new_mexico_verification_v1.csv,9
SC009,SC Live TV,,Statewide,https://sclivetv.com/,current_listing,mixed_news_entertainment,yes,Latino online TV/media outlet,"South Carolina Commission for Minority Affairs describes entertainment, music, shows and breaking news; statewide Latino-media role",verified_include_mixed_format,https://www.scstatehouse.gov/reports/aar2024/L460.pdf,Eligible as mixed-format Latino media; code journalism share separately.,core_verified,yes,data/verification/south_carolina_verification_v1.csv,10
NY024,Shukan NY Seikatsu,,New York City,https://www.nyseikatsu.com/,yes,yes,yes,Japanese-language weekly newspaper,publisher; NYC address; weekly frequency; circulation; NY-area local news and living information,verified_include,https://www.nyseikatsu.com/english-page/05/2018/5451/,Strong current Japanese expatriate/immigrant community case.,core_verified,yes,data/verification/new_york_verification_v1.csv,25
NY021,Sing Tao Daily New York,,New York City,https://www.singtaousa.com/,likely_yes,yes,yes,Chinese-language daily/community edition,longstanding NY operation; local/international news; immigrant Chinese readership,verified_include_with_secondary_evidence,https://www.nysenate.gov/legislation/resolutions/2019/2019-j2040,Strong diaspora case; update with direct 2026 institutional page later.,core_verified,yes,data/verification/new_york_verification_v1.csv,22
NY023,SinoVision,,New York City,https://sinovision.net/,no_current_network,historically_yes,yes,former Chinese-language television network,historical NYC Chinese-language network; television network reported closed Sept. 2024,exclude_inactive,https://en.wikipedia.org/wiki/SinoVision,Retain in archival registry only unless a successor digital newsroom is separately verified.,other_review_status,no,data/verification/new_york_verification_v1.csv,24
AZ004,Telemundo Arizona,,Phoenix / Tucson / statewide,https://www.telemundoarizona.com/,yes,yes,yes,Spanish-language local television newsroom,Phoenix Magazine documents established local Spanish-language newsroom and community-centered newsgathering,verified_include,https://www.phoenixmag.com/2026/03/01/waiting-for-translation/,Strong network-affiliated Spanish-language case.,core_verified,yes,data/verification/arizona_verification_v1.csv,5
NM001,Telemundo Nuevo México,,Albuquerque / statewide,,yes_market_presence,yes,yes,Spanish-language local television newsroom,2025 statewide ecosystem study identifies Telemundo TV as one of only four outlets providing local news in Spanish,verified_include_with_ecosystem_evidence,https://iprsoftwaremedia.com/175/files/202511/NewsMapFullReport.pdf,Strong Spanish local-news case; add station call sign/ownership/direct site in deeper pass.,core_verified,yes,data/verification/new_mexico_verification_v1.csv,2
SC018,Telemundo South Carolina / GrayTV Telemundo,,Greenville / statewide,https://www.telemundogreenvillesc.com/,yes,yes,yes,Spanish-language local television newsroom within Gray Media,active 2026 local South Carolina Spanish-language news operation,verified_include,https://www.telemundogreenvillesc.com/,Strong large-network local-news comparison case.,core_verified,yes,data/verification/south_carolina_verification_v1.csv,19
FL007,The Florida News,,Miami / Orlando / Tampa / West Palm Beach,https://www.theflorida.news/,yes,yes,yes,independent Spanish-language statewide/local digital newsroom,current 2026 reporting; explicitly describes itself as independent journalism for Florida's Latino community across major metros,verified_include,https://www.theflorida.news/,Strong multi-metro Latino newsroom.,core_verified,yes,data/verification/florida_verification_v1.csv,8
NY002,The Haitian Times,,Brooklyn / NYC,https://haitiantimes.com/,yes,yes,yes,Haitian diaspora newsroom,current reporting; donation-supported journalism; newsroom by/for Haitians; diaspora coverage,verified_include,https://haitiantimes.com/donate/,Strong core diaspora case; current site blocked on some pages but active publication is clear.,core_verified,yes,data/verification/new_york_verification_v1.csv,3
FL009,The Haitian Times - Florida service,,South Florida market,https://haitiantimes.com/,yes,yes,yes,Haitian-American national/diaspora newsroom based outside Florida,substantial Haitian diaspora reporting relevant to South Florida; not Florida-based,multistate_market_case,https://haitiantimes.com/,Do not count as Florida-based; retain as major Florida-serving diaspora outlet.,contextual_noncore,no,data/verification/florida_verification_v1.csv,10
VA009,The Korean Weekly,,Fairfax / Northern Virginia,,unclear_current_operation,historically_or_likely_yes,yes,Korean-language weekly newspaper,current Korean business directory lists Fairfax office,but newsroom cadence/website not established,pending_deeper_verification,https://dc.koreaportal.com/yp/yp_list.php?index=9&mcode=med&scode=med_02,other_review_status,no,data/verification/virginia_verification_v1.csv,10
NY030,The National Herald,,New York City,https://www.thenationalherald.com/,yes,yes,yes,Greek-American newspaper/digital newsroom,Greek diaspora news; English/Greek coverage; NYC institutional presence,verified_include,https://www.thenationalherald.com/,Strong Greek-American diaspora case.,core_verified,yes,data/verification/new_york_verification_v1.csv,31
SC008,Universal Latin News Charleston,,Charleston / Lowcountry,https://universallatinnews.com/,yes,yes,yes,Spanish-language online newspaper/digital platform,current 2026 local reporting; publisher identified; local media profile documents Spanish-language information-hub role,verified_include,https://universallatinnews.com/,Strong current Lowcountry case.,core_verified,yes,data/verification/south_carolina_verification_v1.csv,9
AZ005,Univision Arizona,,Phoenix / Tucson,https://www.univision.com/local/arizona-ktvw,yes,yes,yes,Spanish-language local television newsroom/network affiliate,current local Arizona Spanish-language news presence,verified_include,https://www.univision.com/local/arizona-ktvw,Strong network-affiliated case.,core_verified,yes,data/verification/arizona_verification_v1.csv,6
NM002,Univision Nuevo México,,Albuquerque / statewide,,yes_market_presence,yes,yes,Spanish-language local television newsroom,2025 statewide ecosystem study identifies Univision TV among only four local Spanish-news outlets,verified_include_with_ecosystem_evidence,https://iprsoftwaremedia.com/175/files/202511/NewsMapFullReport.pdf,Strong local Spanish-news case; direct local station metadata should be added later.,core_verified,yes,data/verification/new_mexico_verification_v1.csv,3
AZ010,VAATV - Vietnamese American Arizona Television,,Phoenix,https://asianmedianetwork.com/,yes_via_parent,unclear_news_share,yes,Vietnamese-American television/community media product,parent lists VAATV as Vietnamese affiliate platform,pending_deeper_verification,https://asianmedianetwork.com/about-us/,Retain; verify current schedule and sustained journalism/public-affairs share.,pending_verification,no,data/verification/arizona_verification_v1.csv,11
SC010,VaqueVA Revista,,Beaufort / Hilton Head / Lowcountry,,current_public_listing,mixed_magazine_radio,yes,Spanish-language magazine and online radio,South Carolina DPH and state minority-affairs records identify magazine/online radio serving Hilton Head/Bluffton area,verified_include_mixed_format,https://dph.sc.gov/professionals/public-health-data/data-care-dtc/data-care-dtc-latinx-resources,Eligible as mixed-format immigrant-serving media; direct website/current staff not established.,core_verified,yes,data/verification/south_carolina_verification_v1.csv,11
VA005,VATV / Viet Washington DC Radio,,Falls Church / Northern Virginia / DMV,https://vietwdcradio.com/,yes,yes_mixed_news_culture,yes,Vietnamese-American radio/television/community media operation,current 2026 site offers news updates,community news and political/economic coverage; Falls Church studio listed,verified_include_mixed_format,https://vietwdcradio.com/,other_review_status,no,data/verification/virginia_verification_v1.csv,6
VA007,VirginiaHispano.com,,Statewide,https://www.virginiahispano.com/,yes,mixed_news_directory,yes,Spanish-language statewide directory/news portal,current 2026 site provides Virginia news,events and service information for Hispanic/Latino community,verified_include_mixed_format,https://www.virginiahispano.com/index.php,other_review_status,no,data/verification/virginia_verification_v1.csv,8
VA006,VirginiaLatino.com,,Statewide,https://www.virginialatino.com/,yes,mixed_news_directory,yes,Spanish-language community directory/news portal,current 2026 site offers Virginia news,events,services,embassies and community information,other_review_status,no,data/verification/virginia_verification_v1.csv,7
NH002,Visibles,,Statewide,https://www.nhpr.org/visibles-stories-from-our-community,yes,yes_series,yes,Latino community storytelling series within Qué Hay de Nuevo,multi-season original reporting focused on New Hampshire Latino community life,verified_include_hosted_program,https://www.nhpr.org/visibles-stories-from-our-community,Program-level case linked to NH001 host/product.,core_verified,yes,data/verification/new_hampshire_verification_v1.csv,3
MD001,Washington Hispanic,,Silver Spring / DMV,https://washingtonhispanic.com/,yes,yes,yes,Spanish-language weekly/digital newspaper,company headquarters documented in Silver Spring; founded 1994; serves Spanish-speaking DMV communities,verified_include_with_directory_evidence,https://asequent.com/app/admin/assets/img/184301A_EPM_100_PROOF_R1.pdf,Strong Maryland-based Latino newspaper; deeper pass should use current outlet contact/about page if available.,core_verified,yes,data/verification/maryland_verification_v1.csv,2
MD007,Washington Hispanic DMV products,,Silver Spring / DMV,https://washingtonhispanic.com/,yes_via_host,yes_via_host,yes,supplement/digital products within Washington Hispanic,host publishes related community information products under same organization,classify_hosted_product_or_duplicate,https://asequent.com/app/admin/assets/img/184301A_EPM_100_PROOF_R1.pdf,Do not double-count separately from MD001 unless product-level analysis requires it.,other_review_status,no,data/verification/maryland_verification_v1.csv,8
NY013,Weekly Thikana,,Queens / NYC,https://thikana.us/,yes,yes,yes,Bangladeshi diaspora multi-platform media group,founded in NY; newspaper/IPTV/digital; diaspora mission; government/community campaigns,verified_include,https://thikanagroup.com/,Very strong Bangladeshi diaspora institutional case.,core_verified,yes,data/verification/new_york_verification_v1.csv,14
KS009,Wichita Journalism Collaborative,,Wichita,https://wichitajournalism.org/,yes,no_as_single_outlet,partly,journalism collaborative/intermediary,current collaborative publishes partner work including Planeta Venus and other local outlets,classify_intermediary_host,https://wichitajournalism.org/,Important infrastructure layer; do not count as immigrant outlet.,other_review_status,no,data/verification/kansas_verification_v1.csv,10
NY022,World Journal New York,,Queens / NYC,https://www.worldjournal.com/,yes,yes,yes,large Chinese-language commercial newspaper/network,NY headquarters; daily Chinese-language journalism; multi-city network,verified_include,https://www.worldjournal.com/,Strong large-network comparison.,core_verified,yes,data/verification/new_york_verification_v1.csv,23
FL003,WQVN 1360,,Miami / South Florida,https://wqvn.com/,yes,mixed_news_talk_entertainment,yes,Haitian community radio station,current schedule includes talk,health,finance and community programs; station describes itself as Haitian Voice of Miami,verified_include_mixed_format,other_review_status,no,data/verification/florida_verification_v1.csv,4
FL004,WSRF 1580 AM / 99.5 FM,,South Florida,https://wsrf.com/,yes,yes_mixed_radio,yes,Haitian-American radio station,over four decades; Creole/French programming; local/international news and community talk across Miami,Fort Lauderdale and Palm Beach,verified_include_mixed_format,https://wsrf.com/about-lat/,other_review_status,no,data/verification/florida_verification_v1.csv,5
NH001,"¿Qué Hay de Nuevo, New Hampshire?",,Statewide,https://www.nhpr.org/noticias-en-espanol,yes,yes,yes,Spanish-language newsroom/product within New Hampshire Public Radio,publishes news updates four times weekly via WhatsApp and NHPR.org; bilingual team publicly identified; created to serve Spanish speakers and Latino community,verified_include_hosted_language_product,https://www.nhpr.org/noticias-en-espanol,Excellent hosted language-access journalism case.,core_verified,yes,data/verification/new_hampshire_verification_v1.csv,2
AL005,Alabama TV,Alabama,,,unclear_current_operation,unclear,yes_latino_listing,Spanish-language television outlet listed in Latino-media map,CUNY Latino Media Map lists Alabama TV; no sufficiently specific current outlet identity or institutional site confirmed,pending_verification,https://thelatinomediareport.journalism.cuny.edu/toggle-states/,"Do not place in active verified frame yet. Needs exact current station identity, ownership, and journalism/public-affairs verification.",pending_verification,no,data/verification/alabama_verification_v1.csv,6
AL004,Hola Alabama Magazine,Alabama,Birmingham / statewide,https://holalatino.com/,yes,yes,yes,bilingual Spanish-Portuguese monthly magazine within Hola Latino,"monthly publication; local news; legal, health, business and family information; statewide Latino/New American audience",verified_include_hosted_program,https://holalatino.com/sales-package/,Eligible as a program/publication within Hola Latino rather than a fully separate organization. Use host-organization linkage in master database.,core_verified,yes,data/verification/alabama_verification_v1.csv,5
AL003,Hola Latino Radio,Alabama,Birmingham / statewide,https://holalatino.com/,yes,yes_mixed_with_music,yes,Spanish-language radio and digital media operation,current site; radio stream; podcasts; New Americans news/information; events; advertising structure,verified_include,https://holalatino.com/,"Eligible. News and public-information functions are explicit, though programming also includes music and promotional content.",core_verified,yes,data/verification/alabama_verification_v1.csv,4
AL001,Latino News,Alabama,Birmingham / statewide,https://latino-news.com/,yes,yes,yes,Spanish-language newspaper; Latino News LLC,current 2026 editions; named director/president; Alabama Press Association listing; immigration/local/state coverage; 14-county reach,verified_include,https://latino-news.com/,Strong active fit. Current 2026 digital/print editions and explicit Hispanic-community mission are publicly documented.,core_verified,yes,data/verification/alabama_verification_v1.csv,2
AL002,LIDER News,Alabama,Birmingham / statewide,https://www.lider.fm/,yes,yes,yes,Spanish-language newspaper/radio/TV network; Horizon Entertainment Inc. d/b/a Lider News,current 2026 Alabama and migration coverage; Alabama Press Association listing; weekly print distribution; advertising-funded; radio/TV presence,verified_include,https://www.lider.fm/,Strong active fit. Institutional evidence supports a multi-platform Spanish-language community news operation.,core_verified,yes,data/verification/alabama_verification_v1.csv,3
AL006,Vida em Alabama,Alabama,Birmingham / statewide,https://holalatino.com/,yes,yes_mixed_format,yes,Portuguese-language Brazilian-immigrant initiative within Hola Latino,explicitly created for new Brazilian immigrants; Portuguese-language information/news; print/digital content; advertising structure,verified_include_hosted_program,https://holalatino.com/,"Eligible as a hosted immigrant-serving media program, not a separate parent organization. Link to Hola Latino as host.",core_verified,yes,data/verification/alabama_verification_v1.csv,7
AK003,Alaska Korean Community News,Alaska,Anchorage / statewide,https://knewsak907.com/,yes,yes,yes,Korean-language newspaper and digital outlet,Current September 2026 publication; 2026 merger retained distinct publication identities with alternating print schedule,verified_include_core_shared_operation,https://knewsak907.com/,Retain distinct outlet identity while linking operational consolidation with AK002.,core_verified,yes,data/verification/alaska_verification_v1.csv,4
AK002,Anchorage Korean News,Alaska,Anchorage / statewide,https://akn907.com/,yes,yes,yes,bilingual Korean-English newspaper and digital outlet,Current September 2026 Alaska and Korean-community reporting; 2026 merger reporting says it now operates jointly with Alaska Korean Community News,verified_include_core,https://akn907.com/,Count as distinct editorial product but note shared operation.,core_verified,yes,data/verification/alaska_verification_v1.csv,3
AK001,Sol de Medianoche,Alaska,Anchorage / statewide,https://www.soldemedianochenews.org/,yes,yes,yes,bilingual Latino newspaper and digital outlet,Official site identifies itself as Alaska's first bilingual newspaper and says it serves Latino information needs; current September 2026 reporting and print edition visible,verified_include_core,https://soldemedianochenews.org/en/about-us/,Strong core inclusion.,core_verified,yes,data/verification/alaska_verification_v1.csv,2
AR001,Arkansas GRITA,Arkansas,Northwest Arkansas / statewide expansion,https://arkansasgrita.com/,yes,yes,yes,community-led nonprofit-style investigative newsroom,About page identifies mission as amplifying migrant-neighbor voices and publishes recurring 2026 investigations on immigration enforcement; team and editorial independence standards publicly listed,verified_include_core,https://arkansasgrita.com/about/,Strong immigrant-centered investigative newsroom.,core_verified,yes,data/verification/arkansas_verification_v1.csv,2
AR002,Chikin Melele News,Arkansas,Springdale / U.S. Marshallese diaspora,https://chikinmelele.com/,yes,yes,yes,Marshallese diaspora newspaper/digital outlet,Official site says it shares news across U.S. and Central Pacific in English Marshallese and Chuukese; founded in Springdale and active with 2026 reporting,verified_include_core,https://chikinmelele.com/celebrating-5-years-of-chikin-melele-news/,Strong diaspora journalism case with translocal scope.,core_verified,yes,data/verification/arkansas_verification_v1.csv,3
AR003,La Prensa Libre AR,Arkansas,Northwest Arkansas / River Valley / Southwest Missouri,,yes,yes,yes,Spanish-language weekly newspaper owned by Northwest Arkansas Newspapers LLC,NWA Media identifies it as a weekly publication; September 2026 profile documents active two-person newsroom producing 16-page Spanish newspaper with 19 stories in latest issue,verified_include_core,https://www.wholehogsportsnetwork.com/,Website identity is less clear than print/app presence but current operation is strongly documented.,core_verified,yes,data/verification/arkansas_verification_v1.csv,4
AR004,Telemundo Arkansas,Arkansas,Statewide,https://telemundoarkansas.com/,yes,yes,yes,Spanish-language television and digital newsroom,Current site publishes daily Arkansas local news in Spanish and community coverage,verified_include_core,https://telemundoarkansas.com/,Core language-serving broadcast/digital outlet.,core_verified,yes,data/verification/arkansas_verification_v1.csv,5
CA026,Al Enteshar Newspaper,California,Los Angeles / Southern California,https://alentesharnewspaper.com/,yes,yes,yes,independent Arabic-English community newspaper,active weekly issues; office; independent ownership claim,verified_include,https://alentesharnewspaper.com/about/,Strong Arab-American community-media case.,core_verified,yes,data/verification/california_verification_v1.csv,27
CA016,Alhambra Source,California,Alhambra,https://alhambrasource.org/,no_current_operation,historically_yes,historically_yes,former nonprofit community newsroom,closure documented,exclude_inactive,https://www.alhambralatinoassociation.com/community-partners,"Closed in 2020. Retain only in archival/inactive registry, not active sampling frame.",other_review_status,no,data/verification/california_verification_v1.csv,17
CA008,Asian Journal,California,Los Angeles / California,https://asianjournal.com/,yes,yes,yes,Filipino American newspaper/digital newsroom,current California coverage; editorial/newsroom structure visible,verified_include,https://asianjournal.com/,Explicit Filipino-American community newspaper with active California coverage.,core_verified,yes,data/verification/california_verification_v1.csv,9
CA017,ChicoSol News,California,Chico,https://chicosol.org/,yes,yes,yes,nonprofit/fiscally sponsored multicultural local newsroom,mission; fiscal sponsor; advisory board; donor support; Spanish section,verified_include,https://chicosol.org/about/,Strong institutional-variation case; not exclusively immigrant media but immigrant communities are central to mission.,core_verified,yes,data/verification/california_verification_v1.csv,18
CA030,Crossings TV,California,Sacramento / multi-market California,https://www.crossingstv.com/,yes,yes,yes,multilingual Asian television network,multi-language news/information; market coverage; advertising structure,verified_include,https://www.crossingstv.com/about-us/,Eligible as a multi-market institutional comparison; not a small local newsroom.,core_verified,yes,data/verification/california_verification_v1.csv,31
CA025,El Informador del Valle,California,Indio / Coachella Valley,https://www.elinformadordelvalle.com/,yes,yes,yes,Spanish-language local community newspaper,current news; print edition; local mission; donation support,verified_include,https://www.elinformadordelvalle.com/,Strong local immigrant/Latino-market candidate.,core_verified,yes,data/verification/california_verification_v1.csv,26
CA014,El Latino San Diego,California,San Diego,https://ellatinoonline.com/,yes,yes,yes,Latina-owned independent media organization,founder/owner structure; Latino-community mission; current news site,verified_include,https://ellatinoonline.com/about-fanny-miller/,Strong independent commercial case.,core_verified,yes,data/verification/california_verification_v1.csv,15
CA012,El Observador,California,San Jose / Bay Area,https://el-observador.com/,yes,yes,yes,bilingual independent commercial newspaper,ownership/company; bilingual mission; community partnerships,verified_include,https://el-observador.com/about-us/,Strong local Latino community fit.,core_verified,yes,data/verification/california_verification_v1.csv,13
CA024,El Popular,California,Bakersfield / Kern County,https://elpopularnews.com/,yes,yes,yes,independent veteran-owned Latino newspaper,ownership; corporation; ethics/corrections policy; bilingual standards,verified_include,https://elpopularnews.com/sobre-nosotros/,Strong independent institutional case.,core_verified,yes,data/verification/california_verification_v1.csv,25
CA002,El Tecolote,California,San Francisco,https://eltecolote.org/,yes,yes,yes,bilingual community newspaper; nonprofit parent,about page; bilingual newsroom; nonprofit parent Acción Latina,verified_include,https://eltecolote.org/content/en/about/,Strong fit. Long-running bilingual Latino community newspaper.,core_verified,yes,data/verification/california_verification_v1.csv,3
CA001,El Tímpano,California,Oakland / Bay Area,https://www.eltimpano.org/,yes,yes,yes,community-centered immigrant newsroom,mission/story; immigrant-serving mission; community-centered reporting,verified_include,https://www.eltimpano.org/mission-story/,Strong fit. Explicitly serves Bay Area Latino and Mayan immigrants.,core_verified,yes,data/verification/california_verification_v1.csv,2
CA003,India Currents,California,Bay Area,https://indiacurrents.com/,yes,yes,yes,501(c)(3) nonprofit digital newsroom,staff; leadership; funding; annual reports; INN membership,verified_include,https://indiacurrents.com/about-us/,Strong institutional visibility and explicit Indian-diaspora mission.,core_verified,yes,data/verification/california_verification_v1.csv,4
CA019,KBBF 89.1 FM,California,Santa Rosa / North Bay,https://kbbf.org/,yes,yes,yes,nonprofit multilingual community radio,board; nonprofit status; local public affairs; indigenous languages,verified_include,https://kbbf.org/about/,Strong community-radio case.,core_verified,yes,data/verification/california_verification_v1.csv,20
CA010,Korea Daily / JoongAng Ilbo LA,California,Los Angeles,https://www.koreadaily.com/,yes,yes,yes,Korean American newspaper/media network,mission; LA headquarters; immigrant-service orientation; regional network,verified_include,https://en.koreadaily.com/about/,Excellent fit for institutional scale variation.,core_verified,yes,data/verification/california_verification_v1.csv,11
CA021,La Nueva Voz,California,Pomona,https://www.lanuevavoz.net/,yes,yes,yes,bilingual local community newspaper,publisher; operations; advertising; bilingual community reporting,verified_include,https://www.lanuevavoz.net/about.html,"Eligible, though broader community focus means immigrant-serving intensity should be coded later.",core_verified,yes,data/verification/california_verification_v1.csv,22
CA013,La Opinión,California,Los Angeles,https://laopinion.com/,yes,yes,yes,large commercial Spanish-language newsroom,editorial team; ownership; local/immigration mission,verified_include,https://laopinion.com/about-us/,"Strong fit, but should later be coded as large/networked comparison case.",core_verified,yes,data/verification/california_verification_v1.csv,14
CA027,Myanmar Gazette,California,Los Angeles area,,pending,pending,likely_yes,Burmese community media,directory evidence only in current pass,pending_verification,,Keep candidate; current website and active publication need direct verification.,pending_verification,no,data/verification/california_verification_v1.csv,28
CA006,Nguoi Viet Daily News,California,Westminster / Garden Grove,https://www.nguoi-viet.com/,unclear_site_fetch,yes,yes,Vietnamese-language daily newspaper,current public listings; longstanding Vietnamese community publication,verified_include_with_site_limit,https://ocvote.gov/vi/community/election-official-partnership/community-contact-list,Official county list identifies current outlet; site blocks automated fetch.,core_verified,yes,data/verification/california_verification_v1.csv,7
CA004,Nichi Bei News,California,San Francisco,https://www.nichibei.org/,yes,yes,yes,nonprofit ethnic/community newspaper,nonprofit foundation; staff; board; membership; community mission,verified_include,https://www.nichibei.org/about/,"Strong fit, especially for Japanese American community journalism and institutional variation.",core_verified,yes,data/verification/california_verification_v1.csv,5
CA028,Pakistan Times USA,California,Southern California,,pending,pending,likely_yes,Pakistani community publication,directory evidence only in current pass,pending_verification,,Keep candidate; current website and active publication need direct verification.,pending_verification,no,data/verification/california_verification_v1.csv,29
CA015,Peninsula 360 Press,California,Redwood City / San Mateo County,https://peninsula360press.com/,yes,yes,yes,immigrant-founded multilingual digital/community newsroom,immigrant founders; mission; community journalism; partnerships,verified_include,https://peninsula360press.com/en/we/,Very strong immigrant-serving fit.,core_verified,yes,data/verification/california_verification_v1.csv,16
CA018,Radio Bilingüe,California,Fresno / statewide network,https://radiobilingue.org/,yes,yes,yes,nonprofit Spanish-language public radio network,mission; stations; funders; immigrant/farmworker audiences,verified_include,https://radiobilingue.org/en/about-us,Strong fit and large nonprofit network case.,core_verified,yes,data/verification/california_verification_v1.csv,19
CA020,Radio Indígena,California,Oxnard,https://mixteco.org/radio-indigena/,yes,yes,yes,Indigenous-language community radio hosted by nonprofit,host organization; current programming; journalism program,verified_include,https://mixteco.org/radio-indigena/,Strong hosted-media case serving Indigenous immigrant/farmworker communities.,core_verified,yes,data/verification/california_verification_v1.csv,21
CA005,Rafu Shimpo,California,Los Angeles,https://rafu.com/,yes,yes,yes,bilingual Japanese-English community newspaper,current publication; bilingual identity; advertising/sponsors visible,verified_include,https://rafu.com/about/,"Active current newsroom. About page is sparse, but site identifies publication clearly.",core_verified,yes,data/verification/california_verification_v1.csv,6
CA023,San Fernando Valley Sun / El Sol,California,San Fernando Valley,https://sanfernandosun.com/,yes,yes,yes,bilingual local community newspaper,ownership statement; ethics/corrections policy; active Spanish section,verified_include,https://sanfernandosun.com/about-us/,Eligible; strong bilingual community-news case.,core_verified,yes,data/verification/california_verification_v1.csv,24
CA029,The Armenian Observer,California,Los Angeles area,,pending,pending,likely_yes,Armenian community publication,directory evidence only in current pass,pending_verification,,Keep candidate; current activity and institutional structure need verification.,pending_verification,no,data/verification/california_verification_v1.csv,30
CA009,The Korea Times Los Angeles,California,Los Angeles,https://www.koreatimes.com/,yes_via_epaper,yes,yes,Korean-language daily newspaper,active Los Angeles e-paper; local/state/news sections,verified_include,https://epaper.koreatimes.com/,Current LA edition verified through e-paper service.,core_verified,yes,data/verification/california_verification_v1.csv,10
CA022,Vida en el Valle,California,Central Valley,https://www.vidaenelvalle.com/,pending_current_site_check,likely_yes,likely_yes,Latino community newspaper/digital outlet,candidate supported by Latino-media directories,pending_verification,,Retain candidate; current institutional verification still needed.,pending_verification,no,data/verification/california_verification_v1.csv,23
CA007,Viet Bao Daily News,California,Westminster / Garden Grove,https://vietbao.com/,unclear_site_fetch,yes,yes,Vietnamese-language daily newspaper,current public listings; CEO/editor named,verified_include_with_site_limit,https://ocvote.gov/vi/community/election-official-partnership/community-contact-list,Official county list identifies outlet; site blocks automated fetch.,core_verified,yes,data/verification/california_verification_v1.csv,8
CA011,World Journal California,California,Los Angeles / Bay Area,https://www.worldjournal.com/,yes,yes,yes,Chinese-language commercial news organization,California corporate entity; Chinese-language journalism; LA/SF offices,verified_include,https://www.worldjournal.net/%E6%B4%9B%E6%9D%89%E7%A3%AF%E4%B8%96%E7%95%8C%E6%97%A5%E5%A0%B1/,Strong fit; useful large commercial comparison.,core_verified,yes,data/verification/california_verification_v1.csv,12
CO006,Asian Avenue Magazine,Colorado,Denver / statewide,https://www.asianavemag.com/,yes,yes_mixed_magazine,yes,English-language AAPI monthly print/digital magazine,"founded 2006; 240,000 annual readership; statewide distribution; current 2026 issues; immigration/identity/community reporting",verified_include_mixed_format,https://www.asianavemag.com/about,Strong AAPI community-media case; magazine format includes journalism plus cultural/community features.,core_verified,yes,data/verification/colorado_verification_v1.csv,7
CO005,Colorado Chinese News,Colorado,Denver,https://kzhb.us/,yes,yes,yes,Chinese-language newspaper/digital outlet,Denver Public Library lists it as Colorado Chinese News; current June 2026 issues documented,verified_include_with_secondary_evidence,https://www.denverlibrary.org/colorado-newspaper-resources,Strong Chinese-language diaspora case; deeper pass should add ownership/staff.,core_verified,yes,data/verification/colorado_verification_v1.csv,6
CO009,ColoradoLatino.com,Colorado,Statewide,https://www.coloradolatino.com/,yes,mixed_information_portal,yes,Latino community information/news portal,"statewide Latino directory, events and news sections; original-reporting structure not clearly established",comparison_or_information_platform,https://www.coloradolatino.com/,"Useful community-information infrastructure, but not yet a clearly verified newsroom.",contextual_noncore,no,data/verification/colorado_verification_v1.csv,10
CO010,Denver Urban Spectrum,Colorado,Denver,https://denverurbanspectrum.com/,yes,yes,partly,Black/community-of-color publication,active Denver community journalism; not primarily immigrant-serving under current core definition,boundary_comparison,https://www.denverlibrary.org/colorado-newspaper-resources,Retain as comparison rather than core immigrant outlet.,contextual_noncore,no,data/verification/colorado_verification_v1.csv,11
CO003,El Comercio de Colorado,Colorado,Denver / Aurora / statewide,https://elcomerciodecolorado.com/,yes,yes,yes,Spanish-English newspaper/digital newsroom,"active Sept. 2026; edition 450 in 2026; local reporting, immigration desk, bilingual content and community mission",verified_include,https://elcomerciodecolorado.com/renovacion-y-compromiso/,Excellent current Latino/immigrant-serving outlet.,core_verified,yes,data/verification/colorado_verification_v1.csv,4
CO004,El Semanario / The Weekly Issue,Colorado,Denver / statewide,https://www.elsemanarioonline.com/,yes,yes,yes,Latino-focused weekly/digital publication,active Sept. 2026 Colorado reporting and long-running bilingual/Latino public-affairs role,verified_include,https://www.elsemanarioonline.com/,Strong Latino community/public-affairs case.,core_verified,yes,data/verification/colorado_verification_v1.csv,5
CO002,La Prensa de Colorado,Colorado,Denver metro / Northern Colorado / Colorado Springs,https://laprensadecolorado.com/,yes,yes,yes,Spanish-language weekly newspaper/digital outlet,founded 2010; weekly free paper; explicit Hispanic-community mission; current 2026 local and immigration coverage,verified_include,https://laprensadecolorado.com/quienes-somos-who-are-we/,Strong immigrant-serving Spanish-language case.,core_verified,yes,data/verification/colorado_verification_v1.csv,3
CO001,La Voz Colorado,Colorado,Denver / statewide,https://lavozcolorado.com/,yes,yes,yes,bilingual Latino newspaper/digital newsroom,founded 1974; continuous publication; Colorado Latino community focus; current 2026 content and local contact,verified_include,https://lavozcolorado.com/2024/01/17/lavozcolorado-has-a-permanent-home-at-the-denver-public-library/,Strong long-running Latino community newsroom.,core_verified,yes,data/verification/colorado_verification_v1.csv,2
CO007,Telemundo Colorado / KDEN,Colorado,Denver metro / statewide,https://www.telemundodenver.com/,yes,yes,yes,Spanish-language local television newsroom owned by NBCUniversal,dedicated local newsroom; multiple daily newscasts; statewide Spanish-speaking audience; current 2026 staffing and mission documented,verified_include,https://www.telemundodenver.com/noticias/local/quienes-somos-conoce-a-telemundo-colorado-sobre-nosotros/2430933/,Strong large-network comparison case.,core_verified,yes,data/verification/colorado_verification_v1.csv,8
CO008,Univision Colorado / Denver coverage,Colorado,Denver / statewide,https://www.univision.com/temas/denver-colorado,yes_content,yes_at_network_level,yes,Spanish-language network/local-market news presence,"current Denver/Colorado reporting exists, but a distinct current Colorado newsroom/market page is less clearly documented in this pass",pending_deeper_verification,https://www.univision.com/temas/denver-colorado,"Retain; verify local station ownership, staffing and newsroom structure before counting as distinct core outlet.",pending_verification,no,data/verification/colorado_verification_v1.csv,9
DE003,Delaware Hispano Magazine,Delaware,Newark / statewide,https://delhispano.com/,yes,mixed_magazine_news_resources,yes,monthly Hispanic community magazine,"active July 2026; mission to inform, educate and empower Hispanic families; strong emphasis on local Delaware news/events and resources",verified_include_mixed_format,https://delhispano.com/quienes-somos/,Eligible mixed-format community publication.,core_verified,yes,data/verification/delaware_verification_v1.csv,4
DE006,Delaware Spanish-language radio lead,Delaware,Wilmington / statewide,,unresolved,unresolved,likely_yes_if_found,unresolved Spanish-language broadcast lead,no distinct journalism-focused Spanish radio newsroom firmly verified in first pass,hold_unresolved,,Retain for deeper FCC/station-program search; do not infer absence.,hold_for_review,no,data/verification/delaware_verification_v1.csv,7
DE004,El Mundo (Wilmington),Delaware,Wilmington,,inactive_or_historical,historically_yes,yes,historic Spanish-language weekly newspaper,Library of Congress records weekly Spanish publication beginning in 1960; no current operation established,exclude_inactive_archive,https://www.loc.gov/item/sn95063090/,Historical ecosystem case.,other_review_status,no,data/verification/delaware_verification_v1.csv,5
DE002,El Tiempo Hispano,Delaware,Statewide,https://eltiempohispano.com/,yes,yes,yes,bilingual print/digital newspaper published by Hola Delaware LLC,active Apr. 2026; Spotlight Delaware identifies it as Delaware's bilingual biweekly print/online newspaper with statewide mission,verified_include,https://spotlightdelaware.org/2025/04/13/el-tiempo-hispano-becomes-first-spanish-language-publication-to-partner-with-spotlight-delaware/,Strong statewide Latino newsroom with collaboration infrastructure.,core_verified,yes,data/verification/delaware_verification_v1.csv,3
DE005,Hola Delaware LLC,Delaware,Newark / statewide,https://eltiempohispano.com/,yes,no_as_single_outlet,yes,parent/host organization for El Tiempo Hispano,publisher/host identity documented in newspaper masthead and business directories,classify_intermediary_host,https://eltiempohispano.com/,Do not count separately from DE002.,other_review_status,no,data/verification/delaware_verification_v1.csv,6
DE001,HOY en Delaware,Delaware,Statewide,https://hoyendelaware.com/,yes,yes,yes,Spanish-language/Hispanic print-digital publication,founded 1996; active Sept. 2026; covers all three Delaware counties; explicit mission around Latino immigrant communities and local information,verified_include,https://hoyendelaware.com/acerca-de-nosotros/,Excellent statewide Latino publication.,core_verified,yes,data/verification/delaware_verification_v1.csv,2
DC001,El Tiempo Latino,District of Columbia,Washington / DMV,https://eltiempolatino.com/,yes,yes,yes,Latino-owned Spanish-language print and digital newsroom,active 2026 local reporting; company describes outlet as DMV Spanish-language newsroom covering housing health politics culture and community needs,verified_include,https://tiempocompany.com/el-tiempo-latino/,Clear core outlet.,core_verified,yes,data/verification/district_of_columbia_verification_v1.csv,2
DC006,Ethiopian Yellow Pages,District of Columbia,Washington / DMV,https://ethiopianyellowpages.com/,yes,no_primary_newsroom,yes,Ethiopian diaspora community directory and information institution,official site describes more than three decades connecting Ethiopian community with businesses services and culturally relevant information,classify_information_infrastructure_not_outlet,https://ethiopianyellowpages.com/about-us/,Important ecosystem institution but exclude from core journalism count.,contextual_noncore,no,data/verification/district_of_columbia_verification_v1.csv,7
DC004,Ethiopique,District of Columbia,Washington / DMV,https://ethiopique.com/,yes,yes,yes,independent Amharic-language local newsroom,official site identifies newsroom founded in 2022 serving Amharic-speaking immigrants with local policy elections community affairs and public information across DC Maryland Virginia,verified_include,https://ethiopique.com/about-us/,Strong diaspora-language core outlet.,core_verified,yes,data/verification/district_of_columbia_verification_v1.csv,5
DC003,Metro Latino USA,District of Columbia,Washington / DMV,https://metrolatinousa.com/,yes,yes,yes,Spanish-language digital newsroom,active September 2026 DMV and immigration reporting; site states it was founded in Washington area in 2007 as an informational digital outlet,verified_include,https://metrolatinousa.com/,Clear core digital outlet.,core_verified,yes,data/verification/district_of_columbia_verification_v1.csv,4
DC005,Tiempo News,District of Columbia,Washington / national,https://tiempocompany.com/,yes,yes,yes_latino_audience,national Spanish-language political analysis brand headquartered in DC,company describes national political analysis from Washington for Spanish-speaking professionals across the United States,verified_include_national_scope,https://tiempocompany.com/about/,Retain as DC-based national Latino media operation; distinguish from local DMV outlet DC001.,core_verified,yes,data/verification/district_of_columbia_verification_v1.csv,6
DC002,Washington Hispanic,District of Columbia,Washington / DMV,https://washingtonhispanic.com/,yes,yes,yes,Spanish-language weekly newspaper and digital newsroom,active weekly 2026 print archive and current local reporting for Hispanic community across DC Maryland and Virginia,verified_include,https://washingtonhispanic.com/,Clear core outlet.,core_verified,yes,data/verification/district_of_columbia_verification_v1.csv,3
MS002,La Costa Latina - Mississippi Gulf Coast service,Florida/Alabama / Mississippi market,Biloxi / Gulf Coast,https://latinomediainc.com/,yes,yes,yes,regional Spanish-language newspaper serving Gulf Coast markets,regional outlet provides Spanish-language coverage to Mississippi Gulf Coast but is based outside Mississippi,multistate_market_case,https://latinomediainc.com/,Do not count as Mississippi-based newsroom; retain as market-serving outlet.,contextual_noncore,no,data/verification/mississippi_verification_v1.csv,3
GA001,285 South,Georgia,Metro Atlanta,https://285south.com/,yes,yes,yes,independent English-language immigrant/refugee news publication,active Sept. 2026; explicitly identifies itself as metro Atlanta publication centering immigrant and refugee communities,verified_include,https://285south.com/,Excellent immigrant-serving English-language newsroom.,core_verified,yes,data/verification/georgia_verification_v1.csv,2
GA007,Atlanta Burmese Voice,Georgia,Metro Atlanta / Southeast,https://gasiantimes.com/,yes_via_parent,yes_public_affairs,yes,Burmese diaspora podcast hosted by Georgia Asian Times,parent site identifies podcast for Burmese community in metro Atlanta and Southeast,verified_include_hosted_program,https://gasiantimes.com/faq/,Program-level case; link to GA002 host.,core_verified,yes,data/verification/georgia_verification_v1.csv,8
GA004,Atlanta Chosun Today,Georgia,Duluth / Metro Atlanta,https://atlantachosuntoday.com/,yes,yes,yes,Korean-language newspaper/digital newsroom,current operation; published six days per week; nearly 40 years serving Atlanta Korean-American community,verified_include,https://atlantachosuntoday.com/about/,Excellent Korean diaspora newsroom.,core_verified,yes,data/verification/georgia_verification_v1.csv,5
GA005,Atlanta K,Georgia,Metro Atlanta / Southeast,https://atlantak.com/,yes,yes_mixed_news_features,yes,Korean-American digital/community media outlet,2026 media kit describes local news and issues affecting Korean-Americans in Southeast,verified_include_with_media_kit_evidence,https://atlantak.com/wp-content/uploads/2026/02/Atlanta-K-Media-Kit-2026.pdf,Strong Korean community-media case; deeper pass should document ownership/team.,core_verified,yes,data/verification/georgia_verification_v1.csv,6
GA002,Georgia Asian Times,Georgia,Metro Atlanta / statewide,https://gasiantimes.com/,yes,yes_mixed_news_features,yes,Asian-Pacific digital news/community media outlet,current 2026 site; explicitly covers multiethnic Asian-Pacific communities in Georgia and provides community voice/platform,verified_include,https://gasiantimes.com/about-us/,Strong pan-Asian diaspora/community media case.,core_verified,yes,data/verification/georgia_verification_v1.csv,3
GA006,Georgia Korean Podcast,Georgia,Metro Atlanta / Southeast,https://gasiantimes.com/,yes_via_parent,yes_public_affairs,yes,Korean diaspora podcast hosted by Georgia Asian Times,parent site identifies dedicated podcast for Korean-American community,verified_include_hosted_program,https://gasiantimes.com/faq/,Program-level case; link to GA002 host.,core_verified,yes,data/verification/georgia_verification_v1.csv,7
GA003,Mundo Hispánico / MundoNow,Georgia,Atlanta / national,https://mundohispanico.com/,yes,yes,yes,Atlanta-founded bilingual Latino media outlet,founded as Georgia's first Spanish-language news outlet; long-running local-community role; now bilingual/national under MundoNow brand,verified_include_multiscale,https://mundohispanico.com/about-us,Include with note that current scale extends beyond Georgia.,core_verified,yes,data/verification/georgia_verification_v1.csv,4
GA008,Usapang Pinoy,Georgia,Metro Atlanta / Southeast,https://gasiantimes.com/,yes_via_parent,yes_public_affairs,yes,Filipino diaspora podcast hosted by Georgia Asian Times,parent site identifies podcast for Filipino diaspora community in metro Atlanta and Southeast,verified_include_hosted_program,https://gasiantimes.com/faq/,Program-level case; link to GA002 host.,core_verified,yes,data/verification/georgia_verification_v1.csv,9
HI001,Hawaii Filipino Chronicle,Hawaii,Waipahu / statewide,https://thefilipinochronicle.com/,yes,yes,yes,Filipino community newspaper,Current 2026 editions and articles; subscription page describes statewide Filipino readership and twice-monthly distribution,verified_include_core,https://thefilipinochronicle.com/,Strong core diaspora/community press case.,core_verified,yes,data/verification/hawaii_verification_v1.csv,2
HI005,Hawaii Hochi / Hawaii Herald,Hawaii,Honolulu,,no,formerly_yes,yes,historic Japanese/Japanese American newspaper,Hawaii Hochi and Hawaii Herald ceased publication in December 2023; successor is The San Times,exclude_inactive_archival,https://encyclopedia.densho.org/Hawaii_Herald_%28newspaper%29/,Retain only as predecessor/archival linkage; do not count as active outlet.,other_review_status,no,data/verification/hawaii_verification_v1.csv,6
HI003,KNDI Radio,Hawaii,Honolulu / statewide,https://www.kndi.com/,operationally_disrupted_2026,yes_when_on_air,yes,multicultural immigrant-language radio station,Station documents programming in 12 ethnic languages; February 2026 fundraiser states station went silent after losing tower site and is seeking return to air,pending_operational_verification,https://www.gofundme.com/f/help-our-radio-station-return-to-airwaves,Retain as important media institution but do not code fully active broadcast until return to air is verified.,pending_verification,no,data/verification/hawaii_verification_v1.csv,4
HI002,The Fil-Am Courier,Hawaii,Honolulu / statewide,https://filamcourier.com/,yes,yes,yes,Filipino community monthly print/digital publication,Official site identifies itself as Hawaii's leading Filipino publication founded 1987 and advertises monthly statewide circulation with relevant Filipino-American content,verified_include_core,https://filamcourier.com/,Strong core inclusion.,core_verified,yes,data/verification/hawaii_verification_v1.csv,3
HI004,The San Times,Hawaii,Statewide / Japanese American community,,yes_project,yes,yes,Japanese American online community journalism project,Zentoku Foundation identifies San Times as an active initiative created after Hawaii Herald closure to sustain Japanese American journalism and cover Oahu Maui Kauai and Big Island,verified_include_core,https://zentokufoundation.org/projects/,Successor project to Hawaii Herald.,core_verified,yes,data/verification/hawaii_verification_v1.csv,5
ID003,Idaho Office for Refugees newsletters and media,Idaho,Statewide,https://www.idahorefugees.org/,yes,no_independent_newsroom,yes,refugee resettlement organization and media host,Official site publishes newsletters blog resources and hosts Mosaics but organizational mission is resettlement and community support,classify_information_infrastructure_not_outlet,https://www.idahorefugees.org/,Link as host organization to ID002; avoid double counting.,contextual_noncore,no,data/verification/idaho_verification_v1.csv,4
ID001,IdahoLatino.com,Idaho,Statewide,https://www.idaholatino.com/,yes,mixed_unclear,yes,Spanish-language Latino information portal,Current site provides statewide Latino information and a Noticias en Idaho section but first pass does not establish a sufficiently clear original-reporting cadence,hold_borderline_information_portal,https://www.idaholatino.com/noticias/index.php,Retain for deeper editorial-content review; do not yet count as core newsroom.,hold_for_review,no,data/verification/idaho_verification_v1.csv,2
ID002,Mosaics,Idaho,Boise / statewide,https://mosaics.castos.com/,yes,yes,yes,hosted refugee/immigrant public-affairs podcast,Active through July 2026 with recurring episodes centered on refugee and immigrant lived experience; presented by Idaho Office for Refugees and produced with SB Studios,verified_include_hosted_program,https://mosaics.castos.com/,Strong hosted media product but parent is a service organization rather than newsroom.,core_verified,yes,data/verification/idaho_verification_v1.csv,3
IL020,Arab American News Chicago-area candidate,Illinois,Chicago area,,unresolved,unresolved,yes,Arab-American media candidate,no distinct current Illinois newsroom established; avoid conflating with Michigan-based Arab American News,hold_unresolved,,Retain only as unresolved discovery lead.,hold_for_review,no,data/verification/illinois_verification_v1.csv,21
IL001,Borderless Magazine,Illinois,Chicago,https://borderlessmag.org/,yes,yes,yes,independent nonprofit immigration newsroom,501(c)(3); English/Spanish; immigrant-centered mission; staff/programs/funding visible,verified_include,https://borderlessmag.org/about/,Excellent core immigrant-journalism case.,core_verified,yes,data/verification/illinois_verification_v1.csv,2
IL008,Chicago Chinese News / Chicago Chinese Times,Illinois,Chicago / Naperville,https://chicagochinesetimes.com/,yes,yes,yes,Chinese-language weekly/digital newspaper,current 2026 publication; Chinese community reporting; app/digital editions; Chicago-area operation,verified_include,https://chicagochinesetimes.com/,Strong Chinese-language diaspora case.,core_verified,yes,data/verification/illinois_verification_v1.csv,9
IL015,Chicago Shimpo,Illinois,Chicago,https://www.chicagoshimpo.com/,yes,yes,yes,nonprofit Japanese-English digital newspaper,founded 1945; transitioned online 2022; 501(c)(3); explicit Nikkei/U.S.-Japan community mission,verified_include,https://www.chicagoshimpo.com/about,Strong Japanese diaspora/community case.,core_verified,yes,data/verification/illinois_verification_v1.csv,16
IL005,Chinatown Spotlight,Illinois,Chicago,,unresolved,unresolved,yes,Chinese community outlet candidate,no sufficiently specific current outlet identity confirmed,hold_unresolved,,Retain candidate only.,hold_for_review,no,data/verification/illinois_verification_v1.csv,6
IL002,Cicero Independiente,Illinois,Cicero / Berwyn,https://www.ciceroindependiente.com/,yes,yes,yes,independent nonprofit bilingual newsroom,founded 2019; bilingual print/digital; immigrant-heavy communities; board/funding/editorial policies visible,verified_include,https://www.ciceroindependiente.com/about-us-sobre-nosotres,Excellent local immigrant-serving newsroom.,core_verified,yes,data/verification/illinois_verification_v1.csv,3
IL014,Draugas,Illinois,Chicago,https://www.draugas.org/,yes,yes,yes,Lithuanian-language newspaper with English-language sister publication,continuous Lithuanian publication since 1909; current Chicago editorial office; active 2026 institutional support,verified_include,https://www.draugas.org/,Strong diaspora newspaper case.,core_verified,yes,data/verification/illinois_verification_v1.csv,15
IL009,Dziennik Związkowy,Illinois,Chicago,https://www.dziennikzwiazkowy.com/,yes,yes,yes,Polish-language newspaper/digital outlet,continuous publication since 1908; current 2026 Chicago/Illinois coverage; editorial contact and print/digital presence,verified_include,https://www.dziennikzwiazkowy.com/,Strong Polish diaspora newsroom.,core_verified,yes,data/verification/illinois_verification_v1.csv,10
IL006,El Día Newspaper,Illinois,Chicago area,https://www.eldianews.net/,unclear_current_operation,unclear,yes,Spanish-language publication,site identity exists but current Chicago operation not sufficiently verified,pending_verification,https://www.eldianews.net/,Retain pending direct evidence.,pending_verification,no,data/verification/illinois_verification_v1.csv,7
IL010,India Bulletin,Illinois,Chicago,,unclear_current_operation,historically_yes,yes,Indian-American community publication,publication identity known but current 2026 activity not confirmed,pending_verification,,Retain candidate.,pending_verification,no,data/verification/illinois_verification_v1.csv,11
IL011,India Tribune,Illinois,Chicago,https://www.indiatribune.com/,yes,yes,yes,Indian-American biweekly newspaper/digital outlet,founded 1977 in Chicago; current 2026 publication; publisher/team/contact disclosed; national Indian-American readership,verified_include,https://www.indiatribune.com/about-us,Strong Indian diaspora news case.,core_verified,yes,data/verification/illinois_verification_v1.csv,12
IL013,Korea Times Chicago,Illinois,Wheeling / Chicago metro,https://chicagokoreatimes.com/,yes,yes,yes,Korean-American print and digital newsroom,operating since 1971; current Chicago office; print/e-paper; Korean-American community mission,verified_include,https://chicagokoreatimes.com/contact/,Strong Korean diaspora case.,core_verified,yes,data/verification/illinois_verification_v1.csv,14
IL003,La Raza,Illinois,Chicago,https://laraza.com/,yes,yes,yes,Spanish-language commercial news publication,founded 1970; Chicago Latino mission; current ownership and affiliations disclosed,verified_include,https://laraza.com/about-us/,Strong long-running Latino community newsroom.,core_verified,yes,data/verification/illinois_verification_v1.csv,4
IL004,La Voz Chicago,Illinois,Chicago,https://lavozchicago.com/,unclear_current_operation,unclear,yes,Spanish-language local/community outlet,candidate identity clear but current 2026 newsroom activity not firmly established,pending_verification,https://lavozchicago.com/,Retain pending current cadence and ownership verification.,pending_verification,no,data/verification/illinois_verification_v1.csv,5
IL018,LATINEXT,Illinois,Chicago metro,https://latinext.media/en/,yes,yes,yes,bilingual news collaborative of The Chicago Reporter and Univision Chicago,active site; public-service journalism for Chicagoland Latinx communities; English/Spanish original reporting,verified_include_hosted_collaboration,https://latinext.media/en/,Include as hosted collaborative; code parent organizations separately.,core_verified,yes,data/verification/illinois_verification_v1.csv,19
IL007,Lawndale News,Illinois,Chicago,,unclear_current_operation,unclear,yes,Latino/community newspaper candidate,known Chicago community title; no strong current institutional evidence in this pass,pending_verification,,Retain candidate.,pending_verification,no,data/verification/illinois_verification_v1.csv,8
IL019,Nuevo Siglo,Illinois,Chicago,,unclear_current_operation,unclear,yes,Spanish-language community newspaper candidate,candidate appears in Chicago ethnic-media directories; current operation not verified,pending_verification,,Retain candidate.,pending_verification,no,data/verification/illinois_verification_v1.csv,20
IL016,Polish News,Illinois,Chicago,,unresolved,unresolved,likely_yes,Polish-language outlet candidate,could overlap with other Polish publications; distinct current operation not established,hold_identity_resolution,,Do not double-count without distinct evidence.,hold_for_review,no,data/verification/illinois_verification_v1.csv,17
IL017,Romanian Tribune,Illinois,Chicago,https://www.archive.romaniantribune.com/,archive_only_or_unclear,historically_yes,yes,Romanian-language community newspaper,archive confirms independent Chicago Romanian publication; current publication status unclear,pending_verification,https://www.archive.romaniantribune.com/,Retain historical/current-unclear candidate.,pending_verification,no,data/verification/illinois_verification_v1.csv,18
IL012,Sanghamam,Illinois,Chicago,,unresolved,unresolved,likely_yes,South Asian community media candidate,exact current outlet identity/site not established,hold_unresolved,,Retain candidate only.,hold_for_review,no,data/verification/illinois_verification_v1.csv,13
IN005,Desi.Net Indianapolis,Indiana,Indianapolis,https://desi.net/indianapolis/,yes,yes_digital_summary,yes,local South Asian digital news vertical within Desi.Net network,active Sept. 2026 original local summaries focused on Sikh Punjabi and South Asian community developments,verified_include_network_local_vertical,https://desi.net/indianapolis/news/indianapolis-indianapolis-new-gurdwara-opens-as-ice-fears-grow-in-sikh-community-2026-09-10,Useful emerging network-local model; deeper pass should document ownership/editorial workflow.,core_verified,yes,data/verification/indiana_verification_v1.csv,6
IN002,El Puente,Indiana,South Bend / Michiana,https://www.webelpuente.com/,yes,yes,yes,bilingual Hispanic newspaper/digital outlet,operating since 1992; describes itself as Indiana's first Hispanic newspaper; active Sept. 2026 local/community reporting,verified_include,https://www.webelpuente.com/,Strong Michiana immigrant-serving case.,core_verified,yes,data/verification/indiana_verification_v1.csv,3
IN006,Indiana Latino Institute media/information products,Indiana,Statewide,https://indianalatinoinstitute.org/,yes,no_independent_journalism,yes,Latino service/advocacy organization information channel,produces community information but not a sustained independent newsroom,classify_information_infrastructure_not_outlet,https://indianalatinoinstitute.org/,Keep as intermediary/context not core outlet.,contextual_noncore,no,data/verification/indiana_verification_v1.csv,7
IN001,La Voz de Indiana,Indiana,Indianapolis / statewide,https://www.lavozdeindiana.com/,yes,yes,yes,bilingual Latino newspaper/digital outlet,founded 1999 by immigrant/Latino publishers; active Aug. 2026 edition; statewide distribution; explicit Latino integration/information mission,verified_include,https://www.lavozdeindiana.com/untitled,Excellent long-running statewide Latino case.,core_verified,yes,data/verification/indiana_verification_v1.csv,2
IN004,Macedonian Tribune,Indiana,Fort Wayne,https://macedonian.org/tribune-online/,likely_yes,yes,yes,diaspora newspaper published by Macedonian Patriotic Organization,founded 1927 by Macedono-Bulgarian immigrants and continues as MPO publication,verified_include_with_secondary_evidence,https://macedonian.org/tribune-online/,Important long-duration diaspora press case; verify 2026 publication cadence directly in deeper pass.,core_verified,yes,data/verification/indiana_verification_v1.csv,5
IN003,Telemundo Indy,Indiana,Indianapolis / statewide,https://telemundoindy.com/,yes,yes,yes,Spanish-language local television/digital newsroom,active Aug-Sept. 2026 local newscasts and immigration reporting,verified_include,https://telemundoindy.com/,Strong network/local newsroom case.,core_verified,yes,data/verification/indiana_verification_v1.csv,4
KY001,Al Día en América,Kentucky,Louisville / Kentuckiana,https://www.aldiaenamerica.com/,yes,yes,yes,Spanish-language local newspaper/digital outlet,founded 2004; active Aug. 2026; explicit mission as voice and information space for Louisville/Kentuckiana Hispanic community,verified_include,https://www.aldiaenamerica.com/2026/08/30/22-anos-de-al-dia-en-america/,Excellent long-running Spanish-language community newsroom.,core_verified,yes,data/verification/kentucky_verification_v1.csv,2
KY002,El Kentubano,Kentucky,Louisville / Lexington,https://www.elkentubano.com/,yes,yes_mixed_magazine_news,yes,Cuban/Hispanic community publication with print/digital/radio elements,active Sept. 2026 edition; nearly 17 years and 200+ editions; explicit mission to serve Louisville and Lexington Hispanic community,verified_include_mixed_format,https://www.elkentubano.com/edicion-digital/,Strong Cuban diaspora/Hispanic community-media case.,core_verified,yes,data/verification/kentucky_verification_v1.csv,3
KY004,Kentucky New Americans Media,Kentucky,Louisville,,unresolved,unresolved,likely_yes,community-media discovery lead,Louisville immigrant-affairs materials reference KY New Americans Media but current newsroom identity/site not firmly established,hold_unresolved,https://louisvilleky.gov/government/office-immigrant-affairs/media,Retain for deeper identity verification.,hold_for_review,no,data/verification/kentucky_verification_v1.csv,5
KY003,La Voz de Kentucky,Kentucky,Lexington / Central Kentucky,,inactive_archive,historically_yes,yes,historic bilingual Spanish-English newspaper,published biweekly from 2001 to 2019; UK Libraries preserves 185 digitized issues,exclude_inactive_archive,https://libraries.uky.edu/news/keeping-la-voz-alive-uk-libraries-preserves-unique-bilingual-paper-documenting-growth,Important historical ecosystem case.,other_review_status,no,data/verification/kentucky_verification_v1.csv,4
KY005,Louisville Public Media immigrant-language/community products,Kentucky,Louisville,https://www.lpm.org/,yes,yes,no_primary_mission,mainstream public-media newsroom,substantial immigrant/refugee and language-access reporting but not immigrant-serving as primary institutional mission,exclude_current_definition,https://louisvilleky.gov/government/office-immigrant-affairs/media,Use as contextual source not core outlet.,other_review_status,no,data/verification/kentucky_verification_v1.csv,6
LA008,Crocodile Broadcasting / Mayavision,Louisiana,Metairie / Southeast Louisiana,,yes_host,yes_through_properties,yes,Spanish-language broadcast parent/host organization,operates Telemundo New Orleans Telemundo Baton Rouge Tropical 105.7 and Latino Mix 97.5; documented as major Spanish-language broadcast owner serving southeast Louisiana,classify_host_infrastructure_not_outlet,https://www.nba.com/pelicans/news/new-orleans-pelicans-spanish-radio-partnership-crocodile-broadcasting-corporation-tropical-1057,Use as parent/host record and do not double-count separately as an outlet.,contextual_noncore,no,data/verification/louisiana_verification_v1.csv,9
LA001,Jambalaya News,Louisiana,Metairie / Greater New Orleans,https://www.jambalayanews.com/,yes,yes,yes,immigrant-founded Spanish-language multimedia news organization,"founded 2004 by Honduran immigrant journalist Brenda Murphy; 17,000 monthly print copies reported in 2026; local-focus newsroom plus radio/livestream/digital; staff spans U.S. and Central America",verified_include_core,https://www.fox8live.com/2026/07/08/historian-uncovers-new-orleans-longtime-spanish-newspaper-history/,Strong core Phase 1A case; sustained current journalism and explicit immigrant-community orientation.,core_verified,yes,data/verification/louisiana_verification_v1.csv,2
LA005,New Orleans Mới,Louisiana,New Orleans / Vietnamese diaspora,https://www.vietneworleans.com/,yes,yes,yes,Vietnamese-language nonprofit digital community news site,site states it covers New Orleans U.S. Vietnam world affairs economy culture and Vietnamese community activity and operates as a nonprofit community service,verified_include_core,https://www.vietneworleans.com/,Strong Vietnamese-language diaspora case; organizational details beyond self-description remain thin.,core_verified,yes,data/verification/louisiana_verification_v1.csv,6
LA006,Qué Pasa Newspaper,Louisiana,New Orleans / Lake Charles,https://quepasaneworleans.com/,yes_2026_issues,mixed,yes,Spanish-language print/digital community publication,2026 issues publicly available; publication describes focus as art culture and entertainment in New Orleans and Lake Charles,borderline_retain_not_core,https://hispanicflavorproductions.com/que-pasa-newspaper,Retain in frame but do not count as core journalism until sustained news/public-affairs production is established.,other_review_status,no,data/verification/louisiana_verification_v1.csv,7
LA007,Saigon Nhỏ - New Orleans edition,Louisiana,New Orleans / Vietnamese community,https://saigonnhonola.com/,partly_current,unclear_current_cadence,yes,Vietnamese-language local edition/site linked to Vietnamese-American publication,site contains New Orleans Vietnamese community material and was updated at least into 2026 for classifieds; first-pass search did not establish current sustained original-news cadence,pending_verification,https://saigonnhonola.com/,Possible multistate/local-edition case; retain for deeper review before core inclusion.,pending_verification,no,data/verification/louisiana_verification_v1.csv,8
LA002,Telemundo 42 New Orleans,Louisiana,Metairie / Southeast Louisiana,https://telemundoneworleans.com/,yes,yes,yes,Spanish-language local television newsroom,mission states trusted voice of Hispanic community across Southeast Louisiana; produces local/international news weather cultural programming and immigration/public-policy coverage,verified_include_core,https://telemundoneworleans.com/nosotros/,Large network-affiliated local newsroom; preserve as institutional contrast.,core_verified,yes,data/verification/louisiana_verification_v1.csv,3
LA003,Tropical 105.7 FM / KGLA,Louisiana,New Orleans / Southeast Louisiana,https://tropical1057.us/,yes,yes,yes,Spanish-language commercial radio station,weekday schedule includes local New Orleans news national news sports and talk/public-affairs programs; station serves Hispanic communities of southeast Louisiana,verified_include_core,https://tropical1057.us/,Radio case with sustained scheduled journalism; ownership linked to Crocodile Broadcasting.,core_verified,yes,data/verification/louisiana_verification_v1.csv,4
LA004,VIVA NOLA Magazine,Louisiana,Metairie / Greater New Orleans,https://vivanolamag.com/,yes,yes_mixed,yes,bilingual Latino/Hispanic print and digital publication,self-described print/digital bilingual publication; Latino/Hispanic perspective; active 2026 news/community coverage; independently documented as bi-monthly print outlet,verified_include_core,https://vivanolamag.com/about-me/,Journalism is mixed with lifestyle/culture and promotional content but sustained community reporting is visible.,core_verified,yes,data/verification/louisiana_verification_v1.csv,5
ME001,Amjambo Africa,Maine,Portland / Lewiston / statewide,https://www.amjamboafrica.com/,yes,yes,yes,nonprofit multilingual immigrant-serving newsroom; program of Ladder to the Moon Network,active Sept. 2026; explicit mission to serve Maine immigrants and host communities; editorial independence policy; multilingual content including Swahili,verified_include,https://www.amjamboafrica.com/about-us/,Excellent core case with unusually rich institutional transparency.,core_verified,yes,data/verification/maine_verification_v1.csv,2
ME002,Maine Public News Connect,Maine,Statewide,https://www.mainepublic.org/about-maine-public-news-connect,yes,yes_translated_news,yes_language_service,multilingual news initiative within Maine Public,weekly translated stories/newsletters designed with immigrant-rights and Congolese/Angolan community partners,verified_include_hosted_language_product,https://www.mainepublic.org/about-maine-public-news-connect,Strong hosted language-access journalism model.,core_verified,yes,data/verification/maine_verification_v1.csv,3
ME004,Maine Public News Connect - French,Maine,Statewide,https://contact.mainepublic.org/page/66230/subscribe/1?locale=en-US,yes,yes_translated_news,yes,French-language product within Maine Public News Connect,current subscription page offers weekly French news bulletins,verified_include_hosted_program,https://contact.mainepublic.org/page/66230/subscribe/1?locale=en-US,Product-level case; link to ME002.,core_verified,yes,data/verification/maine_verification_v1.csv,5
ME005,Maine Public News Connect - Portuguese,Maine,Statewide,https://contact.mainepublic.org/page/66230/subscribe/1?locale=en-US,yes,yes_translated_news,yes,Portuguese-language product within Maine Public News Connect,current subscription page offers weekly Portuguese news,verified_include_hosted_program,https://contact.mainepublic.org/page/66230/subscribe/1?locale=en-US,Product-level case; link to ME002.,core_verified,yes,data/verification/maine_verification_v1.csv,6
ME003,Maine Public News Connect - Somali,Maine,Statewide,https://contact.mainepublic.org/page/66230/subscribe/1?locale=en-US,yes,yes_translated_news,yes,Somali-language product within Maine Public News Connect,current subscription page offers weekly Somali newscasts/newsletters,verified_include_hosted_program,https://contact.mainepublic.org/page/66230/subscribe/1?locale=en-US,Product-level case; link to ME002.,core_verified,yes,data/verification/maine_verification_v1.csv,4
ME006,Maine Public News Connect - Spanish,Maine,Statewide,https://contact.mainepublic.org/page/66230/subscribe/1?locale=en-US,yes,yes_translated_news,yes,Spanish-language product within Maine Public News Connect,current subscription page offers weekly Spanish news,verified_include_hosted_program,https://contact.mainepublic.org/page/66230/subscribe/1?locale=en-US,Product-level case; link to ME002.,core_verified,yes,data/verification/maine_verification_v1.csv,7
ME007,Twin Cities Media,Maine,Lewiston/Auburn,,unclear_or_problematic,unclear,claims_yes,claimed multilingual local-news outlet,"recent reporting raised substantial questions about fabricated staff, AI-generated content and false multilingual claims",exclude_unverified_authenticity,https://www.themainewire.com/2026/09/twin-cities-media-inside-the-ai-slop-news-website-with-ties-to-disgraced-former-lewiston-councilor-iman-osman/,Do not include in active sampling frame without independent verification of real newsroom operation.,other_review_status,no,data/verification/maine_verification_v1.csv,8
MA006,Boston Orange,Massachusetts,Greater Boston,https://www.bostonorange.com/,yes,yes_mixed_blog_news,yes,Chinese-language community reporting publication/blog,active Sept. 2026 original reporting from Massachusetts Chinese-American community events and institutions,verified_include_mixed_format,https://www.bostonorange.com/2026/09/gbcca70.html?m=0,Useful community-reporting case; deeper pass should document ownership and publication cadence.,core_verified,yes,data/verification/massachusetts_verification_v1.csv,7
MA003,Brazilian Times,Massachusetts,Somerville / New England,https://www.braziliantimes.com/,yes,yes,yes,Brazilian Portuguese print/digital/radio media organization,founded 1988; Somerville headquarters; twice-weekly New England print plus digital/radio; explicit Brazilian diaspora mission,verified_include,https://www.braziliantimes.com/quem-somos,Excellent Brazilian diaspora newsroom.,core_verified,yes,data/verification/massachusetts_verification_v1.csv,4
MA002,El Mundo Boston,Massachusetts,Boston / statewide,https://elmundoboston.com/,yes,yes,yes,long-running Spanish-language print/digital newspaper,active Sept. 2026 weekly print editions and local/community reporting; operating since 1972,verified_include,https://elmundoboston.com/digital-edition/,Excellent longstanding Latino press case.,core_verified,yes,data/verification/massachusetts_verification_v1.csv,3
MA001,El Planeta,Massachusetts,Greater Boston / statewide,https://elplaneta.com/,yes,yes,yes,Latino/family-owned Spanish-language local newsroom within Tiempo Company,20+ years; local focus on immigration education business and Latino empowerment; current digital/print reach statewide,verified_include,https://elplaneta.com/about-us-en/,Excellent core Latino newsroom.,core_verified,yes,data/verification/massachusetts_verification_v1.csv,2
MA005,Khmer Post USA,Massachusetts,Lowell / Cambodian diaspora,https://khmerpostusa.com/,yes,yes,yes,Cambodian-American digital news/community outlet,active Sept. 2026 reporting on Lowell Cambodian community; UMass Lowell identifies Khmer Post USA as archive/community partner,verified_include,https://khmerpostusa.com/lowell-has-the-second-largest-cambodian-community-in-the-united-states-and-almost-nobody-who-built-it-chose-lowell-on-purpose/,Strong refugee/diaspora community case.,core_verified,yes,data/verification/massachusetts_verification_v1.csv,6
MA008,Massachusetts multicultural radio/TV outlets,Massachusetts,Greater Boston / statewide,,various,mixed,yes,state-listed multicultural media cluster,Massachusetts Governor's Office maintains current multicultural-media list including Haitian Creole Spanish Vietnamese Chinese Korean Brazilian Portuguese and other outlets,classify_discovery_cluster_not_single_outlet,https://www.mass.gov/doc/multicultural-media-list/download,Use this as discovery source; verify individual outlets before counting.,other_review_status,no,data/verification/massachusetts_verification_v1.csv,9
MA004,Sampan,Massachusetts,Greater Boston,https://www.sampan.org/,yes,yes,yes,nonprofit bilingual Chinese-English biweekly newspaper published by Asian American Civic Association,only bilingual Chinese-English newspaper in New England; covers immigration civil rights housing education and Asian-American community issues,verified_include_hosted_program,https://www.sampan.org/about-4,Strong nonprofit/community-hosted immigrant journalism case.,core_verified,yes,data/verification/massachusetts_verification_v1.csv,5
MA007,The Boston Korea,Massachusetts,Allston / Greater Boston,,yes_via_state_registry,yes_likely,yes,Korean-language news organization,listed as registered news organization by Massachusetts Supreme Judicial Court with Allston location,verified_include_with_directory_evidence,https://www.mass.gov/info-details/registered-news-media-under-sjc-rule-119,Strong lead; direct current website and newsroom structure should be added later.,core_verified,yes,data/verification/massachusetts_verification_v1.csv,8
MI006,Bangla Shangbad,Michigan,Metro Detroit,,current_network_listing,yes,yes,Bangladeshi community newspaper,"New Michigan Media identifies publisher Iqbal Hussein, circulation 7,000 and readership over 20,000; listed as current 2026 partner",verified_include_with_directory_evidence,https://newmichiganmedia.com/about/,Include provisionally; locate direct current site and staff/contact details in deeper pass.,core_verified,yes,data/verification/michigan_verification_v1.csv,7
MI007,Chaldean News,Michigan,Metro Detroit,https://www.chaldeannews.com/,yes,yes,yes,English-language monthly/digital Chaldean community news publication owned by Chaldean Community Foundation,current Sept. 2026 issue; publication of record since 2004; community foundation ownership; staff reporting; Michigan/Iraq diaspora coverage,verified_include,https://www.chaldeannews.com/support,Excellent Iraqi-Chaldean diaspora case; host organization is publicly visible.,core_verified,yes,data/verification/michigan_verification_v1.csv,8
MI003,EL CENTRAL Hispanic News,Michigan,Detroit / Southeast Michigan,https://elcentralmedia.com/,yes,yes,yes,bilingual English-Spanish weekly/digital newsroom,current 2026 local reporting; newsroom team; stated mission to inform Metro Detroit Hispanic/Latino communities; weekly audio briefing,verified_include,https://elcentralmedia.com/about/,Strong core Latino community newsroom with substantial institutional transparency.,core_verified,yes,data/verification/michigan_verification_v1.csv,4
MI004,Latino Press / Latino Detroit,Michigan,Detroit / Southeast Michigan,https://latinodetroit.com/,yes,yes,yes,Spanish-language weekly newspaper/digital publisher,30 years of operation; weekly newspaper/news bulletin; Detroit base; explicit Hispanic-community information mission,verified_include,https://latinodetroit.com/about-latino-detroit/,Strong commercial/community Latino media case.,core_verified,yes,data/verification/michigan_verification_v1.csv,5
MI009,MI Asian,Michigan,Metro Detroit,https://michigankoreans.com/,yes_via_shared_platform,unclear_distinct_newsroom,yes,Asian/Korean publication associated with Michigan Korean Weekly,New Michigan Media names same publisher for Michigan Korean Weekly and MI Asian; distinct editorial structure not established,classify_related_product_pending,https://newmichiganmedia.com/michigan-korean-weekly/,Do not double-count until a distinct sustained publication/newsroom is confirmed.,pending_verification,no,data/verification/michigan_verification_v1.csv,10
MI012,Michigan Chronicle,Michigan,Detroit,https://michiganchronicle.com/,yes,yes,unclear_as_immigrant_serving,historic Black community newspaper,active 2026 Detroit journalism; New Michigan Media partner,comparison_or_exclude_core,https://newmichiganmedia.com/,Keep outside core immigrant frame unless sustained immigrant/diaspora service is demonstrated.,contextual_noncore,no,data/verification/michigan_verification_v1.csv,13
MI005,Michigan Korean Weekly,Michigan,Troy / Metro Detroit,https://michigankoreans.com/,yes,yes,yes,Korean-language weekly/digital newsroom,current Sept. 2026 Michigan,immigration and U.S. reporting; publisher/editor named; local address and contact; Korean-community mission,verified_include,https://michigankoreans.com/about,other_review_status,no,data/verification/michigan_verification_v1.csv,6
MI010,New Michigan Media,Michigan,Detroit / statewide,https://newmichiganmedia.com/,yes,no_as_single_outlet,yes,nonprofit ethnic/minority media network and intermediary,current 2026 network; 140+ ethnic/minority media connections; board of major publishers; journalism initiatives,grants,training and outreach,classify_intermediary_host,other_review_status,no,data/verification/michigan_verification_v1.csv,11
MI014,Polish Media Center,Michigan,Orchard Lake / Metro Detroit,https://polishweekly.com/,yes,no_as_separate_outlet,yes,host portal within Polish Institute of Culture & Research,The Polish Weekly is described as central pillar of the Polish Media Center; shared editorial infrastructure,classify_intermediary_host,https://polishweekly.com/about-us/,Do not double-count separately from The Polish Weekly; use as host organization/infrastructure.,other_review_status,no,data/verification/michigan_verification_v1.csv,15
MI013,Sada Al-Watan,Michigan,Dearborn / Metro Detroit,https://sadaalwatan.com/,yes,yes,yes,Arabic-language edition/brand of The Arab American News,"same Dearborn address, contact and weekly distribution structure as The Arab American News",classify_duplicate_language_edition,https://sadaalwatan.com/التوزيع/,Do not count separately from MI001; preserve as Arabic-language product/edition.,other_review_status,no,data/verification/michigan_verification_v1.csv,14
MI001,The Arab American News,Michigan,Dearborn / Metro Detroit,https://arabamericannews.com/,yes,yes,yes,bilingual Arabic-English weekly newspaper,founded 1984; weekly; Dearborn headquarters; English/Arabic; current 2026 reporting; explicit Arab American audience,verified_include,https://arabamericannews.com/,Strong core diaspora/immigrant-serving outlet and one of Michigan's major ethnic news institutions.,core_verified,yes,data/verification/michigan_verification_v1.csv,2
MI011,The Detroit Jewish News,Michigan,Metro Detroit,https://thejewishnews.com/,yes,yes,partly,Jewish community newspaper/digital outlet,current community journalism and New Michigan Media membership,boundary_comparison,https://newmichiganmedia.com/about/,Diaspora/community comparison case,contextual_noncore,no,data/verification/michigan_verification_v1.csv,12
MI008,The Polish Weekly / Tygodnik Polski,Michigan,Orchard Lake / Metro Detroit,https://polishweekly.com/,yes,yes,yes,bilingual Polish-English digital publication within Polish Media Center,current 2026 publication; continuous tradition from Detroit Polish press; editor/staff identified; Polish Institute host,verified_include_hosted_program,https://polishweekly.com/about-us/,Strong Polish diaspora case; code Polish Media Center/Polish Institute as host infrastructure.,core_verified,yes,data/verification/michigan_verification_v1.csv,9
MI002,The Yemeni American,Michigan,Dearborn / Metro Detroit,https://yemeniamerican.com/en/,yes,yes,yes,Yemeni American bilingual newspaper/digital outlet,current 2026 local/community reporting; Dearborn/Hamtramck coverage; Yemeni American focus; English/Arabic publication history,verified_include,https://yemeniamerican.com/en/,Excellent core case with highly specific immigrant/diaspora public.,core_verified,yes,data/verification/michigan_verification_v1.csv,3
MN021,3HMONGTV / Hmong Broadcasting Company,Minnesota,Twin Cities,https://hbctv.net/,yes,yes,yes,community television/digital media network,history; mission; community journalism; active news output,verified_include,,Active Hmong media network with current news and community journalism.,core_verified,yes,data/verification/minnesota_verification_batch1.csv,10
MN019,Hmong Radio Broadcast,Minnesota,Twin Cities,https://www.hmongradiobroadcast.com/,yes,yes,yes,commercial radio station,woman-owned; commercial; news/community education mission,verified_include,,Explicit Hmong community news and education mission; serves Twin Cities and western Wisconsin.,core_verified,yes,data/verification/minnesota_verification_batch1.csv,9
MN003,Hmong Times,Minnesota,St. Paul,https://hmongtimes.com/,yes,yes,yes,community newspaper,active site; Hmong community news,verified_include,,Active Hmong American newspaper; institutional structure needs deeper coding.,core_verified,yes,data/verification/minnesota_verification_batch1.csv,4
MN006,KALY Somali American Radio,Minnesota,Minneapolis,https://kalyradio.org/,yes,yes,yes,community radio program hosted by Somali American Community,mission; host organization; underwriting sponsors,verified_include,,Somali-language radio explicitly serving Somali and East African immigrants.,core_verified,yes,data/verification/minnesota_verification_batch1.csv,6
MN004,Korean Quarterly,Minnesota,St. Paul,https://www.koreanquarterly.org/,yes,yes,yes,501(c)(3) nonprofit publication,staff; nonprofit status; donations; advertising; subscriptions,verified_include,,Strong institutional visibility on staff page.,core_verified,yes,data/verification/minnesota_verification_batch1.csv,5
MN008,Mshale,Minnesota,Minneapolis,https://mshale.com/,yes,yes,yes,independent/community newspaper,publisher identity; current site; African immigrant orientation,verified_include,,Current site active; secondary reporting identifies it as Minnesota's longest-running newspaper serving African immigrants.,core_verified,yes,data/verification/minnesota_verification_batch1.csv,7
MN001,Sahan Journal,Minnesota,St. Paul,https://sahanjournal.com/,yes,yes,yes,nonprofit newsroom,staff page; board; nonprofit status; funding/support visible,verified_include,,Verified current website; explicit mission serving Minnesota immigrants and communities of color.,core_verified,yes,data/verification/minnesota_verification_batch1.csv,2
MN002,Somali Media of Minnesota,Minnesota,Minneapolis,https://somalimediamn.com/,yes,yes,yes,nonprofit digital newsroom,mission; immigrant-serving orientation; multilingual/home-language focus,verified_include,,Founded in 2023; explicit nonprofit digital newsroom for Horn of Africa immigrants.,core_verified,yes,data/verification/minnesota_verification_batch1.csv,3
MN009,The Somali American,Minnesota,Minneapolis,https://thesomaliamerican.com/,yes,yes,yes,print/digital community publication,media kit; circulation; Somali community orientation,verified_include,,Current website active; media kit documents print/online publication serving Somali community.,core_verified,yes,data/verification/minnesota_verification_batch1.csv,8
MS005,El Pueblo media programs,Mississippi,Biloxi / Gulf Coast,https://elpueblo-ms.org/,yes,mixed_information_media,yes,immigrant-service organization with Spanish media activity,director has created Spanish radio programs and publishes La Noticias de MS; organization itself is service/advocacy infrastructure rather than newsroom,classify_information_infrastructure_not_outlet,https://elpueblo-ms.org/our-staff/,Link to MS001; do not double-count organization as outlet.,contextual_noncore,no,data/verification/mississippi_verification_v1.csv,6
MS001,La Noticias de MS,Mississippi,Biloxi / statewide,,unclear_current_operation,historically_yes,yes,Spanish-language newspaper published by immigrant-community media practitioner,El Pueblo identifies Luis Espinoza as director/publisher of La Noticias de MS and calls it Mississippi's first Spanish-language newspaper; no strong current 2026 publication evidence located,pending_verification,https://elpueblo-ms.org/our-staff/,Retain but do not count as active core until current cadence is established.,pending_verification,no,data/verification/mississippi_verification_v1.csv,2
MS003,Mississippi Today en Español,Mississippi,Statewide,https://mississippitoday.org/tag/en-espanol/,yes_selected_2026_translation,yes_selected_translation,yes_language_service,Spanish-language translated stories within statewide nonprofit newsroom,Mississippi Today maintains En Español archive and published 2026 Spanish translation of immigration-enforcement coverage,verified_include_hosted_language_product,https://mississippitoday.org/2026/07/13/detenciones-ice-interrumpen-vidas-oxford/,Hosted language-access product; parent newsroom is general-interest.,core_verified,yes,data/verification/mississippi_verification_v1.csv,4
MS004,Vietnamese Gulf Coast community media lead,Mississippi,Biloxi / Gulfport,,not_identified,not_identified,likely_yes_if_found,gap-search lead,first-pass search found substantial Vietnamese-community reporting but no distinct current Vietnamese-language newsroom,hold_unresolved,https://www.reportforamerica.org/newsrooms/sun-herald/,Retain for deeper community/FCC/social search.,hold_for_review,no,data/verification/mississippi_verification_v1.csv,5
MO001,Dos Mundos,Missouri,Kansas City metro,https://dosmundos.com/,yes,yes,yes,bilingual weekly newspaper within Reyes Media Group,founded 1981 to serve newly arrived Spanish speakers; 45 years of immigrant-serving journalism; Greater Kansas City reach,verified_include,https://dosmundos.com/dos-mundos-continues-founders-legacy-while-looking-to-the-future/,Excellent long-running immigrant-serving newsroom.,core_verified,yes,data/verification/missouri_verification_v1.csv,2
MO002,KC Hispanic News,Missouri,Kansas City metro,https://kchispanicnews.com/,yes,yes,yes,family-run bilingual weekly newspaper,active Sept. 2026 weekly publication; 30 years of Hispanic community reporting; Kansas City Missouri base,verified_include,https://kchispanicnews.com/,Strong current Latino community newsroom.,core_verified,yes,data/verification/missouri_verification_v1.csv,3
MO003,Red Latina STL,Missouri,St. Louis / regional,https://www.redlatinastl.com/,yes,yes_mixed_magazine_news,yes,bilingual Latino digital/news-magazine platform,25-year St. Louis Latino media organization; active 2026 daily/biweekly reporting on immigration education public affairs and community life,verified_include_mixed_format,https://www.redlatinastl.com/post/red-latina-inicia-2026-con-nueva-edici%C3%B3n-y-una-plataforma-renovada,Strong St. Louis Latino media case.,core_verified,yes,data/verification/missouri_verification_v1.csv,4
MO007,Reyes Media Group,Missouri,Kansas City metro,https://dosmundos.com/,yes,no_as_single_outlet,yes,Spanish-language media parent/host organization,parent organization for Dos Mundos and related Spanish-language media products,classify_intermediary_host,https://dosmundos.com/dos-mundos-continues-founders-legacy-while-looking-to-the-future/,Do not double-count as an outlet.,other_review_status,no,data/verification/missouri_verification_v1.csv,8
MO006,Sehara Tribune,Missouri,St. Louis,,historical_or_unclear,historically_yes,yes,historic Bosnian-language newspaper,launched in 2009 as St. Louis Bosnian biweekly; current 2026 operation not established,pending_verification,https://stlmediahistory.org/print/sehara-tribune-is-introduced/,Retain as historical/current-unclear candidate.,pending_verification,no,data/verification/missouri_verification_v1.csv,7
MO005,St. Louis Bosnian,Missouri,St. Louis,https://www.stlbosnians.com/,yes,mixed_archive_curated_news,yes,digital archive/community-history platform,preserves Bosnian community stories and links to contemporary/historical articles; original newsroom structure not clearly established,comparison_or_information_platform,https://www.stlbosnians.com/,Useful Bosnian community information infrastructure but not yet a clearly verified newsroom.,contextual_noncore,no,data/verification/missouri_verification_v1.csv,6
MO004,St. Louis Chinese American News,Missouri,St. Louis metro,https://web.scanews.com/,yes,yes,yes,weekly bilingual Chinese-American newspaper,founded 1990; 6000 weekly copies; broad St. Louis metro distribution; explicit Chinese/Asian community mission,verified_include,https://web.scanews.com/about-us/,Excellent Chinese diaspora/community case.,core_verified,yes,data/verification/missouri_verification_v1.csv,5
MT003,Independent non-English newsroom gap lead,Montana,Statewide,,not_identified,not_identified,likely_if_found,gap-search lead,LOR Foundation statewide media landscape inventory reported no Spanish-language or other non-English news and information outlets,hold_unresolved,https://lorfoundation.org/reports/special-report-montanas-media-landscape/,Documented first-pass gap; do not interpret as proof of total absence.,hold_for_review,no,data/verification/montana_verification_v1.csv,4
MT002,Montana Latino News / HDN Noticias Latinas,Montana,Statewide,https://montanalatinonews.com/,yes,unclear_local_journalism,yes_language_target,Spanish-language digital site,site is active in 2026 but visible homepage is dominated by national/international syndicated and PR content with weak evidence of sustained Montana reporting,pending_verification,https://montanalatinonews.com/,Retain candidate; deeper content sampling needed before inclusion.,pending_verification,no,data/verification/montana_verification_v1.csv,3
MT001,Noticias Montaña,Montana,Bozeman / Gallatin County,,unclear_current_operation,historically_yes,yes,independent Spanish-language digital newspaper,2021 Telemundo/NBC profile identifies Samantha Suazo as founder in 2020 and describes it as Montana's only Spanish-language local/regional news publication,pending_verification,https://www.telemundo.com/noticias/noticias-telemundo/mes-de-la-herencia-hispana/el-nuevo-panorama-latino-rcna2436,Retain as strong historical/recent lead but do not count as active core until 2026 cadence is verified.,pending_verification,no,data/verification/montana_verification_v1.csv,2
NE001,El Perico,Nebraska,Omaha,https://el-perico.com/,yes,yes,yes,bilingual community newspaper/digital platform within Pioneer Publishing,"founded 1999; first-generation immigrants are largest readership segment; local immigration, health, education, politics and community reporting",verified_include,https://el-perico.com/about-us/,Excellent core immigrant-serving newsroom.,core_verified,yes,data/verification/nebraska_verification_v1.csv,2
NE003,Hola Nebraska,Nebraska,Statewide / Omaha,https://holanebraska.org/,yes,yes,yes,fully bilingual digital news platform,"active 2026 Nebraska news; explicitly dedicated to Latino voices, stories and contributions statewide",verified_include,https://holanebraska.org/,Strong current bilingual case.,core_verified,yes,data/verification/nebraska_verification_v1.csv,4
NE006,KZUM en Español,Nebraska,Lincoln,https://kzum.org/news/,yes,yes_hosted_multilingual,yes,Spanish-language hosted public-radio/news partnership,KZUM explicitly partners with programmers and Mundo Latino so Spanish-speaking communities can stay informed,verified_include_hosted_program,https://kzum.org/news/,Strong hosted/community-radio case.,core_verified,yes,data/verification/nebraska_verification_v1.csv,7
NE002,Mundo Latino Network,Nebraska,Omaha / statewide,https://mundolatinonetwork.com/,yes,yes_mixed_news_information,yes,immigrant-founded Spanish-language community media outlet,founded in 1999 by Mexican immigrant communications professional; explicit mission to provide locally relevant information beyond translated news,verified_include,https://mundolatinonetwork.com/2026/09/07/letter-from-the-editor-27-years-of-mundo-latino/,Strong immigrant-founded institutional case.,core_verified,yes,data/verification/nebraska_verification_v1.csv,3
NE007,Mundo Latino on KZUM,Nebraska,Lincoln / statewide,https://kzum.org/news/,yes,yes_hosted,yes,hosted Spanish-language information/news partnership,partnership is public and current; organizational identity overlaps with NE002,classify_hosted_program_or_duplicate,https://kzum.org/news/,Do not double-count separately from Mundo Latino unless program-level analysis requires it.,other_review_status,no,data/verification/nebraska_verification_v1.csv,8
NE008,Nebraska Public Media immigrant-language products,Nebraska,Statewide,https://nebraskapublicmedia.org/,yes,yes,no_primary_mission,mainstream public media,produces substantial immigrant/refugee reporting but is not an immigrant-serving newsroom by mission,exclude_current_definition,https://nebraskapublicmedia.org/en/news/news-articles/lincoln-welcomes-new-americans-in-weeklong-celebration/,"Use as contextual/secondary source, not core outlet.",other_review_status,no,data/verification/nebraska_verification_v1.csv,9
NE005,Radio Lobo,Nebraska,Omaha / statewide,https://www.floodcomm.com/telemundo-radio-lobo/,yes,mixed_news_entertainment,yes,Spanish-language radio service within Flood Communications,shares Spanish-language media infrastructure with Telemundo Nebraska; journalism/public-affairs share not fully documented in first pass,pending_deeper_verification,https://www.floodcomm.com/telemundo-radio-lobo/,Retain and code program mix later.,pending_verification,no,data/verification/nebraska_verification_v1.csv,6
NE004,Telemundo Nebraska,Nebraska,Statewide,https://www.floodcomm.com/telemundo-radio-lobo/,yes,yes,yes,Spanish-language local television newsroom within Flood Communications,state's first network affiliate delivering local Spanish news; weekday 5PM and 10PM local newscasts; statewide/multimarket reach,verified_include,https://www.floodcomm.com/telemundo-radio-lobo/,Strong network-affiliated comparison case.,core_verified,yes,data/verification/nebraska_verification_v1.csv,5
NV010,El Mundo Las Vegas,Nevada,Las Vegas,,inactive_print,historically_yes,yes,historic Spanish-language weekly,Nevada Independent reported print ceased in 2025 after 45 years,exclude_inactive_archive,https://thenevadaindependent.com/article/spanish-language-newspaper-ceases-printing-after-45-years-leaving-void-in-las-vegas,"Keep as historical ecosystem case, not active-frame outlet.",other_review_status,no,data/verification/nevada_verification_v1.csv,11
NV002,El Nuevo Mundo,Nevada,Las Vegas / Southern Nevada,https://elnuevomundo.lv/,yes,yes,yes,Spanish-language newspaper/digital outlet,active Sept. 2026 print/digital issues; local reporting; explicit tagline serving Hispanics in Southern Nevada,verified_include,https://elnuevomundo.lv/,Strong current Spanish-language community newsroom.,core_verified,yes,data/verification/nevada_verification_v1.csv,3
NV003,Entérate Vegas,Nevada,Las Vegas,https://enteratevegas.com/,yes,yes,yes,Spanish-language digital local-news outlet,current local Spanish reporting; explicitly positions itself as filling Las Vegas Spanish-news gap after El Tiempo and El Mundo print closures,verified_include,https://enteratevegas.com/advertise/,Strong emerging digital Spanish-language case.,core_verified,yes,data/verification/nevada_verification_v1.csv,4
NV008,K-LasVegas / Las Vegas Korean Magazine,Nevada,Las Vegas,https://www.k-lasvegas.org/,yes,mixed_magazine_journalism,yes,Korean-American monthly magazine run by nonprofit media foundation,"current Sept. 2026 issue; nonprofit Korean media foundation; community profiles, columns and local information",verified_include_mixed_format,https://www.k-lasvegas.org/,Useful institutional contrast with Korean newspapers; code journalism share separately.,core_verified,yes,data/verification/nevada_verification_v1.csv,9
NV005,Las Vegas Chinese Daily News,Nevada,Las Vegas / Southern Nevada,https://lasvegaschinesedailynews.com/en/,yes,yes,yes,Chinese community newspaper/digital outlet,current Sept. 2026 site; describes itself as leading Chinese community newspaper in Las Vegas; dedicated reporters and local distribution,verified_include,https://lasvegaschinesedailynews.com/en/,Strong Chinese diaspora/local-news case.,core_verified,yes,data/verification/nevada_verification_v1.csv,6
NV006,Las Vegas Korean News,Nevada,Las Vegas,,yes_via_current_issue_archive,yes,yes,Korean-language community newspaper,"issue 1569 dated Sept. 14-27, 2026; extensive current print/digital publication",verified_include_with_secondary_evidence,https://fliphtml5.com/cztqq/1569-BcKB/9/,Strong current Korean-community newspaper; direct primary website/ownership should be added later.,core_verified,yes,data/verification/nevada_verification_v1.csv,7
NV012,Nevada Immigrant Coalition News,Nevada,Statewide,https://nvimmigrantcoalition.org/news/,yes,no_independent_journalism,yes,immigrant advocacy coalition information channel,active 2026 news/press releases and immigrant information; organizational advocacy rather than newsroom,classify_information_infrastructure_not_outlet,https://nvimmigrantcoalition.org/news/,Do not count in core outlet frame; useful intermediary/information infrastructure later.,contextual_noncore,no,data/verification/nevada_verification_v1.csv,13
NV004,Noticiero Móvil,Nevada,Reno / Northern Nevada,https://noticieromovil.com/,yes,yes,yes,bilingual Spanish-English multimedia newsroom,current Sept. 2026 reporting; explicit mission to provide accessible relevant coverage with Northern Nevada Latino community,verified_include,https://noticieromovil.com/,Excellent Northern Nevada Latino newsroom.,core_verified,yes,data/verification/nevada_verification_v1.csv,5
NV001,Philippine Times of Southern Nevada,Nevada,Las Vegas / Southern Nevada,https://ptsnv.com/,yes,yes,yes,bilingual English-Tagalog Filipino-American newspaper/digital outlet,current Sept. 2026 issues; biweekly publication; local team; Filipino-American audience; print/digital subscriptions,verified_include,https://ptsnv.com/subscribe/,Excellent Filipino diaspora/community-news case.,core_verified,yes,data/verification/nevada_verification_v1.csv,2
NV011,PHLV Radio,Nevada,Las Vegas,https://phlvradio.com/,likely_yes,mixed_news_entertainment,yes,Filipino-American radio/digital media outlet,recognized as trusted voice for Las Vegas Filipino community; current brand/activity referenced by Philippine Times,verified_include_mixed_format,https://ptsnv.com/category/top-stories/,Retain as mixed-format Filipino community media; deeper pass should code news/public-affairs share.,core_verified,yes,data/verification/nevada_verification_v1.csv,12
NV007,The Las Vegas Times / Korean Las Vegas Times,Nevada,Las Vegas,https://www.koreanlasvegastimes.com/,yes_via_issue_archive,yes,yes,Korean-language biweekly newspaper,"current 2026 issues identify Las Vegas office/contact, publisher and biweekly publication schedule",verified_include_with_secondary_evidence,https://anyflip.com/njqei/sfai/basic/,Strong Korean diaspora case; direct website may need technical verification.,core_verified,yes,data/verification/nevada_verification_v1.csv,8
NV009,VietLasVegas.com,Nevada,Las Vegas,https://vietlasvegas.com/,yes,mixed_news_information,yes,Vietnamese-language community information/news site,active 2026 archive and Vietnamese Las Vegas news/events/announcements,verified_include_mixed_format,https://vietlasvegas.com/archive/,Eligible as community information/news platform; deeper pass should assess original reporting share.,core_verified,yes,data/verification/nevada_verification_v1.csv,10
NC005,Alianza NC,North Carolina,Chapel Hill,https://www.alianzanc.com/,yes,yes,yes,student-led bilingual newspaper,founded 2025; monthly academic-year issues; editors listed; explicit migrant Latiné mission,verified_include,https://www.alianzanc.com/about/acercade,Eligible despite small/student-led structure; analytically valuable emerging-newsroom case.,core_verified,yes,data/verification/north_carolina_verification_v1.csv,6
NC007,Asian Herald,North Carolina,Charlotte,,historical_or_unclear_current,historically_yes,yes,multilingual Asian community newspaper,City of Charlotte documents Korean/Vietnamese/Chinese/English publication history and large regional reach,pending_verification,https://www.charlottenc.gov/City-News/The-Influential-People-Behind-Charlotte%E2%80%99s-Asian-Herald-Library,Historically important; current publication activity was not firmly established in this pass.,pending_verification,no,data/verification/north_carolina_verification_v1.csv,8
NC006,El Faro (Beacon Media NC),North Carolina,Statewide,https://www.beaconmedianc.org/el-faro/,yes,yes,yes,Spanish-language hosted public-affairs/news program within Beacon Media,named hosts/producers; immigration and state-politics episodes; partnerships with journalists/community organizations,verified_include_hosted_program,https://www.beaconmedianc.org/el-faro/,Include as a hosted program and link to Beacon Media as parent/intermediary.,core_verified,yes,data/verification/north_carolina_verification_v1.csv,7
NC001,Enlace Latino NC,North Carolina,Statewide / Raleigh,https://enlacelatinonc.org/,yes,yes,yes,independent nonprofit Spanish-language digital newsroom,founded 2018; immigrant-journalist leadership; statewide public-service reporting; staff/policies/donor structure visible,verified_include,https://enlacelatinonc.org/about-us/,Excellent core case; explicit mission to serve North Carolina's Latino immigrant community.,core_verified,yes,data/verification/north_carolina_verification_v1.csv,2
NC004,Hola Carolina,North Carolina,Asheville / Western North Carolina,https://holacarolina.org/,yes,yes,yes,impact-driven nonprofit Latino/community media organization,current news site; immigrant-community mission; Spanish-language radio partnership; nonprofit identity,verified_include,https://holacarolina.org/,Strong Western North Carolina immigrant-serving case.,core_verified,yes,data/verification/north_carolina_verification_v1.csv,5
NC012,Hola News,North Carolina,Charlotte / Carolinas,https://holanews.com/,yes,yes,yes,Spanish-language digital news outlet,active 2026 Charlotte/Carolinas coverage; immigration and local community reporting,verified_include,https://holanews.com/,"Strong current outlet; verify ownership and relationship, if any, to other regional Spanish-media groups in deeper pass.",core_verified,yes,data/verification/north_carolina_verification_v1.csv,13
NC011,La Conexión USA,North Carolina,Raleigh / statewide,https://laconexionusa.com/,yes,yes,yes,Spanish-language digital/community news outlet,"active 2026 local North Carolina news; immigration, politics, education and community sections",verified_include,https://laconexionusa.com/,Strong current Spanish-language local-news candidate; ownership/staff need deeper coding.,core_verified,yes,data/verification/north_carolina_verification_v1.csv,12
NC002,La Noticia,North Carolina,Charlotte / statewide,https://lanoticia.com/,yes,yes,yes,Spanish-language newspaper and digital newsroom,"28-year publication history; Charlotte/Raleigh/Asheville editions; immigration, government and community reporting; immigrant readership",verified_include,https://www.reportforamerica.org/newsrooms/la-noticia/,Strong statewide immigrant-serving newsroom.,core_verified,yes,data/verification/north_carolina_verification_v1.csv,3
NC008,Latino Communications / Qué Pasa Media Network,North Carolina,Raleigh / statewide,https://accionhispana.org/,yes,no_as_separate_outlet,yes,corporate/organizational identity associated with Qué Pasa Media,BBB identifies Latino Communications LLC as alternate name for Qué Pasa Media Network,classify_host_or_duplicate,https://www.bbb.org/us/nc/raleigh/profile/newspaper-advertising/que-pasa-media-0593-90068722,Do not double-count as a separate outlet from Qué Pasa/Acción Hispana without evidence of a distinct newsroom.,other_review_status,no,data/verification/north_carolina_verification_v1.csv,9
NC009,Mi Gente Newspaper,North Carolina,,,unresolved,unresolved,likely_yes,unresolved Latino community newspaper candidate,no sufficiently specific current 2026 evidence identified,hold_unresolved,,Retain in candidate registry only until current identity/site/activity are established.,hold_for_review,no,data/verification/north_carolina_verification_v1.csv,10
NC010,Proyecto Mariposa,North Carolina,Winston-Salem / Charlotte,https://proyectomariposa.us/,yes,information_hub_not_newsroom,yes,Spanish-language community information hub created by Acción Hispana/Qué Pasa,"resources, alerts, news links, courses and multimedia; launched as outreach/information project",classify_hosted_information_project,https://accionhispana.org/our-work/,Do not count as an independent outlet; preserve as hosted information infrastructure under Acción Hispana.,other_review_status,no,data/verification/north_carolina_verification_v1.csv,11
NC003,Qué Pasa / Acción Hispana,North Carolina,Statewide,https://accionhispana.org/,yes,yes,yes,Spanish-language weekly newspaper and digital platform run by Acción Hispana,founded 1994; three weekly print editions; first-generation immigrant staff; daily digital content; grants/partnerships visible,verified_include,https://accionhispana.org/about-us/,Very strong core case; institutional infrastructure is unusually well documented.,core_verified,yes,data/verification/north_carolina_verification_v1.csv,4
ND001,Fargo-area Somali community media lead,North Dakota,Fargo,,unresolved,unresolved,likely_yes_if_found,unresolved community-media lead,searches did not identify a distinct current North Dakota-based Somali newsroom,hold_unresolved,,Do not infer absence of Somali media from this result; retain for deeper directory/community search.,hold_for_review,no,data/verification/north_dakota_verification_v1.csv,2
ND002,Fargo-area Spanish/Latino media lead,North Dakota,Fargo / statewide,,unresolved,unresolved,likely_yes_if_found,unresolved Spanish-language media lead,no distinct current North Dakota-based Spanish-language newsroom identified in first pass,hold_unresolved,,"State status should be 'no qualifying outlet identified after systematic first-pass search,' not 'none exist.'",hold_for_review,no,data/verification/north_dakota_verification_v1.csv,3
ND003,MPR News Fargo-Moorhead regional reporting,North Dakota,Fargo-Moorhead,https://www.mprnews.org/,yes,yes,no_primary_mission,mainstream public-media regional reporting,Fargo-Moorhead reporting includes diverse communities but newsroom mission is general regional journalism,exclude_current_definition,https://www.mprnews.org/people/t-ruiz-sandoval,Useful comparison only; not an immigrant-serving outlet.,other_review_status,no,data/verification/north_dakota_verification_v1.csv,4
ND004,North Dakota Monitor,North Dakota,Statewide,https://northdakotamonitor.com/,yes,yes,no_primary_mission,statewide nonprofit newsroom,covers immigration and farmworker issues but does not primarily serve immigrant/diaspora communities,exclude_current_definition,https://northdakotamonitor.com/2026/07/14/they-harvest-the-nations-food-but-a-new-rule-may-strip-them-of-health-insurance/,"Comparison/context source, not core outlet.",other_review_status,no,data/verification/north_dakota_verification_v1.csv,5
OH013,Al-Sahafa,Ohio,Columbus,,historical_or_unclear,historically_yes,yes,Arabic community newspaper candidate,known as Arabic community media lead; no strong current 2026 publication evidence,pending_verification,,Retain candidate as historical/current-unclear.,pending_verification,no,data/verification/ohio_verification_v1.csv,14
OH012,ApnaOhio,Ohio,Statewide,,unresolved,unresolved,yes,South Asian community media candidate,exact current site/outlet identity not established,hold_unresolved,,Retain candidate only.,hold_for_review,no,data/verification/ohio_verification_v1.csv,13
OH014,Connecting Cleveland,Ohio,Cleveland,,historical_or_unclear,historically_yes,yes,immigrant/community media project candidate,current operation not established,exclude_or_archive_pending,,Archive unless current sustained journalism can be demonstrated.,pending_verification,no,data/verification/ohio_verification_v1.csv,15
OH002,Danjir News / Radio,Ohio,Columbus,,unresolved,unresolved,yes,Somali news/radio candidate,no sufficiently specific current 2026 evidence identified in this pass,hold_unresolved,,Retain candidate only.,hold_for_review,no,data/verification/ohio_verification_v1.csv,3
OH003,DZM News,Ohio,Columbus,,unresolved,unresolved,yes,Somali/East African media candidate,exact current outlet identity and active newsroom not established,hold_unresolved,,Retain candidate only.,hold_for_review,no,data/verification/ohio_verification_v1.csv,4
OH006,El Sol de Ohio,Ohio,Columbus,https://www.elsoldeohio.com/,yes,yes,yes,Spanish-language community newspaper/digital outlet,established 2010; active 2026 Columbus and Latino-community reporting,verified_include,https://www.elsoldeohio.com/,Strong current Columbus Latino outlet.,core_verified,yes,data/verification/ohio_verification_v1.csv,7
OH005,La Prensa Newspaper,Ohio,Toledo / NW Ohio,https://laprensanewspaper.com/,yes,yes,yes,bilingual Latino newspaper/digital outlet,current 2026 publication; Toledo office; Ohio/Michigan coverage; Latino community focus,verified_include,https://laprensanewspaper.com/,Strong regional Latino newsroom.,core_verified,yes,data/verification/ohio_verification_v1.csv,6
OH008,La Villa Cleveland,Ohio,Cleveland,https://www.lavillacle.org/,yes,community_storytelling_not_full_newsroom,yes,neighborhood storytelling/community platform,current Clark-Fulton community stories and user/community submissions; journalism structure not clearly established,comparison_or_information_platform,https://www.lavillacle.org/,Keep as community storytelling infrastructure,contextual_noncore,no,data/verification/ohio_verification_v1.csv,9
OH011,Lazo Cultural,Ohio,Cincinnati / statewide,,unclear_current_operation,mixed_or_unclear,yes,Latino cultural/community publication candidate,current journalism role and institutional operation not established,pending_verification,,Retain candidate.,pending_verification,no,data/verification/ohio_verification_v1.csv,12
OH010,OCA AsiaTown Voice / IMAGE TV Ohio,Ohio,Cleveland,,unclear_current_operation,unclear,yes,Asian community media candidate,candidate identity known but direct current newsroom/program evidence not established,pending_verification,,Retain candidate pending direct evidence.,pending_verification,no,data/verification/ohio_verification_v1.csv,11
OH004,Ohio in Arabic,Ohio,Statewide / Columbus,https://ohioinarabic.com/,yes,yes,yes,nonprofit Arabic-language media and service organization,founded as independent Arabic newspaper in 2019; nonprofit foundation since 2022; immigrant family founders; explicit newcomer information mission,verified_include,https://ohioinarabic.com/about-us,Excellent Arabic immigrant-serving media case.,core_verified,yes,data/verification/ohio_verification_v1.csv,5
OH009,Onumba / Fawol Africa Media,Ohio,Columbus,https://onumba.com/,yes,yes,yes,Nigerian/African diaspora online news and commentary outlet,founded 2003; Columbus address; Nigerian immigrant editor; current 2026 reporting/commentary; explicit African diaspora mission,verified_include,https://onumba.com/about-onumba/,Strong African diaspora case with clear local Ohio base and transnational scope.,core_verified,yes,data/verification/ohio_verification_v1.csv,10
OH001,Somali Link Newspaper,Ohio,Columbus,https://www.somalicommunitylink.com/,yes_via_host,yes,yes,Somali community newspaper hosted by Somali Community Link,current host site explicitly names Somali Link Newspaper,shared CEO/contact/address,and community service organization,verified_include_hosted_program,other_review_status,no,data/verification/ohio_verification_v1.csv,2
OH007,Vocero Latino,Ohio,Cleveland,https://vocerolatino.com/,yes,yes,yes,Spanish-language newspaper/digital outlet,serving Cleveland Hispanic community since 1998; current 2026 posts; community-news mission,verified_include,https://vocerolatino.com/,Strong current Cleveland Latino outlet.,core_verified,yes,data/verification/ohio_verification_v1.csv,8
OK002,El Latino American,Oklahoma,Oklahoma City / statewide,https://ellatinoamerican.com/,yes,yes,yes,bilingual Spanish-English newspaper and digital outlet,active September 2026 local Oklahoma reporting plus digital newspaper archive; states service to Spanish-speaking population since 1994,verified_include,https://www.ellatinoamerican.com/,Clear active core outlet.,core_verified,yes,data/verification/oklahoma_verification_v1.csv,3
OK001,El Nacional de Oklahoma,Oklahoma,Oklahoma City / statewide,https://elnacionaldeoklahoma.com/,yes,yes,yes,Spanish-language commercial newspaper/digital newsroom,current 2026 Oklahoma news coverage including immigrant-community policing and Mexican community events; longstanding Hispanic-owned outlet,verified_include,https://elnacionaldeoklahoma.com/oklahoma-news/,Clear active core outlet.,core_verified,yes,data/verification/oklahoma_verification_v1.csv,2
OK006,Huellas Latinas,Oklahoma,Statewide / digital,,unclear_current_operation,unclear,yes,Latino-focused digital/video project,Oklahoma Historical Society identifies it as a channel focused on stories about Latino communities in Oklahoma,pending_verification,,Retain for deeper platform-specific review.,pending_verification,no,data/verification/oklahoma_verification_v1.csv,7
OK005,KZUE La Tremenda,Oklahoma,Oklahoma City / central Oklahoma,,yes_station,unclear_news_cadence,yes,Spanish-language commercial radio station,longstanding Spanish-language radio service documented in Oklahoma Latino media history; first pass did not establish sustained original journalism,comparison_or_media_infrastructure,,Do not count as core journalism outlet until news/public-affairs cadence is verified.,contextual_noncore,no,data/verification/oklahoma_verification_v1.csv,6
OK003,OK VIETIMES,Oklahoma,Oklahoma City,,unclear_current_operation,likely_historical_or_directory_current,yes,Vietnamese-language community newspaper,directory references identify Vietnamese weekly but first-pass search did not establish a current first-party publishing cadence,pending_verification,,Retain for deeper direct/social/community verification.,pending_verification,no,data/verification/oklahoma_verification_v1.csv,4
OK004,Oklahoma Chinese Times,Oklahoma,Oklahoma City,,unclear_current_operation,unclear,yes,Chinese-language community publication,listed in community/media directories but current publication evidence was not firmly established,pending_verification,,Retain for deeper verification.,pending_verification,no,data/verification/oklahoma_verification_v1.csv,5
OR004,Afisha Magazine,Oregon,Portland / Oregon & SW Washington,https://thegreatmediagroup.com/,yes,yes,yes,Russian/Ukrainian-language magazine within multicultural media group,host company; 30+ year publication history; news/cultural content; immigrant audience,verified_include,https://thegreatmediagroup.com/,"Eligible, though journalism/news share should be coded later because magazine also carries cultural/lifestyle content.",core_verified,yes,data/verification/oregon_verification_v1.csv,5
OR013,Azteca Oregon 37,Oregon,Portland / Salem,,unclear_current_brand,unclear,yes_spanish_audience,Spanish-language television affiliate/brand,broadcast listings indicate Spanish-language channel in market; local journalism structure unclear,pending_verification,,"Keep as comparison candidate; verify current station identity, ownership and locally produced news.",pending_verification,no,data/verification/oregon_verification_v1.csv,14
OR007,El Latino de Hoy,Oregon,Portland / statewide,https://www.ellatinodehoy.com/,yes,yes,yes,Spanish-language weekly/community newspaper,current 2026 news; founded 1991; Oregon Latino identity,verified_include,https://www.ellatinodehoy.com/,Strong current Latino community newspaper.,core_verified,yes,data/verification/oregon_verification_v1.csv,8
OR010,Elemento Latino,Oregon,Hillsboro / Portland,https://icgmultimedia.com/,yes,yes,yes,Latino news/interview program within multimedia company,current site; CEO/host; reporting/interviews/news; sponsors and clients,verified_include,https://icgmultimedia.com/,Eligible; useful commercial/multimedia case.,core_verified,yes,data/verification/oregon_verification_v1.csv,11
OR014,KUNP Univisión 16,Oregon,Portland / La Grande,https://kunptv.com/,yes_station,no_as_spanish_news_outlet,no_current_immigrant_orientation,independent English-language TV station since 2025,former Univision affiliation ended in 2024; current station is independent/Rip City TV,exclude_current_definition,https://www.opb.org/article/2026/01/21/noticias-noroeste-spanish-broadcast-portland/,Exclude from current immigrant-serving frame. Useful historical context because closure of Univision local news helped prompt Noticias Noroeste.,other_review_status,no,data/verification/oregon_verification_v1.csv,15
OR003,Maidan Newspaper,Oregon,Portland / Oregon & SW Washington,https://thegreatmediagroup.com/,yes,yes,yes,Ukrainian-language newspaper within multicultural media group,host company; immigrant/refugee mission; language; regional scope,verified_include,https://thegreatmediagroup.com/,Strong immigrant/refugee fit; useful hosted/networked case.,core_verified,yes,data/verification/oregon_verification_v1.csv,4
OR011,Noticias Latinas! Latin News,Oregon,Portland / Oregon & SW Washington,https://www.latinmedianw.com/noticiaslatinas.html,yes,yes,yes,Spanish-language newspaper within Latin Media Northwest LLC,current site; print distribution; publisher/editor structure; Oregon/Washington reach,verified_include,https://www.latinmedianw.com/noticiaslatinas.html,Strong community-newspaper case; institutional structure is publicly visible.,core_verified,yes,data/verification/oregon_verification_v1.csv,12
OR002,Noticias Noroeste,Oregon,Portland / Oregon & SW Washington,https://noticiasnw.com/,yes,yes,yes,independent Spanish-language digital newsroom,mission; founder/editor; weekday newscast; immigration and local-news categories,verified_include,https://noticiasnw.com/sobre-nosotros/,Very strong fit. Created after Univision Portland closure to serve Spanish-speaking Latino communities.,core_verified,yes,data/verification/oregon_verification_v1.csv,3
OR006,Oregon Hispano,Oregon,Statewide,https://www.oregonhispano.com/,yes,yes,yes,Spanish-language statewide digital news/community-information site,current 2026 news; statewide Latino/Hispanic mission; directory and service infrastructure,verified_include,https://www.oregonhispano.com/noticias/index.php,Eligible; institutional form appears commercial/digital and needs later ownership coding.,core_verified,yes,data/verification/oregon_verification_v1.csv,7
OR012,pdxlatino.com,Oregon,Portland,https://pdxlatino.com/,pending_site_check,unclear,likely_yes,Latino community digital outlet,listed in Latino-media directories; direct current journalism output not verified,pending_verification,,Retain candidate pending current activity and journalism verification.,pending_verification,no,data/verification/oregon_verification_v1.csv,13
OR009,Radio Movimiento,Oregon,Woodburn,https://pcun.org/,no_current_station,historically_yes,historically_yes,former Spanish-language farmworker community radio hosted by PCUN,PCUN history; community radio mission; station last aired 2019,exclude_inactive,https://pcun.org/es/historia-de-pcun/,Historically important but no longer active as KPCN-LP; retain in archival registry only.,other_review_status,no,data/verification/oregon_verification_v1.csv,10
OR001,The Asian Reporter,Oregon,Portland,https://www.asianreporter.com/,yes,yes,yes,independent Asian community newspaper,current 2026 issues; local/international Asian news; explicit immigrant-community support,verified_include,https://www.asianreporter.com/,Strong fit. Current publication explicitly says it supports immigrant and U.S.-born Asian communities.,core_verified,yes,data/verification/oregon_verification_v1.csv,2
OR005,The Great Radio 1040 AM,Oregon,Portland,https://thegreatmediagroup.com/,yes,yes,yes,Slavic/Eastern European community radio within media group,community radio; host company; information/news orientation; immigrant audience,verified_include,https://thegreatmediagroup.com/,Eligible as a hosted radio case; deeper content coding can distinguish news/public affairs from general programming.,core_verified,yes,data/verification/oregon_verification_v1.csv,6
OR015,The Immigrant Story,Oregon,Portland,https://theimmigrantstory.org/,yes,yes,yes,volunteer-run nonprofit multimedia storytelling organization,nonprofit; founder; 60+ volunteers; immigrant/refugee reporting; podcasts and documentary storytelling,verified_include,https://theimmigrantstory.org/our-story/,Strong fit despite not being a conventional newsroom; explicitly reports and publishes immigrant/refugee stories.,core_verified,yes,data/verification/oregon_verification_v1.csv,16
OR008,Tilde Noticias,Oregon,Portland,,unclear,likely_yes,likely_yes,Latino news outlet,current national community-media directory listing; direct site not verified in this pass,pending_verification,https://www.ncmalliance.com/associations,Retain as candidate. Need current website and institutional verification before inclusion.,pending_verification,no,data/verification/oregon_verification_v1.csv,9
PA006,2Puntos Platform,Pennsylvania,Philadelphia,,unclear,likely_yes,yes,community-led Latine media platform,identified through community-media funding ecosystem; direct current institutional page not verified,pending_verification,,Retain candidate pending current direct evidence and clarification of newsroom function.,pending_verification,no,data/verification/pennsylvania_verification_v1.csv,7
PA001,AL DÍA News,Pennsylvania,Philadelphia,https://aldianews.com/,yes,yes,yes,multiplatform bilingual/multicultural news organization,founded 1994; journalist-owned; English/Spanish; Philadelphia coverage; Latino experience mission,verified_include,https://www.aldianews.com/en/about-us,Strong active fit; useful commercial/multiplatform Latino case.,core_verified,yes,data/verification/pennsylvania_verification_v1.csv,2
PA028,Barrio Latino WRCT,Pennsylvania,Pittsburgh,https://www.wrct.org/,yes,yes_mixed_format,yes,Spanish-language community radio program hosted by WRCT,2026 station page says program is entering 25th year; weekly Thursday 6 p.m. slot,verified_include_hosted_program,https://www.wrct.org/page/75/,Strong hosted-program case; code host station separately and assess journalism/public-affairs share in deeper pass.,core_verified,yes,data/verification/pennsylvania_verification_v1.csv,29
PA017,ChineseInUS.org,Pennsylvania,Philadelphia metro,https://chineseinus.org/,yes_as_org_identity,likely_yes,yes,Chinese community digital media outlet,named leader in Philadelphia Asian-media coalition; Chinese-community orientation,pending_deeper_verification,https://www.inquirer.com/business/philadelphia-asian-media-coalition-david-oh-20240408.html,Retain; verify sustained Philadelphia-focused journalism.,pending_verification,no,data/verification/pennsylvania_verification_v1.csv,18
PA002,El Hispano,Pennsylvania,Philadelphia / SE Pennsylvania,http://el-hispano.com/,unclear_current_operation,historically_yes,yes,Spanish-language weekly/community newspaper,longstanding regional Latino newspaper identity; current site/activity not sufficiently verified in this pass,pending_verification,,Retain candidate until current 2026 operation is confirmed.,pending_verification,no,data/verification/pennsylvania_verification_v1.csv,3
PA003,El Sol Latino Newspaper,Pennsylvania,Philadelphia,,unclear_current_operation,unclear,yes,Spanish-language community newspaper,directory-level evidence only in this pass,pending_verification,,"Need current website, cadence and ownership evidence.",pending_verification,no,data/verification/pennsylvania_verification_v1.csv,4
PA030,Epoch Times Philadelphia edition/presence,Pennsylvania,Philadelphia,https://www.theepochtimes.com/,yes,yes,partly,national multilingual news organization with Chinese-diaspora roots,Philadelphia-area Asian media participation; no distinct local immigrant-serving Philadelphia newsroom established,boundary_or_exclude_core,https://www.inquirer.com/business/philadelphia-asian-media-coalition-david-oh-20240408.html,Do not count as core Pennsylvania immigrant outlet absent distinct local immigrant-serving operation.,other_review_status,no,data/verification/pennsylvania_verification_v1.csv,31
PA023,Hola Pittsburgh,Pennsylvania,Pittsburgh,https://holapittsburgh.com/,unclear,unclear,yes,Latino community information/media site,community information role evident; sustained journalism not verified,pending_verification,https://holapittsburgh.com/,Do not move into core frame until journalism criterion is met.,pending_verification,no,data/verification/pennsylvania_verification_v1.csv,24
PA004,Impacto Latin Newspaper Philadelphia,Pennsylvania,Philadelphia,,unresolved,unresolved,likely_yes,unresolved Spanish-language newspaper candidate,possible legacy/duplicate identity; current PA operation not established,hold_identity_resolution,,Do not include until distinct current outlet is identified.,hold_for_review,no,data/verification/pennsylvania_verification_v1.csv,5
PA015,Indonesian Lantern,Pennsylvania,Philadelphia metro,,yes_as_org_identity,likely_yes,yes,Indonesian community media outlet,identified with named leader in Philadelphia Asian-media coalition,verified_include_with_secondary_evidence,https://www.inquirer.com/business/philadelphia-asian-media-coalition-david-oh-20240408.html,Include provisionally; confirm cadence and journalism format.,core_verified,yes,data/verification/pennsylvania_verification_v1.csv,16
PA005,Inti Media,Pennsylvania,Philadelphia,https://www.intimedia.org/,yes,yes,yes,independent nonprofit Latine-led newsroom and production hub,founded 2024; multilingual newsroom; staff; community-centered reporting; immigration/social-issues coverage,verified_include,https://www.intimedia.org/mission,Excellent core case; strong nonprofit/community-centered institutional model.,core_verified,yes,data/verification/pennsylvania_verification_v1.csv,6
PA013,Korean Phila Times,Pennsylvania,Philadelphia metro,,yes_as_org_identity,yes,yes,Korean community news organization,named newsroom leaders in 2024 Philadelphia Asian-media coalition,verified_include_with_secondary_evidence,https://www.inquirer.com/business/philadelphia-asian-media-coalition-david-oh-20240408.html,Likely distinct outlet; confirm direct site and relationship to Korea Times Philadelphia in next pass.,core_verified,yes,data/verification/pennsylvania_verification_v1.csv,14
PA029,La Mega Nota - Pittsburgh distribution,Pennsylvania,Pittsburgh / Western Pennsylvania,https://lamega1.com/,likely_yes,likely_yes,yes,Spanish-language print product within Ohio-based La Mega network,distributed in Pittsburgh market; parent organization based outside Pennsylvania,multistate_market_case,https://lamega1.com/,Retain as market-serving product; avoid double counting with parent/network.,contextual_noncore,no,data/verification/pennsylvania_verification_v1.csv,30
PA021,La Mega Pittsburgh,Pennsylvania,Pittsburgh,https://lamega1.com/,likely_yes,mixed_news_entertainment,yes,Spanish-language radio service; Ohio-based parent network,Pittsburgh service identity; community/news role mixed with entertainment; parent outside Pennsylvania,multistate_market_case,https://lamega1.com/,Retain as Pittsburgh-market outlet but code host/state separately.,contextual_noncore,no,data/verification/pennsylvania_verification_v1.csv,22
PA008,Metro Chinese Weekly,Pennsylvania,Greater Philadelphia,https://newmainstreammedia.com/,yes_via_parent,yes,yes,Chinese-language weekly within New Mainstream Media,64-page weekly; publisher identified; Asian media coalition; parent-company structure,verified_include,https://www.inquirer.com/business/philadelphia-asian-media-coalition-david-oh-20240408.html,Strong language-community outlet; parent/host should be linked separately.,core_verified,yes,data/verification/pennsylvania_verification_v1.csv,9
PA010,Metro Korean News,Pennsylvania,Greater Philadelphia,https://newmainstreammedia.com/,likely_yes_via_parent,likely_yes,yes,Korean-language publication within New Mainstream Media,parent company publishes multilingual Asian community media; direct current publication evidence weaker than Chinese/Vietnamese titles,pending_deeper_verification,https://www.inquirer.com/business/philadelphia-asian-media-coalition-david-oh-20240408.html,Retain pending direct publication verification.,pending_verification,no,data/verification/pennsylvania_verification_v1.csv,11
PA009,Metro Viet News,Pennsylvania,Greater Philadelphia,https://newmainstreammedia.com/,yes_via_parent,yes,yes,Vietnamese-language weekly within New Mainstream Media,32-page weekly; publisher identified; Asian media coalition; parent-company structure,verified_include,https://www.inquirer.com/business/philadelphia-asian-media-coalition-david-oh-20240408.html,Strong language-community outlet; parent/host should be linked separately.,core_verified,yes,data/verification/pennsylvania_verification_v1.csv,10
PA007,Motivos Magazine,Pennsylvania,Philadelphia,https://motivosmag.com/,yes,mixed_not_core_news,yes,bilingual Latino youth/community magazine,"English/Spanish print magazine; youth, college, career and culture orientation",comparison_or_exclude_core,https://www.motivosmag.com/,"Community-serving media, but not clearly sustained journalism/public-affairs enough for core frame.",contextual_noncore,no,data/verification/pennsylvania_verification_v1.csv,8
PA011,New Mainstream Media / New Mainstream Press,Pennsylvania,Bala Cynwyd / Philadelphia metro,https://newmainstreammedia.com/,yes,no_as_single_outlet,yes,multilingual Asian media parent/host organization,publishes Metro Chinese Weekly and Metro Viet News; operates WeChat channel and advertising network,classify_intermediary_host,https://www.inquirer.com/business/philadelphia-asian-media-coalition-david-oh-20240408.html,Do not count as one outlet; add to host/network table.,other_review_status,no,data/verification/pennsylvania_verification_v1.csv,12
PA014,Philadelphia Asian News,Pennsylvania,Philadelphia,,yes_as_org_identity,yes,yes,Vietnamese community news organization,identified with named leader in Philadelphia Asian-media coalition,verified_include_with_secondary_evidence,https://www.inquirer.com/business/philadelphia-asian-media-coalition-david-oh-20240408.html,Strong candidate; direct site needed for institutional-depth coding.,core_verified,yes,data/verification/pennsylvania_verification_v1.csv,15
PA018,Philain Media,Pennsylvania,Philadelphia metro,,yes_as_org_identity,likely_yes,yes,Korean community media outlet,named leader in Philadelphia Asian-media coalition,pending_deeper_verification,https://www.inquirer.com/business/philadelphia-asian-media-coalition-david-oh-20240408.html,Retain pending current site and publication details.,pending_verification,no,data/verification/pennsylvania_verification_v1.csv,19
PA016,PhilaNewsNow,Pennsylvania,Philadelphia,,yes_as_org_identity,likely_yes,yes,Asian/community news organization,identified with named leader in Philadelphia Asian-media coalition,pending_deeper_verification,https://www.inquirer.com/business/philadelphia-asian-media-coalition-david-oh-20240408.html,"Need language, audience and current publication details before core inclusion.",pending_verification,no,data/verification/pennsylvania_verification_v1.csv,17
PA019,PhillyTalks.com,Pennsylvania,Philadelphia metro,https://phillytalks.com/,yes_as_org_identity,likely_yes,yes,Korean/English community digital news outlet,named leader in Philadelphia Asian-media coalition; Korean/English orientation,pending_deeper_verification,https://www.inquirer.com/business/philadelphia-asian-media-coalition-david-oh-20240408.html,Retain; direct site/activity check still needed.,pending_verification,no,data/verification/pennsylvania_verification_v1.csv,20
PA020,Pittsburgh Latino Magazine / PRESENTE Pittsburgh Media,Pennsylvania,Pittsburgh / Western Pennsylvania,https://pitlatinomag.com/,yes,yes,yes,bilingual Latino print/digital publication within Presente Pittsburgh Media LLC,founded 2020; founder identified; print/digital; local stories; Latino community mission,verified_include,https://pitlatinomag.com/about/,Strong Western Pennsylvania Latino media case.,core_verified,yes,data/verification/pennsylvania_verification_v1.csv,21
PA027,Puerto Rican Panorama,Pennsylvania,Philadelphia,,unclear_current_operation,historically_yes,yes,Latino/Puerto Rican public-affairs television program,long-running community public-affairs identity; current 2026 production not firmly verified,pending_verification,,Retain candidate pending current schedule.,pending_verification,no,data/verification/pennsylvania_verification_v1.csv,28
PA022,Radio Las Palmas,Pennsylvania,Pittsburgh,,unclear_current_operation,unclear,yes,Latino community radio operation,community-radio identity known; no strong 2026 direct evidence found in this pass,pending_verification,,Retain candidate pending current schedule and journalism/public-affairs evidence.,pending_verification,no,data/verification/pennsylvania_verification_v1.csv,23
PA025,Telemundo 62 / WWSI,Pennsylvania,Philadelphia,https://www.telemundo62.com/,yes,yes,yes,Spanish-language local television newsroom; Telemundo/NBCUniversal,active 2026 local coverage; dedicated local newsroom; immigration/community reporting; news standards,verified_include,https://www.telemundo62.com/noticias/local/,Strong large-network comparison case.,core_verified,yes,data/verification/pennsylvania_verification_v1.csv,26
PA012,The Korea Times Philadelphia,Pennsylvania,Elkins Park / Philadelphia metro,https://koreatimesphila.com/,likely_yes,yes,yes,Korean-language community newspaper,current local Korean/Pennsylvania publication identity; direct institutional detail limited,verified_include_with_site_limit,https://koreatimesphila.com/,Eligible; deeper ownership/staff coding still needed.,core_verified,yes,data/verification/pennsylvania_verification_v1.csv,13
PA026,Univision 65 / WUVP,Pennsylvania,Philadelphia,https://www.univision.com/local/philadelphia-wuvp,yes,yes,yes,Spanish-language local television newsroom; TelevisaUnivision,active 2026 local news; dedicated newsroom team; explicit Delaware Valley Hispanic-service mission,verified_include,https://www.univision.com/local/philadelphia-wuvp/quienes-somos,Strong network-affiliated local-news case.,core_verified,yes,data/verification/pennsylvania_verification_v1.csv,27
PA024,WFMZ Edición en Español,Pennsylvania,Lehigh Valley / Allentown,https://www.wfmz.com/,yes_brand_known,likely_yes,yes,Spanish-language local-news product within WFMZ,local Spanish-news product known; site access limited during verification,verified_include_with_site_limit,https://www.wfmz.com/,Include as network-affiliated local Spanish-news comparison; verify staffing later.,core_verified,yes,data/verification/pennsylvania_verification_v1.csv,25
RI001,Acontecer Latino,Rhode Island,Providence / statewide,https://acontecerlatino.com/,yes,yes,yes,Spanish-language digital news outlet,active 2026 local Rhode Island reporting; about page explicitly centers Hispanic communities and local/state news,verified_include,https://acontecerlatino.com/,Strong current Latino digital-news case.,core_verified,yes,data/verification/rhode_island_verification_v1.csv,2
RI002,Noticias Rhode Island,Rhode Island,Statewide,https://noticiasrhodeisland.com/,yes,yes_mixed_news_information,yes,Spanish-language digital community news outlet,active Sept. 2026; founded in 2016 to fill information gap among Spanish-speaking Rhode Islanders,verified_include_mixed_format,https://noticiasrhodeisland.com/,Current and community-focused; deeper pass should document ownership/staff.,core_verified,yes,data/verification/rhode_island_verification_v1.csv,3
RI005,Nuevos Horizontes,Rhode Island,Providence,,inactive_or_historical,historically_yes,yes,historic Latino newspaper,archived issues preserved by Rhode Island Latino History Community Archives,exclude_inactive_archive,https://rilatinohistorycollections.omeka.net/items/browse?collection=19,Historical ecosystem case.,other_review_status,no,data/verification/rhode_island_verification_v1.csv,6
RI004,Presencia,Rhode Island,Providence,,inactive_or_historical,historically_yes,yes,historic Latino newspaper,archived issues preserved by Rhode Island Latino History Community Archives,exclude_inactive_archive,https://rilatinohistorycollections.omeka.net/items/browse?collection=19,Historical ecosystem case.,other_review_status,no,data/verification/rhode_island_verification_v1.csv,5
RI003,Providence en Español,Rhode Island,Providence / statewide,https://providenceenespanol.com/,site_active_but_recent_news_unclear,historically_yes,yes,long-running Latino newspaper/digital outlet,"about page describes daily digital Latino news mission, but visible indexed articles are largely older; current newsroom activity not firmly established",pending_deeper_verification,https://providenceenespanol.com/about-us/,Do not count as current core until recent publishing cadence is verified.,pending_verification,no,data/verification/rhode_island_verification_v1.csv,4
RI006,Providence Journal Página Latina,Rhode Island,Providence,,inactive_archive,historically_yes,partly,historic Spanish-language hosted product in mainstream newspaper,archived Spanish-language pages documented by Rhode Island Latino History Community Archives,exclude_inactive_archive,https://rilatinohistorycollections.omeka.net/items/show/319,Useful historical hosted-language comparison.,other_review_status,no,data/verification/rhode_island_verification_v1.csv,7
SD001,El Sol Media Group / El Sol Newspaper,South Dakota,Sioux Falls / statewide,https://www.elsolmedia.com/,yes,yes_mixed_news_information,yes,Spanish-language newspaper within local media group,"serves Spanish-speaking South Dakota; distributes across 30+ locations; editorial content includes immigration, education, health, business and community affairs",verified_include,https://www.elsolmedia.com/about-us.html,Strong Latino community-media case.,core_verified,yes,data/verification/south_dakota_verification_v1.csv,2
SD002,El Sol Television,South Dakota,Sioux Falls / statewide,https://www.elsolmedia.com/,yes,yes_mixed_public_affairs,yes,Spanish-language television program within El Sol Media Group,"weekly KTTW FOX program; 100+ episodes; local Hispanic community events, public figures and current topics",verified_include_hosted_program,https://www.elsolmedia.com/advertise-with-us.html,Link to SD001 host; do not treat host and program as unrelated organizations.,core_verified,yes,data/verification/south_dakota_verification_v1.csv,3
SD003,Que Pasa Sioux Falls,South Dakota,Sioux Falls,https://quepasasiouxfalls.org/,yes,mixed_news_resources,yes,community nonprofit/information-news platform,"explicit mission to provide essential news, resources and opportunities in Spanish for Hispanic and immigrant community",verified_include_mixed_format,https://quepasasiouxfalls.org/,Eligible as hybrid information/news infrastructure; deeper pass should assess original reporting frequency.,core_verified,yes,data/verification/south_dakota_verification_v1.csv,4
SD004,Sioux Falls Somali/refugee media lead,South Dakota,Sioux Falls,,unresolved,unresolved,likely_yes_if_found,unresolved refugee-language media lead,no distinct sustained newsroom verified in first pass,hold_unresolved,,Retain for deeper community-radio/social-video search.,hold_for_review,no,data/verification/south_dakota_verification_v1.csv,5
TN005,Dengê Kurdistan / Voice of Kurdistan,Tennessee,Nashville / Middle Tennessee,https://www.wxnafm.org/announcing-new-show-denge-kurdistan-voice-of-kurdistan/,yes,yes_public_affairs,yes,weekly Kurdish community radio program hosted by WXNA and Kurdish Culture & Music Association,launched Apr. 2026; weekly discussion of Kurdish culture,history,politics and current issues,verified_include_hosted_program,other_review_status,no,data/verification/tennessee_verification_v1.csv,6
TN006,El Crucero de Tennessee,Tennessee,Nashville / Middle Tennessee,,historical_or_unclear,historically_yes,yes,Spanish-language weekly newspaper,local government records document long-running Spanish-language weekly founded in 1999; current 2026 publication not firmly established,pending_verification,https://nashville.legistar.com/LegislationDetail.aspx?GUID=774F56F4-D066-4831-82E4-2D7B6F90400C&ID=5400507&Options=&Search=,Retain pending current publication evidence.,pending_verification,no,data/verification/tennessee_verification_v1.csv,7
TN007,La Prensa Latina,Tennessee,Memphis,,historical_or_unclear,historically_yes,yes,Spanish-language Memphis newspaper,documented in Tennessee public-notice records and media listings; current operation not established in this pass,pending_verification,https://dogvxws799i6n.cloudfront.net/wp-content/uploads/2020-21-CAPER_final-with-appendix.pdf,Retain candidate; avoid treating as active without current evidence.,pending_verification,no,data/verification/tennessee_verification_v1.csv,8
TN003,Latino News Tennessee,Tennessee,Statewide / Middle Tennessee,https://latinonewsoftn.com/,yes,yes_mixed_local_international,yes,Spanish-language digital news outlet,active 2026 site with Tennessee,U.S.,sports and Latin American coverage,verified_include_mixed_format,other_review_status,no,data/verification/tennessee_verification_v1.csv,4
TN001,Memphis Noticias,Tennessee,Memphis / West Tennessee,https://memphisnoticias.com/,yes,yes,yes,independent Spanish-language digital newsroom,active Sept. 2026; explicit mission to serve Memphis Spanish-speaking and immigrant communities; staff/editorial commitments publicly described,verified_include,https://memphisnoticias.com/our-story/,Excellent core immigrant-serving newsroom.,core_verified,yes,data/verification/tennessee_verification_v1.csv,2
TN002,Nashville Noticias,Tennessee,Nashville / Middle Tennessee,https://nashvillenoticias.com/,yes,yes,yes,Spanish-language digital local-news outlet,active Sept. 2026 local Nashville and Tennessee reporting; site identifies Nashville Noticias LLC and Hispanic-community mission,verified_include,https://nashvillenoticias.com/,Strong current local Spanish-language case.,core_verified,yes,data/verification/tennessee_verification_v1.csv,3
TN004,Que Pasa Nashville,Tennessee,Nashville / Middle Tennessee,https://www.newschannel5.com/plus/que-pasa-nashville,yes,yes_public_affairs,yes,hosted Hispanic-community public-affairs program on NewsChannel 5+,current 2026 weekly broadcasts; interviews community leaders and organizations about opportunities and challenges facing Hispanic community,verified_include_hosted_program,https://www.newschannel5.com/plus/que-pasa-nashville,Strong hosted-program case.,core_verified,yes,data/verification/tennessee_verification_v1.csv,5
TX030,African community media Houston candidate,Texas,Houston,,unresolved,unresolved,yes,unresolved African-diaspora media candidate,"Houston ethnic-media ecosystem includes West African outlets, but this placeholder does not identify one distinct organization",hold_unresolved,https://www.houstonchronicle.com/news/houston-texas/article/houston-ethnic-media-outlets-19746037.php,Replace placeholder with named outlet(s) in a dedicated African-diaspora discovery pass.,hold_for_review,no,data/verification/texas_verification_v1.csv,31
TX022,Al Día Dallas,Texas,Dallas-Fort Worth,https://www.dallasnews.com/espanol/al-dia/,yes,yes,yes,Spanish-language newsroom/product within Dallas Morning News,current Spanish-language general and local news; institutional parent visible,verified_include,https://www.dallasnews.com/espanol/al-dia/,Strong network-affiliated comparison case.,core_verified,yes,data/verification/texas_verification_v1.csv,23
TX006,Arab Voices,Texas,Houston,https://www.arabvoices.net/,yes,yes,yes,independent syndicated Arab-American radio talk show,weekly production since 2002; immigration/civil-rights/news agenda; Houston KPFT carriage,verified_include,https://www.arabvoices.net/about.htm,Very strong immigrant/diaspora public-affairs case.,core_verified,yes,data/verification/texas_verification_v1.csv,7
TX019,Dallas Chinese News Network,Texas,Dallas-Fort Worth,https://dcnn.info/,yes,yes,yes,Chinese-language digital/video community news outlet,current 2026 North Texas news; Chinese-language mission; local reporting/video,verified_include,https://dcnn.info/,Strong current Chinese-language digital-media case.,core_verified,yes,data/verification/texas_verification_v1.csv,20
TX028,Dallas Weekly,Texas,Dallas-Fort Worth,https://dallasweekly.com/,yes,yes,partly,Black/African-diaspora community newsroom,current 2026 newsroom; explicitly identifies African diaspora and growing Black immigrant readership,verified_include_comparison,https://dallasweekly.com/about/,Include as a comparison/boundary case rather than core immigrant outlet; diaspora framing is explicit but mission is broader Black community journalism.,core_verified,yes,data/verification/texas_verification_v1.csv,29
TX017,El Editor,Texas,Lubbock / West Texas,https://eleditor.com/,unclear_current_operation,historically_yes,yes,bilingual Hispanic community newspaper,longstanding West Texas Latino newspaper identity; current publication evidence insufficient in this pass,pending_verification,,Retain candidate; verify 2026 activity before inclusion.,pending_verification,no,data/verification/texas_verification_v1.csv,18
TX021,El Hispano News,Texas,Dallas-Fort Worth,,unclear_current_operation,unclear,yes,Spanish-language community publication,"candidate identity supported by Latino-media discovery, but current operation not verified",pending_verification,,Retain candidate pending current website and publication evidence.,pending_verification,no,data/verification/texas_verification_v1.csv,22
TX018,El Mañana de Nuevo Laredo / border audience candidate,Texas,Laredo / border,,yes_publication,yes,yes_border_audience,Mexico-based cross-border Spanish-language newspaper,serves border region but institutional base is outside United States,exclude_non_us_based,,Exclude from U.S.-based sampling frame unless later protocol explicitly permits foreign-based outlets substantially serving U.S. audiences.,other_review_status,no,data/verification/texas_verification_v1.csv,19
TX014,El Mundo Newspaper,Texas,Austin / Central Texas,https://elmundonewspaper.com/,likely_yes,yes,yes,Spanish-language community newspaper,longstanding Austin/San Antonio distribution; Latino readership,verified_include_with_secondary_evidence,https://en.wikipedia.org/wiki/El_Mundo_(Texas),"Eligible, but replace secondary evidence with current outlet institutional page in next pass.",core_verified,yes,data/verification/texas_verification_v1.csv,15
TX011,Houston Community Media,Texas,Houston,https://houstoncommunitymedia.org/,yes,no_as_single_outlet,yes,multilingual ethnic-media network/intermediary,"launched 2022; network of multilingual/multiracial outlets; training, advocacy and collaborative editorial role",classify_intermediary_not_outlet,https://houstoncommunitymedia.org/our-mission/,Do not count as one newsroom outlet. Retain in host/intermediary table because it is analytically important infrastructure.,contextual_noncore,no,data/verification/texas_verification_v1.csv,12
TX029,Houston Forward Times,Texas,Houston,https://forwardtimes.com/,yes,yes,unclear_as_immigrant_serving,Black community newspaper,active historic Black press outlet; no clear sustained immigrant-serving mission identified,comparison_or_exclude_core,https://forwardtimes.com/,Keep outside core immigrant sampling frame unless later evidence shows sustained immigrant/diaspora service.,contextual_noncore,no,data/verification/texas_verification_v1.csv,30
TX027,Houston Vietnamese News candidate,Texas,Houston,,unresolved,unresolved,yes,unresolved Vietnamese print/digital candidate,no distinct outlet established beyond VIETV and known Vietnamese ecosystem,hold_unresolved,,Do not include until a unique current outlet is identified.,hold_for_review,no,data/verification/texas_verification_v1.csv,28
TX008,HUM FM 103.5,Texas,Houston,,yes,yes_mixed_with_entertainment,yes,South Asian multilingual commercial radio station,24/7 English/Urdu/Hindi service; locally owned; community information and media enterprise,verified_include,https://www.houstonchronicle.com/news/houston-texas/article/houston-ethnic-media-outlets-19746037.php,"Eligible, but code journalism/public-affairs share separately from entertainment programming.",core_verified,yes,data/verification/texas_verification_v1.csv,9
TX024,India Herald,Texas,Houston / Sugar Land,https://india-herald.com/,yes,yes,yes,South Asian weekly community newspaper,current 2026 issues; publisher/editor identified; established 1995; weekly publishing,verified_include,https://india-herald.com/,Strong independent South Asian community-paper case.,core_verified,yes,data/verification/texas_verification_v1.csv,25
TX007,Indo American News,Texas,Houston,https://indoamerican-news.com/,yes,yes,yes,South Asian weekly newspaper and radio operation,2026 weekly editions; 45-year publication history; Texas readership; local/global South Asian news,verified_include,https://indoamerican-news.com/about-ian/,"Excellent institutional case with print, web and radio.",core_verified,yes,data/verification/texas_verification_v1.csv,8
TX020,Korea Times Texas,Texas,Dallas-Fort Worth,,likely_yes,yes,yes,Korean-language community newspaper,Texas/Korean community publication identity; current local institutional page not verified,pending_deeper_verification,,Retain as strong candidate pending direct 2026 local evidence.,pending_verification,no,data/verification/texas_verification_v1.csv,21
TX015,La Prensa Texas,Texas,San Antonio,https://www.laprensatexas.com/,yes,yes,yes,Latina-owned bilingual community newspaper,current 2026 weekly editions; ownership; bilingual mission; print/digital distribution,verified_include,https://www.laprensatexas.com/about,Very strong institutional case; current owner and community mission publicly documented.,core_verified,yes,data/verification/texas_verification_v1.csv,16
TX001,La Voz de Denver Harbor,Texas,Houston,https://lavozdedenverharbor.com/,yes,yes,yes,free neighborhood/community newspaper,current 2026 digital issues; named editor/writers; community mission,verified_include,https://lavozdedenverharbor.com/,Strong current local-community case; immigrant-serving intensity should be coded alongside broader Latino neighborhood focus.,core_verified,yes,data/verification/texas_verification_v1.csv,2
TX013,La Voz de Houston,Texas,Houston,https://www.houstonchronicle.com/la-voz/,yes,yes,yes,Spanish-language Houston Chronicle publication,current Spanish local/news product; Hearst/Houston Chronicle institutional support,verified_include,https://www.houstonchronicle.com/la-voz/,Strong network-affiliated comparison case rather than independent immigrant newsroom.,core_verified,yes,data/verification/texas_verification_v1.csv,14
TX009,Masala Radio 98.7 FM,Texas,Sugar Land / Houston,https://masalaradio.com/,yes,yes_mixed_with_entertainment,yes,Indian/South Asian commercial radio station,active 98.7 service; Indian community orientation; news/current-affairs among entertainment programming,verified_include,https://masalaradio.com/,Eligible mixed-format outlet; deeper coding should distinguish news/public-affairs share.,core_verified,yes,data/verification/texas_verification_v1.csv,10
TX025,Pakistan Chronicle,Texas,Houston,,unclear_current_operation,historically_yes,yes,Pakistani community newspaper,City of Houston historical media-publication listing; no strong 2026 publication evidence found,pending_verification,https://311.houstontx.gov/obo/docsandforms/Media_Publication_List.pdf,Keep in candidate registry but do not place in active frame yet.,pending_verification,no,data/verification/texas_verification_v1.csv,26
TX002,Que Onda Magazine,Texas,Houston,https://queondamagazine.com/,yes,yes,yes,family-owned bilingual Hispanic magazine/news network,current 2026 editions; immigrant-founded; print/digital; advertising and newsroom activity,verified_include,https://queondamagazine.com/blog/,Strong immigrant-founded Latino media case.,core_verified,yes,data/verification/texas_verification_v1.csv,3
TX016,San Antonio Hispano News candidate,Texas,San Antonio,,unresolved,unresolved,likely_yes,unresolved Spanish-language media candidate,exact current outlet identity not established,hold_unresolved,,Do not move into active frame until a distinct outlet and current operation are identified.,hold_for_review,no,data/verification/texas_verification_v1.csv,17
TX012,Semana News,Texas,Houston,https://semananews.com/,likely_yes,likely_yes,yes,Spanish-language local/community news outlet,current outlet identity and Houston Latino focus; institutional details need deeper verification,pending_deeper_verification,https://semananews.com/,"Retain; confirm cadence, ownership and active newsroom structure.",pending_verification,no,data/verification/texas_verification_v1.csv,13
TX005,Southern Chinese Daily News,Texas,Houston,https://www.scdaily.com/,yes,yes,yes,Chinese-language daily newspaper within Southern News Group,daily editions; Houston headquarters; multimedia group structure,verified_include,https://www.houcyp.com/,Strong commercial/networked Chinese-language case.,core_verified,yes,data/verification/texas_verification_v1.csv,6
TX023,Texas Latino News,Texas,Statewide,,unresolved,unresolved,likely_yes,unresolved Latino digital-news candidate,exact current outlet identity not reliably established,hold_unresolved,,"Do not include until identity, site and sustained journalism are verified.",hold_for_review,no,data/verification/texas_verification_v1.csv,24
TX003,The Chinese Times,Texas,Houston,https://chinesetimes.info/,likely_yes,likely_yes,yes,Chinese-language community newspaper,identified by Houston ethnic-media reporting; current direct site verification incomplete,pending_deeper_verification,https://www.houstonchronicle.com/news/houston-texas/article/houston-ethnic-media-outlets-19746037.php,Retain as strong candidate; confirm current ownership/staff in institutional-depth pass.,pending_verification,no,data/verification/texas_verification_v1.csv,4
TX004,U.S. Chinese Channel AM1050,Texas,Houston,,yes,yes,yes,Chinese-language radio/news service,Houston Chronicle documents Chinese-language local/global news and emergency information,verified_include_with_secondary_evidence,https://www.houstonchronicle.com/news/houston-texas/article/houston-ethnic-media-outlets-19746037.php,Strong fit; direct institutional website still needed.,core_verified,yes,data/verification/texas_verification_v1.csv,5
TX026,VIETV Network,Texas,Houston,https://vietv.com/,yes,yes,yes,Vietnamese-language television/radio/media network,Houston headquarters; daily news broadcasts; local/national affiliates; Vietnamese audience,verified_include,https://vietv.com/,Very strong networked diaspora-media case.,core_verified,yes,data/verification/texas_verification_v1.csv,27
TX010,Voice of Asia,Texas,Houston,https://voiceofasia.news/,likely_yes,yes,yes,South Asian/Asian community newspaper/digital outlet,longstanding Houston Asian-community news identity; direct current site available,verified_include,https://voiceofasia.news/,Strong community-media candidate; institutional details need deeper pass.,core_verified,yes,data/verification/texas_verification_v1.csv,11
UT003,Avanza 88.3,Utah,Salt Lake City / statewide,https://www.avanzautah.org/,yes,yes_mixed_public_media,yes,bilingual public-radio/community media service within University of Utah public media,"launched in 2024 by University of Utah, PBS Utah and KUER; substantial bilingual community/public-affairs programming",verified_include_mixed_format,https://www.avanzautah.org/nuestra-comunidad/2026-07-01/two-years-in-edgar-zuniga-reflects-on-avanzas-mission,Strong institutional public-media case.,core_verified,yes,data/verification/utah_verification_v1.csv,4
UT005,El Observador de Utah,Utah,Salt Lake City / statewide,,unclear_current_operation,historically_yes,yes,Spanish-language newspaper,well documented from 2010 as major Utah Hispanic publication; current 2026 operation not established,pending_verification,https://www.deseret.com/2011/2/12/20173171/utah-s-largest-hispanic-publication-celebrates-first-year-rapid-growth/,Retain as historical/current-unclear candidate.,pending_verification,no,data/verification/utah_verification_v1.csv,6
UT002,KUER En Español,Utah,Salt Lake City / statewide,https://www.kuer.org/kuer-en-espanol,yes,yes,yes,Spanish-language news product within KUER public radio newsroom,"statewide politics, education and immigration coverage; twice-weekly human review of AI-translated stories",verified_include_hosted_program,https://www.kuer.org/kuer-en-espanol,Important hosted language-access journalism product.,core_verified,yes,data/verification/utah_verification_v1.csv,3
UT004,Punto de Encuentro,Utah,Salt Lake City / statewide,https://www.avanzautah.org/,yes,yes_public_affairs,yes,Spanish-language hosted public-affairs program on Avanza,current 2026 program discussing Latino community and bilingual public media,verified_include_hosted_program,https://www.avanzautah.org/nuestra-comunidad/2026-07-01/two-years-in-edgar-zuniga-reflects-on-avanzas-mission,Count at program level only if program-level cases are retained consistently.,core_verified,yes,data/verification/utah_verification_v1.csv,5
UT006,The Salt Lake Tribune En Español,Utah,Statewide,https://www.sltrib.com/en-espanol/,yes,yes,yes,Spanish-language product within nonprofit statewide newsroom,active 2026 Spanish-language local reporting including immigration and public-service coverage,verified_include_hosted_language_product,https://www.sltrib.com/en-espanol/,Strong network/hosted comparison; parent newsroom is not immigrant-specific.,core_verified,yes,data/verification/utah_verification_v1.csv,7
UT001,Utah Korean Newspaper,Utah,Salt Lake City / statewide,https://koreanutah.blogspot.com/,yes,yes_mixed_news_community,yes,Korean-language monthly community newspaper hosted by Korean American Federation of Utah,digital archive shows monthly issues through Sept. 2026; editor listed; federation-hosted,verified_include_hosted_program,https://koreanutah.blogspot.com/,Strong Korean diaspora case; hosted by community association rather than stand-alone newsroom.,core_verified,yes,data/verification/utah_verification_v1.csv,2
UT007,Utah Latino News / Latino community digital candidate,Utah,Salt Lake City metro,,unresolved,unresolved,likely_yes,unresolved Latino digital outlet candidate,no distinct verified outlet established in this pass,hold_unresolved,,Retain as discovery lead only.,hold_for_review,no,data/verification/utah_verification_v1.csv,8
UT008,Utah Refugee & Immigrant community media programs,Utah,Salt Lake City / statewide,,unresolved,unresolved,yes,program-level discovery lead,no sustained newsroom/program identified with sufficient evidence in this pass,hold_unresolved,,"Useful gap-search target for Arabic, Somali, Swahili, Dari/Pashto and other refugee-language media.",hold_for_review,no,data/verification/utah_verification_v1.csv,9
VT005,Independent Vermont Latino newsroom lead,Vermont,Burlington / Winooski / statewide,,unresolved,unresolved,likely_yes_if_found,unresolved independent Latino-media lead,first-pass search did not firmly verify a distinct independent immigrant-serving newsroom,hold_unresolved,,Do not infer absence; retain for deeper directory/community search.,hold_for_review,no,data/verification/vermont_verification_v1.csv,6
VT001,"Many Voices, One Vermont",Vermont,Burlington / statewide,https://993wbtv.org/,yes,yes_current_affairs,yes,hosted community-radio current-affairs program on WBTV-LP,"launched 2026; Sundays 1:00–1:30 PM; produced with CVRAN, USCRI Vermont, VAAP and partners; centers refugee, asylum-seeker and newcomer voices",verified_include_hosted_program,https://cvran.org/2026/06/29/tune-into-many-voices-one-vermont-sundays-at-1pm/,Strong hosted newcomer/refugee media case.,core_verified,yes,data/verification/vermont_verification_v1.csv,2
VT004,Migrant Justice / Justicia Migrante media-information infrastructure,Vermont,Statewide,https://migrantjustice.net/es,yes,no_independent_journalism,yes,worker-led immigrant rights organization with bilingual information channels,"publishes Spanish-language campaign updates, press resources and community information but is not a newsroom",classify_information_infrastructure_not_outlet,https://migrantjustice.net/es,Useful community information intermediary; exclude from core outlet count.,contextual_noncore,no,data/verification/vermont_verification_v1.csv,5
VT003,Seven Days Spanish-translated immigration reporting,Vermont,Statewide,https://www.sevendaysvt.com/,yes,yes_parent,partly_language_access,general independent local newsroom with translated immigration stories,publisher documents professional Spanish translation of selected immigration reporting in 2026,comparison_or_hosted_language_practice,https://www.sevendaysvt.com/news/fromthepublisher/from-the-publisher-eyes-on-immigration/,Not immigrant-serving by primary mission; useful comparison for language-access practice.,contextual_noncore,no,data/verification/vermont_verification_v1.csv,4
VT002,Vermont Public Spanish-language radio hour,Vermont,Statewide,https://www.vermontpublic.org/,announced_current,unclear_program_structure,yes_language_service,Spanish-language hosted radio product within Vermont Public,"Vermont Public reported a new Spanish-language radio hour beginning in Sept. 2026, but first-pass search did not establish program title, cadence or editorial structure",pending_deeper_verification,https://www.vermontpublic.org/podcast/the-frequency-daily-vermont-news/2026-09-17/layoffs-a-new-spanish-language-radio-hour-and-poetry,Retain pending exact program identity and schedule.,pending_verification,no,data/verification/vermont_verification_v1.csv,3
WA015,Actitud Latina,Washington,Seattle,,unclear_current_operation,likely_yes,yes,Spanish-language educational/informational television/media program,community-media directory; longstanding local-government interview activity,pending_verification,https://echox.org/directory/actitud-latina/,"Likely eligible as an informational program, but current production cadence should be verified.",pending_verification,no,data/verification/washington_verification_v1.csv,16
WA016,Crossings TV Seattle service,Washington,Seattle / statewide,https://www.crossingstv.com/,yes,yes,yes,multilingual Asian television network serving Seattle market,multilingual news/information; multi-market service; immigrant-language audiences,verified_include,https://www.crossingstv.com/,Eligible as a regional/networked comparison case rather than a Seattle-based newsroom.,core_verified,yes,data/verification/washington_verification_v1.csv,17
WA014,El Mundo Seattle,Washington,Seattle,,unclear_current_operation,historically_yes,yes,Spanish-language community media,Seattle Votes partner-media listing documents outlet role,pending_verification,https://www.cityofseattle.org/immigrant-and-refugee/issues-and-policies/voting-data,Retain candidate; need current direct outlet evidence.,pending_verification,no,data/verification/washington_verification_v1.csv,15
WA017,Ethiopian Community Media Association,Washington,Seattle,,unclear,unclear,yes,Ethiopian community media organization,directory/discovery evidence only,pending_verification,,Do not include yet; current journalism output and institutional form need direct verification.,pending_verification,no,data/verification/washington_verification_v1.csv,18
WA011,Filipino American Herald,Washington,Seattle / Pacific Northwest,,unclear_current_operation,unclear,yes,Filipino community newspaper,Washington public directories identify outlet and Pacific Northwest range; historical publication well documented,pending_verification,https://capaa.wa.gov/sites/default/files/2024-01/CAPAA-Report-Whitman-County.pdf,Keep candidate. Need stronger current publication evidence before final active-frame inclusion.,pending_verification,no,data/verification/washington_verification_v1.csv,12
WA001,International Examiner,Washington,Seattle,https://iexaminer.org/,yes,yes,yes,501(c)(3) nonprofit pan-Asian community newsroom,board; staff; 990; distribution; current publishing schedule,verified_include,https://iexaminer.org/about/,Very strong institutional case; explicit nonprofit governance and current staff structure.,core_verified,yes,data/verification/washington_verification_v1.csv,2
WA009,Korea Daily Seattle,Washington,Seattle,,likely_yes,yes,yes,Korean-language community news outlet,listed by Seattle civic-engagement media partners; Seattle market presence,verified_include_with_directory_evidence,https://www.cityofseattle.org/immigrant-and-refugee/issues-and-policies/voting-data,"Eligible, but direct current local-site and ownership verification should be added in a later institutional-depth pass.",core_verified,yes,data/verification/washington_verification_v1.csv,10
WA010,Korea Times Seattle,Washington,Seattle,,likely_yes,yes,yes,Korean-language community newspaper,listed in current Seattle newspaper directories; Seattle edition identity,verified_include_with_directory_evidence,https://www.w3newspapers.com/usa/washington/seattle/,Eligible; direct local institutional page still needs deeper verification.,core_verified,yes,data/verification/washington_verification_v1.csv,11
WA013,La Raza del Noroeste,Washington,Seattle / Puget Sound,https://www.larazanw.com/,yes,yes,yes,Spanish-language commercial community publication; Black Press/Sound Publishing network,publisher; advertising structure; local coverage; Spanish-language mission; corporate affiliation,verified_include,https://www.larazanw.com/advertising/,Strong network-affiliated comparison case.,core_verified,yes,data/verification/washington_verification_v1.csv,14
WA002,Northwest Asian Weekly,Washington,Seattle,https://nwasianweekly.com/,yes,yes,yes,Asian American digital community newspaper,active digital publication; new ownership since 2024; community mission,verified_include,https://nwasianweekly.com/about/,Strong fit. Print ended in 2023 but online publication remains active.,core_verified,yes,data/verification/washington_verification_v1.csv,3
WA005,Northwest Vietnamese News,Washington,Seattle / Newcastle,https://nvnorthwest.com/,yes,yes,yes,Vietnamese community newspaper; independent branch of Nguoi Viet Daily,CEO; editor; assistant editor; family management; TV reporting; community history,verified_include,https://nvnorthwest.com/about/,Excellent fit and strong institutional-detail case.,core_verified,yes,data/verification/washington_verification_v1.csv,6
WA012,One Philippines,Washington,Seattle / statewide,,unclear_current_operation,unclear,yes,Filipino community newspaper,"Washington public directory lists outlet, address, statewide range",pending_verification,https://capaa.wa.gov/sites/default/files/2024-01/CAPAA-Report-Whitman-County.pdf,Retain candidate; current website/activity not independently confirmed.,pending_verification,no,data/verification/washington_verification_v1.csv,13
WA007,Runta News,Washington,Seattle / Northwest,https://runtanews.com/,yes,yes,yes,Somali/African/Muslim multimedia community outlet,publisher/chief editor; managing editor; current local/community coverage; multimedia operation,verified_include,https://runtanews.com/about-us/,Very strong immigrant-serving fit.,core_verified,yes,data/verification/washington_verification_v1.csv,8
WA003,Seattle Chinese Post,Washington,Seattle,https://seattlechinesepost.com/,yes,yes,yes,Chinese-language digital community publication hosted by nonprofit,current 2026 posts; revived under Asia Pacific Cultural Center after 2023 transfer,verified_include,https://seattlechinesepost.com/,Strong hosted-media case; institutional change should be coded at host-organization level.,core_verified,yes,data/verification/washington_verification_v1.csv,4
WA019,Seattle Chinese Radio,Washington,Seattle,,unclear_current_operation,unclear,yes,Chinese-language radio outlet,City of Seattle listed outlet in ethnic/minority media funding program,pending_verification,https://frontporch.seattle.gov/2020/01/24/city-of-seattle-announces-first-ever-census-ethnic-and-minority-media-fund-awards/,"Candidate identity is clear, but current 2026 operation and news/public-affairs share need verification.",pending_verification,no,data/verification/washington_verification_v1.csv,20
WA004,Seattle Chinese Times,Washington,Seattle,https://seattlechinesetimes.com/,yes,yes,yes,Chinese-language/bilingual community news outlet,current 2026 local/community/election coverage,verified_include,https://seattlechinesetimes.com/,Strong current community-news case.,core_verified,yes,data/verification/washington_verification_v1.csv,5
WA018,Seattle Korean Weekly,Washington,Seattle,,unclear_current_operation,unclear,yes,Korean community media outlet,City of Seattle listed as ethnic/minority media award recipient in 2020,pending_verification,https://frontporch.seattle.gov/2020/01/24/city-of-seattle-announces-first-ever-census-ethnic-and-minority-media-fund-awards/,Historical/current gap remains. Keep candidate until direct 2026 evidence is found.,pending_verification,no,data/verification/washington_verification_v1.csv,19
WA006,Seattle Viet Times,Washington,Mill Creek / Greater Seattle,,likely_yes,yes,yes,Vietnamese weekly community newspaper,listed in current community-media directories; contact and journalism category visible,verified_include_with_directory_evidence,https://echox.org/directory/seattle-viet-times/,Current outlet identity supported by community-media directory; direct website not identified in this pass.,core_verified,yes,data/verification/washington_verification_v1.csv,7
WA020,Somali community radio Seattle candidate,Washington,Seattle,,unresolved,unresolved,likely_yes,unresolved Somali broadcast candidate,no unique outlet identity established beyond Runta and known Somali media ecosystem,hold_unresolved,,Do not promote to active frame until a distinct current outlet is identified.,hold_for_review,no,data/verification/washington_verification_v1.csv,21
WA008,The North American Post,Washington,Seattle,https://napost.com/,yes,yes,yes,Japanese-English community newspaper; minority-owned publisher,corporate overview; bilingual mission; circulation; publishing schedule; nonprofit archival arm,verified_include,https://napost.com/about/,Strong institutional-variation case; serves Japanese Americans and newly arriving Japanese natives.,core_verified,yes,data/verification/washington_verification_v1.csv,9
WV002,Charleston Gazette-Mail Spanish-language content,West Virginia,Charleston / statewide,https://www.wvgazettemail.com/,yes,yes,no_primary_mission,mainstream local/state newspaper with some Spanish-language content,"current media directories list Spanish among languages, but institutional mission is general West Virginia news",exclude_current_definition,https://muckrack.com/media-outlet/wvgazettemail,Boundary comparison only; direct Spanish vertical not established.,other_review_status,no,data/verification/west_virginia_verification_v1.csv,3
WV003,Nuevos Comienzos information network,West Virginia,Parkersburg / Wood County,,yes_program,no_independent_journalism,yes,immigrant-support ministry/community information network,"2026 reporting documents Spanish-speaking immigrant support, translation and integration services",classify_information_infrastructure_not_outlet,https://www.wvumc.org/news-detail/a-ministry-that-builds-new-beginnings-for-immigrants-in-west-virginia-19838662,"Useful immigrant information infrastructure, not journalism outlet.",contextual_noncore,no,data/verification/west_virginia_verification_v1.csv,4
WV004,West Virginia immigrant/refugee community media lead,West Virginia,Charleston / Morgantown / Parkersburg,,unresolved,unresolved,likely_yes_if_found,unresolved refugee/diaspora media lead,no distinct sustained immigrant/refugee newsroom verified in first pass,hold_unresolved,,"Retain for deeper community-radio, church/community bulletin and social-video search.",hold_for_review,no,data/verification/west_virginia_verification_v1.csv,5
WV001,West Virginia Latino/Spanish newsroom lead,West Virginia,Charleston / statewide,,unresolved,unresolved,likely_yes_if_found,unresolved Latino-media lead,systematic first-pass searches did not identify a distinct current West Virginia-based immigrant-serving Spanish-language newsroom,hold_unresolved,,"State should be coded as no qualifying outlet identified after first-pass search, not as having no outlets.",hold_for_review,no,data/verification/west_virginia_verification_v1.csv,2
WI003,El Conquistador Latino Newspaper,Wisconsin,Milwaukee,https://www.mkenews.com/,yes,yes,yes,Spanish-language Latino newspaper/digital outlet,active 2026 news and events; Milwaukee focus,verified_include,https://www.mkenews.com/,Strong current Latino community outlet.,core_verified,yes,data/verification/wisconsin_verification_v1.csv,4
WI014,El Hispano Wisconsin,Wisconsin,,,unresolved,unresolved,likely_yes,unresolved Spanish-language outlet candidate,exact Wisconsin operation not identified in this pass,hold_unresolved,,Retain candidate until a distinct current outlet is established.,hold_for_review,no,data/verification/wisconsin_verification_v1.csv,15
WI007,Hmong Community Journal,Wisconsin,,,unresolved,unresolved,likely_yes,unresolved Hmong publication candidate,no distinct current outlet identity established in this pass,hold_unresolved,,Retain candidate only until exact organization/site/current activity are verified.,hold_for_review,no,data/verification/wisconsin_verification_v1.csv,8
WI008,Hmong Times Wisconsin,Wisconsin,,,unresolved,unresolved,likely_yes,possible Hmong publication/edition,no clear distinct Wisconsin operation identified,hold_identity_resolution,,Avoid conflating with Minnesota-based Hmong Times without direct evidence of Wisconsin edition.,hold_for_review,no,data/verification/wisconsin_verification_v1.csv,9
WI001,La Comunidad News Online,Wisconsin,Madison,https://wisconsinlcnews.com/,yes,yes,yes,Spanish-language digital/community newspaper,active Sept. 2026 local reporting; interviews and community news; Madison focus,verified_include,https://wisconsinlcnews.com/,Strong current Latino-community news case.,core_verified,yes,data/verification/wisconsin_verification_v1.csv,2
WI006,La Movida Radio,Wisconsin,Madison,https://www.lamovidaradio.com/,yes,mixed_news_entertainment,yes,Spanish-language commercial/community radio,24/7 Spanish service; explicitly aims to entertain and inform; close ties to Madison Latino organizations,verified_include_mixed_format,https://www.lamovidaradio.com/quienes-somos/,Eligible mixed-format case; code journalism/public-affairs share separately.,core_verified,yes,data/verification/wisconsin_verification_v1.csv,7
WI009,Nyob Zoo Milwaukee TV,Wisconsin,Milwaukee,,historical_to_recent,yes,yes,Hmong-language TV news/community program,documented as Wisconsin's Hmong TV news program; later health/community collaborations continue beyond launch,verified_include_with_secondary_evidence,https://milwaukeenns.org/2017/10/23/hmong-community-members-praise-tv-show-highlighting-invisible-community/,Important Hmong program-level case; direct 2026 schedule/current ownership should be checked in deeper pass.,core_verified,yes,data/verification/wisconsin_verification_v1.csv,10
WI005,Spanish Journal Network,Wisconsin,Milwaukee,https://www.spanishjournal.com/,yes,yes,yes,bilingual/Spanish community newspaper and digital outlet,active Sept. 2026 Wisconsin and Milwaukee news; immigration and Latino-community coverage,verified_include,https://www.spanishjournal.com/,Strong current immigrant-serving/Latino-community case.,core_verified,yes,data/verification/wisconsin_verification_v1.csv,6
WI002,Suab Hmong News,Wisconsin,Milwaukee,https://suabhmongnews.com/,likely_yes,yes,yes,Hmong community TV/news operation,CUNY profile documents original reporting for Hmong immigrants and community storytelling,verified_include_with_secondary_evidence,https://immigrantmediareport.journalism.cuny.edu/suab-hmong-news/,Strong Hmong immigrant-media case; direct 2026 site/institutional details need deeper coding.,core_verified,yes,data/verification/wisconsin_verification_v1.csv,3
WI004,Wisconsin Latino News,Wisconsin,Statewide,https://wilatinonews.com/,unclear_current_operation,unclear,yes,Latino-focused statewide digital outlet,candidate identity known but strong current 2026 activity not established in this pass,pending_verification,https://wilatinonews.com/,Retain candidate; verify current publication cadence and ownership.,pending_verification,no,data/verification/wisconsin_verification_v1.csv,5
WI013,Wisconsin Muslim Journal,Wisconsin,Milwaukee,https://wisconsinmuslimjournal.org/,yes,yes,yes,independent online Muslim community newspaper published by Milwaukee Muslim Women's Coalition,launched 2018; current Sept. 2026 semiweekly reporting; explicit Wisconsin Muslim-community news mission,verified_include,https://wisconsinmuslimjournal.org/about/,Strong community/diaspora-relevant case; broader Muslim community focus includes immigrant/refugee populations.,core_verified,yes,data/verification/wisconsin_verification_v1.csv,14
WI012,WJYI Hmong Radio,Wisconsin,Milwaukee,,unresolved,unresolved,likely_yes,unresolved Hmong radio candidate,no reliable current 2026 station/program identity established,hold_unresolved,,Retain candidate pending exact call sign/ownership/program verification.,hold_for_review,no,data/verification/wisconsin_verification_v1.csv,13
WI010,WNRB-LP Hmong Radio,Wisconsin,Wausau,,yes_station_listing,unclear_news_share,yes,community radio licensed to Wausau Area Hmong Mutual Association,current station listing confirms community-radio operation and Hmong organizational ownership,pending_deeper_verification,https://en.wikipedia.org/wiki/List_of_radio_stations_in_Wisconsin,Retain; verify current programming schedule and journalism/public-affairs content.,pending_verification,no,data/verification/wisconsin_verification_v1.csv,11
WI011,WORT Hmong Radio,Wisconsin,Madison,https://www.wortfm.org/,yes_host_station,unclear_program_current,yes_at_program_level,community-radio host with Hmong programming candidate,WORT remains active community radio with news/public-affairs infrastructure; exact current Hmong program needs verification,pending_deeper_verification,https://wortcast01.wortfm.org/,Do not count a Hmong program until its current identity/schedule are confirmed.,pending_verification,no,data/verification/wisconsin_verification_v1.csv,12
WY004,Independent Spanish-language newsroom gap lead,Wyoming,Statewide,,not_identified,not_identified,likely_if_found,gap-search lead,statewide media ecosystem assessment says there is no consistent statewide source of Spanish-language local news and identifies TODO TV as resource-constrained exception,hold_unresolved,https://www.theimpactarchitects.com/blog/breaking-down-wyomings-local-news-landscape-key-insights-from-the-state-s-first-media-ecosystem,Documented gap; do not infer complete absence.,hold_for_review,no,data/verification/wyoming_verification_v1.csv,5
WY002,KHOL En Español,Wyoming,Jackson / Teton County,https://891khol.org/espanol/,yes,yes_selected_reporting,yes_language_service,Spanish-language reporting within nonprofit community radio newsroom,KHOL maintains En Español archive and has produced original Spanish-language immigration and community reporting,verified_include_hosted_language_product,https://891khol.org/espanol/,Hosted language-access journalism product; parent newsroom is general-interest.,core_verified,yes,data/verification/wyoming_verification_v1.csv,3
WY003,La Nueva 1340 KSGT,Wyoming,Jackson / Teton County,,yes_station,unclear_original_journalism,yes_language_target,Regional Mexican Spanish-language commercial radio station,2026 ownership/operations report confirms active Spanish-language format but first pass did not establish sustained original local news,comparison_or_media_infrastructure,https://onthedial.net/2026/09/svi-media-crosses-the-mountain-and-takes-the-controls-in-jackson-hole/,Do not count as core journalism outlet until news/public-affairs production is established.,contextual_noncore,no,data/verification/wyoming_verification_v1.csv,4
WY001,TODO TV / Prisma TV,Wyoming,Jackson / Teton County,https://todotvisn.com/,yes_current_streaming,yes,yes,independent Spanish-language local video/streaming newsroom,launched 2023 with local newscasts; by June 2026 former broadcast license abandoned and Spanish-language service continues via streaming as Prisma TV/TODO TV-branded social news,verified_include,https://891khol.org/spanish-language-news-gets-streaming-makeover/,Treat as organizational/platform transition rather than outlet death.,core_verified,yes,data/verification/wyoming_verification_v1.csv,2
